"Data Source","World Development Indicators",

"Last Updated Date","2021-07-30",

"Country Name","Country Code","Indicator Name","Indicator Code","1960","1961","1962","1963","1964","1965","1966","1967","1968","1969","1970","1971","1972","1973","1974","1975","1976","1977","1978","1979","1980","1981","1982","1983","1984","1985","1986","1987","1988","1989","1990","1991","1992","1993","1994","1995","1996","1997","1998","1999","2000","2001","2002","2003","2004","2005","2006","2007","2008","2009","2010","2011","2012","2013","2014","2015","2016","2017","2018","2019","2020",
"Aruba","ABW","Aquaculture production (metric tons)","ER.FSH.AQUA.MT","","","","","","","","","","","","","","","","","","","","","","","","","","","","","","","","","","","","","","","","","","","","","","","","","","","","2","","0","0","0","0","0","0","","",
"Africa Eastern and Southern","AFE","Aquaculture production (metric tons)","ER.FSH.AQUA.MT","380","410","360","380","430","399","370","360","317","293","240","220","172","192","203","219","247","261","334","402","460","533","677","939","1605","2188","3204","4012","4776","7349","9727","11788","14842","15150","16882","17755","17666","22692","19730","22207","24349","28099","38364","45873","42220","47453.1500015259","75908.7000007629","97740.7000007629","99535.8499755859","122165.001529694","154328.24010849","160086.562915802","181634.530700684","198789.889537811","218317.730249025","232683.830957033","236261.783691406","247566.37081299","227738.267120361","","",
"Afghanistan","AFG","Aquaculture production (metric tons)","ER.FSH.AQUA.MT","","","","","","","","","","60","60","60","60","60","60","60","170","170","170","170","170","170","170","170","170","170","170","170","170","170","300","300","300","300","300","300","300","300","300","300","300","450","450","450","450","450","450","1050","1050","1650","2250","2850","3480","4110","4760","5450","6150","7000","7950","","",
"Africa Western and Central","AFW","Aquaculture production (metric tons)","ER.FSH.AQUA.MT","2005","2173","2361","2547","2730","2904","3088","3275","3454","3659","4003","4215","4525","4775","4909","5130","5402","5748","5999","6234","6588","6878","7250","7618","7827","8933","6572","7103","11857","26943","8425","16565","18654","18757","16440","18244","21783","25696","23779","26917","32940","32564","39341","34395","47659","60807","90503","92580","153013","164724","216749.599998474","248207.865005493","289089.799987793","321236.849975586","363206","377258.16015625","378600.630065918","372724.260192871","388010.736694336","","",
"Angola","AGO","Aquaculture production (metric tons)","ER.FSH.AQUA.MT","","","","","","","","","","","","","","","","","","","","","","","","","","","","","","","","","","","","","","","","","5","11","51","72","92","126","156","190","190","260","310","310","310","57","305","872","655","1339","1752","","",
"Albania","ALB","Aquaculture production (metric tons)","ER.FSH.AQUA.MT","0","0","0","0","0","0","0","0","0","0","0","0","0","3","45","85","123","164","193","260","339","455","699","1162","1197","1208","2165","2368","3732","2604","4961","859","397","389","395","340","323","97","124","310","307","286","860","1473","1569","1473","2057","2092","2000","2317","2520","2345","3450","3700","4000","3495","4750","4430","6258","","",
"Andorra","AND","Aquaculture production (metric tons)","ER.FSH.AQUA.MT","","","","","","","","","","","","","","","","","","","","","","","","","","","","","","","","","","","","","","","","","","","","","","","","","","","","","","","","","","","","","",
"Arab World","ARB","Aquaculture production (metric tons)","ER.FSH.AQUA.MT","4600","5200","5200","6000","7000","6200","5904","5610","5617","5928","6046","7145","8556","10067","10873","11396","13900","16233","18554","20830","23325","25837","29390","30877","34269","49929","53736","54769","62285","69066","70522","70649","78320","65086","70944","87973","109249","105662","165476","246418","360829","364763","398297","476490","514596.400024414","590726","643697","688762.400390625","756349.131011963","771541.481544495","987749.048938513","1042809.19401956","1084322.22695303","1150420.88110352","1215108.08289433","1259349.98999023","1471832.37186623","1580578.25801086","1706436.3253479","","",
"United Arab Emirates","ARE","Aquaculture production (metric tons)","ER.FSH.AQUA.MT","0","0","0","0","0","0","0","0","0","0","0","0","0","0","0","0","0","0","0","0","0","0","0","0","7","7","7","9","6","2","0","0","0","0","0","0","0","0","0","0","0","0","0","2300","570","590","610","644","1343","130","198","415","420","780","788","790","2684.89990234375","3255","3350","","",
"Argentina","ARG","Aquaculture production (metric tons)","ER.FSH.AQUA.MT","0","0","1","2","4","5","5","8","11","15","19","23","27","31","36","42","49","57","67","78","90","105","123","143","150","270","270","353","353","300","300","350","402","707","763","1474","1322","1314","1040","1218","1784","1340","1457","1647","1848","2057","2528","2957","2700","2582.94995117188","2654.34985351563","3193.25","2958.42016601563","3825.11987304688","4002.7099609375","3662.65014648438","3673.48486328125","3567.76000976563","3205.31005859375","","",
"Armenia","ARM","Aquaculture production (metric tons)","ER.FSH.AQUA.MT","","","","","","","","","","","","","","","","","","","","","","","","","","","","","4598","4604","5057","2637","2565","2250","1570","1120","650","670","437","889","893","1331","1020","1064","813","739","1056","3650","5100","5240","5000","6300","8850","11700","13925","15130","16381","16690","17000","","",
"American Samoa","ASM","Aquaculture production (metric tons)","ER.FSH.AQUA.MT","","","","","","","","","","","","","","","","","","","","","","","","","","","","","","","","5","5","5","5","5","5","5","5","5","5","10","10","10","10","10","18","18","18","18","18","20","20","20","20","20","20","20","20","","",
"Antigua and Barbuda","ATG","Aquaculture production (metric tons)","ER.FSH.AQUA.MT","","","","","","","","","","","","","","","","","","","","","","","","","","","","","","","","","","","","","","","","","","","","","","","","","","","","4","10","11","13","10","10","10","10","","",
"Australia","AUS","Aquaculture production (metric tons)","ER.FSH.AQUA.MT","5700","6500","5800","5900","5800","6600","6800","7300","7500","7500","7021","9800","10400","9200","10484","9204","10439","11126","10236","8702","8994","9185","8841","9056","8785","9534","9083","9660","13080","13685","12401","14327","16422","18359","19129","22395","25323","26543","24570","29189","31746","35403","38566","38793","44142","42787","49376","55799","58911.69921875","70121.8515625","73827.2265625","73126.5390625","78992.1015625","76416.890625","73677.609375","83725.2109375","92449.890625","89824.921875","96798.5234375","","",
"Austria","AUT","Aquaculture production (metric tons)","ER.FSH.AQUA.MT","650","660","670","600","680","730","750","790","740","800","870","960","1080","1300","1220","1200","1390","1600","2900","3400","3200","3200","3100","3600","4000","4100","4060","4000","4500","4450","3126","3135","3140","3140","3103","2918","2949","3018","2909","3067","2847","2393","2333","2233","2267","2420","2503","2539","2087","2141","2167","2904.30004882813","3125.5","3237","3390.30004882813","3503.39990234375","3483.39990234375","3861.60009765625","3990.60009765625","","",
"Azerbaijan","AZE","Aquaculture production (metric tons)","ER.FSH.AQUA.MT","","","","","","","","","","","","","","","","","","","","","","","","","","","","","1656","1621","1216","2176","1690","1201","1038","516","419","364","211","216","140","95","80","130","350","500","600","900","1000","1000","1000","517","366.100006103516","325","305","561","640","695","478","","",
"Burundi","BDI","Aquaculture production (metric tons)","ER.FSH.AQUA.MT","","","","","","","","","","","","","","","","","","","","","","","","","2","2","21","25","24","25","30","50","50","50","50","50","50","50","50","50","50","50","50","50","50","50","50","50","50","50","17.2999992370605","61.7000007629395","160.399993896484","385","805","1326","1400","1470","1550","","",
"Belgium","BEL","Aquaculture production (metric tons)","ER.FSH.AQUA.MT","","","","","","","","","","","","","","","","4","7","12","20","32","90","147","203","255","310","440","530","600","700","735","675","846","846","846","846","846","946","846","846","1597","1871","1830","1834","1261","739","414","128","128","126","576","539","101","277","212","214","82","44","75","111","","",
"Benin","BEN","Aquaculture production (metric tons)","ER.FSH.AQUA.MT","","","","","","","","","","","","","","","","","","","","","","","","","15","11","15","14","80","","","","","","","","","","","","","","7","7","7","350","415","178","213","308","364","400","500","667","1425","4459.66015625","4207","4529.66015625","5114.13671875","","",
"Burkina Faso","BFA","Aquaculture production (metric tons)","ER.FSH.AQUA.MT","","","","","","","","","","","0","0","0","0","0","0","0","0","0","0","0","0","0","114","74","33","30","26","7","6","6","5","5","0","0","0","30","45","40","25","5","5","5","5","5","65","250","348","475","275","280","300","302","320","301","280","440","512","548","","",
"Bangladesh","BGD","Aquaculture production (metric tons)","ER.FSH.AQUA.MT","49237","50569","51944","53362","54824","58030","57897","59519","59460","62927","64716","68080","68508","70525","70970","73340","77063","77230","82760","87360","91030","96780","101630","107000","117025","123811","144723","166100","175925","183505","192592","210993","226863","237743","264190","317073","379087","485864","574812","593202","657120","712640","786604","856956","914752","882091","892049","945812","1005542","1064285","1308515","1523759","1726066","1859808","1956925","2060408","2203554","2333352","2405416","","",
"Bulgaria","BGR","Aquaculture production (metric tons)","ER.FSH.AQUA.MT","900","900","1000","800","4100","5100","4400","6800","5900","5800","5600","5300","4600","4900","5800","6188","6250","8134","7767","10042","11500","12720","14636","12919","14571","10560","12138","12647","12141","11615","7849","7798","8132","7897","6100","4615","4727","5437","4252","7780","3654","2938","2308","4465","2489","3145","3257","4032","5157","6722.5380859375","7920.6171875","5527.1748046875","5975.06005859375","12151.650390625","11171.794921875","13536.548828125","15762.1591796875","15752.154296875","16341.82421875","","",
"Bahrain","BHR","Aquaculture production (metric tons)","ER.FSH.AQUA.MT","0","0","0","0","0","0","0","0","0","0","0","0","0","0","0","0","0","0","0","0","0","0","0","0","0","0","0","0","0","0","0","0","0","0","0","4","3","0","1","3","12","0","3","4","8","3","2","1","2","2","3.18700003623962","3.42400002479553","1.72499990463257","0","5.71000003814697","0","14.2119998931885","","","","",
"Bahamas, The","BHS","Aquaculture production (metric tons)","ER.FSH.AQUA.MT","0","0","0","0","0","0","0","0","0","0","0","0","0","0","0","0","0","0","0","0","0","0","0","0","10","42","42","37","51","69","49","6","10","8","4","24","1","1","1","1","2","13","25","52","30","85","52","30","20","17","1","1","1","1","9.35000038146973","9.32999992370605","9","6","6.84000015258789","","",
"Bosnia and Herzegovina","BIH","Aquaculture production (metric tons)","ER.FSH.AQUA.MT","","","","","","","","","","","","","","","","","","","","","","","","","","","","","","","","","","","","","","","","","","","4685","6635","6394","7070","7621","7442","7589","7620","7620","4970.2001953125","3638.30004882813","2923.5","3397","4450.60009765625","4563.60009765625","3760.39990234375","3638.80004882813","","",
"Belarus","BLR","Aquaculture production (metric tons)","ER.FSH.AQUA.MT","","","","","","","","","","","","","","","","","","","","","","","","","","","","","16152","17817","16638","14750","8415","7018","6934","5463","6038","4322","4727","4824","6716","4666","6523","5393","4150","5648","8406","14091","14636","15659","16265","16293","15499","13548","10658","9130.900390625","11199","10353.5","11580.900390625","","",
"Belize","BLZ","Aquaculture production (metric tons)","ER.FSH.AQUA.MT","","","","","","","","","","","","","","","","","","","","","","","","","0","0","23","0","0","542","99","158","301","602","656","950","1004","1397","1642","3163","3630","4460","4400","10160","11426","11078","7624","3172","4528","5725","7410.7001953125","5102","5879.60009765625","7150","7212.76025390625","4203","1148","563","563","","",
"Bermuda","BMU","Aquaculture production (metric tons)","ER.FSH.AQUA.MT","","","","","","","","","","","","","","","","","","","","","","","","","","","","","","","","","","","","","","","","","","","","","","","","","","","","","","","","","","","","","",
"Bolivia","BOL","Aquaculture production (metric tons)","ER.FSH.AQUA.MT","","","","","","","","","","","","","","","","","","","","","","","","","","","","45","95","348","515","200","266","649","617","616","380","387","385","398","405","320","418","375","450","430","455","585","631","775","856","966","1060","1076","1400","2987.5","3250","3500","3500","","",
"Brazil","BRA","Aquaculture production (metric tons)","ER.FSH.AQUA.MT","0","0","0","0","0","0","0","0","0","10","19","27","50","93","158","286","433","780","1132","1687","3737","5794","7586","9168","10700","10873","10990","13140","15559","18170","20490","23390","29820","30390","30915","46202","77690","87676","103915","140657","172450","205568","247678","273268","269699","257784","271697","289048","331553","365127","411777","436084","480880","477752","564230","575230","590730","595730","605730","","",
"Barbados","BRB","Aquaculture production (metric tons)","ER.FSH.AQUA.MT","","","","","","","","","","","","","","","","","","","","","","","","","","","","","","","","","","","","","","","","","","","","","","","2","2","2","2","2","10.5","10.5","14.5","20.5","20.5","25.5","25.5","25.5","","",
"Brunei Darussalam","BRN","Aquaculture production (metric tons)","ER.FSH.AQUA.MT","","","","","","","","","","","","","","","","","","","","","","","","","","","0","2","2","2","6","1","17","36","72","103","119","157","172","194","113","99","157","160","709","454","475","622","473","433","499.980010986328","530","550","560.849975585938","711.070007324219","983.140014648438","947.630004882813","1632","1116.48706054688","","",
"Bhutan","BTN","Aquaculture production (metric tons)","ER.FSH.AQUA.MT","","","","","","","","","","","","","","","","","","","","","","","","","","","","","15","12","31","35","35","30","30","30","30","30","30","30","30","30","30","30","40","40","40","40","46","46","46","75","78.3399963378906","69.8000030517578","139","149","185","222","223.619995117188","","",
"Botswana","BWA","Aquaculture production (metric tons)","ER.FSH.AQUA.MT","","","","","","","","","","","","","","","","","","","","","","","","","","","","","","","","","","","","","","","","","","","","","","","","","","","","","","","","20","15","15","15","","",
"Central African Republic","CAF","Aquaculture production (metric tons)","ER.FSH.AQUA.MT","","","","","","","","","","","0","0","0","0","0","5","15","30","47","64","80","94","111","128","309","288","193","88","79","82","105","105","338","301","255","210","150","80","80","117","120","125","125","125","125","125","140","140","140","140","170","170","182","180","180","180","190","190","190","","",
"Canada","CAN","Aquaculture production (metric tons)","ER.FSH.AQUA.MT","2975","2990","3100","3215","3230","3242","3258","3275","3394","3405","3591","3893","4561","5333","4583","4129","3943","3897","4038","3458","3566","4074","3421","4289","7720","8798","12678","16890","23622","32451","41216","48068","45386","52442","55430","65207","72376","81676","91046","112916","127665","153046","172046","167798","145018","154587","171629","152486","155549","155928","162341","169706","184910","168015","139732","187374","200765","191616","191323","","",
"Central Europe and the Baltics","CEB","Aquaculture production (metric tons)","ER.FSH.AQUA.MT","32700","36500","35950","38250","44810","45930","47399","53857","52564","54405","53783","56665","69114","68181","74647","75053","80124","81893","76511","76144","78382","92256","97358","90926","96160","91388","95363","91250","113821","117474","94636","90076","90085","87825","89994","86562","79508","79981","80857","91920","93027","98030","88699","95587","95047","100003","103950","107757","111253","112214.987976074","102102.077270508","98801.9953918457","101779.179443359","111719.283874512","118591.216308594","123685.34185791","129701.817504883","133130.25970459","139338.398132324","","",
"Switzerland","CHE","Aquaculture production (metric tons)","ER.FSH.AQUA.MT","","","","","","","","","","","","","5","10","15","25","40","60","90","130","170","200","220","250","272","270","271","252","254","1180","1070","1230","1230","1135","1235","1161","1161","1150","1150","1135","1100","1135","1135","1100","1205","1214","1214","1216","1216","1249","1261","1466","1471","1593","1593","1593","1733","1733","1743","","",
"Channel Islands","CHI","Aquaculture production (metric tons)","ER.FSH.AQUA.MT","","","","","","","","","","","","","","","","","","","","","","","","","0","0","15","25","13","13","67","67","50","81","103","114","191","130","196","249","390","487","580","684","775","650","660","791","972","1024.6","1130.2","1091.1","882.243","972.13","1316.75","1768.2","1498.65","","","","",
"Chile","CHL","Aquaculture production (metric tons)","ER.FSH.AQUA.MT","80","80","90","100","110","120","230","144","183","201","183","212","258","370","443","543","736","818","1093","1514","2088","2789","5316","1972","8611","7497","9941","13936","32349","51510","70464","105258","116281","135090","183747","206266","323115","375113","361430","305494","425058","631634","617303","607338","696157","739368","832329","806166","870845","881084","713241","969539","1075547","1045718","1227359","1057742","1050117","1219747.125","1287232.5","","",
"China","CHN","Aquaculture production (metric tons)","ER.FSH.AQUA.MT","958506","777762","741121","856931","1017083","1159540","1320775","1315911","1306208","1513849","1480670","1790968","1987611","1823366","1975622","2157727","2106125","2788044","2987334","2901626","3105342","3033775","3258008","3657489","4271240","5026016","5606227","6325967","7376299","8101298","8392965","9695110","12185159","15221669","18213586","21152498","23465788","23747400","25671892","28000956","29749708","31102502","33160272","34891716","37172412","38943268","40911092","42530160","44072888","46062876","47789756","49147608","52082584","55029056","57320504","59368940","62318376","64358480","66135060","","",
"Cote d'Ivoire","CIV","Aquaculture production (metric tons)","ER.FSH.AQUA.MT","","","","","","","","","","","","","","","","","","","","","","","","","21","60","213","229","170","168","100","253","306","351","117","386","1128","450","862","1000","1197","1025","806","866","866","866","866","1290","1290","1340","1700","3394","3720","3720","3750","4000","4392","4500","4500","","",
"Cameroon","CMR","Aquaculture production (metric tons)","ER.FSH.AQUA.MT","","","","","","","","","","","","","","","","","","5","11","22","40","57","89","120","282","130","124","137","167","138","106","74","57","50","50","57","58","67","67","67","50","150","330","385","395","402","435","546","546","546","570","571","840","1195","1575","1955","2315","2315","2340","","",
"Congo, Dem. Rep.","COD","Aquaculture production (metric tons)","ER.FSH.AQUA.MT","","","","","","","","","","","0","0","0","0","0","0","0","0","0","0","0","0","0","0","81","180","689","723","759","760","700","700","730","700","650","600","600","1000","1833","1993","2076","2744","2965","2965","2965","2965","2970","2970","2970","2970","2970","2970","2869","2869","2871","2956.5","3161","3200","3200","","",
"Congo, Rep.","COG","Aquaculture production (metric tons)","ER.FSH.AQUA.MT","","","","","","","","","","","0","0","0","0","0","0","0","0","0","0","0","0","0","48","47","61","91","121","177","243","240","243","191","234","121","139","106","99","140","190","66","64","68","69","72","80","21","25","65","56","58","68","98","119","134","153","177","207","95","","",
"Colombia","COL","Aquaculture production (metric tons)","ER.FSH.AQUA.MT","","","","","","","","","","","0","4","13","18","31","48","66","91","123","165","224","300","400","535","775","921","1171","1618","3314","5673","10455","12267","23987","23971","25652","36630","29990","43710","45933","52947","61786","57660","57160","60895","60072","61000","70132","66565","68200","80623","80367","83681","89654","89398","92002","95857","106685","118485","132756.21875","","",
"Comoros","COM","Aquaculture production (metric tons)","ER.FSH.AQUA.MT","","","","","","","","","","","","","","","","","","","","","","","","","","","","","","","","","","","","","","","","","","","","","","","","","","","","","","","","","","","","","",
"Cabo Verde","CPV","Aquaculture production (metric tons)","ER.FSH.AQUA.MT","","","","","","","","","","","","","","","","","","","","","","","","","","","","","","","","","","","","","","","","","","","","","","","","","","","","","","","","","","","","","",
"Costa Rica","CRI","Aquaculture production (metric tons)","ER.FSH.AQUA.MT","","","","","","","","","","","0","0","0","0","0","2","4","9","13","19","27","41","58","79","185","106","106","270","399","410","573","1975","2244","3335","3910","6756","6986","7000","7937","9324","9708","10520","17892","20546","24708","24038","19962","25765","27059","24754.30078125","26839","27713.5","27287","30352","26765.5","22502.5","20820","20820","20820","","",
"Caribbean small states","CSS","Aquaculture production (metric tons)","ER.FSH.AQUA.MT","0","0","0","0","0","0","0","0","0","0","0","0","0","0","0","0","0","2","38","25","20","32","135","162","382","1019","1692","2408","2901","3783","3647","3415","3669","4109","4329","4785","4787","5140","5479","8277","9129","10064","11644","14092","16897.5","17743.5","16597.7430000305","9652.99000263214","10911.1300020218","11544.8399925232","11970.8001995087","6663.15000534058","6928.97815227509","8373.10001468658","8632.17625677586","5444.83998179436","2652.33998334408","2808.26800596714","2697.18001461029","","",
"Cuba","CUB","Aquaculture production (metric tons)","ER.FSH.AQUA.MT","0","0","0","0","0","0","0","20","80","220","350","460","570","680","810","1040","1310","1320","1690","1990","2309","2977","3779","4145","4383","4637","4626","5578","5768","6036","8174","8261","10977","12774","16273","22276","36354","36367","39603","40166","32780","25569","27044","26897","27562","22635","27210","37526","36685","36002","31422","24597.80078125","26179.19921875","29577.69921875","31282.599609375","32056","29185","31210","28628","","",
"Curacao","CUW","Aquaculture production (metric tons)","ER.FSH.AQUA.MT","","","","","","","","","","","","","","","","","","","","","","","","","","","","","","","","","","","","","","","","","","","","","","","","","","","","","","","","","","","","","",
"Cayman Islands","CYM","Aquaculture production (metric tons)","ER.FSH.AQUA.MT","","","","","","","","","","","","","","","","","","","","","","","","","","","","","","","","","","","","","","","","","","","","","","","","","","","","","","","","","","","","","",
"Cyprus","CYP","Aquaculture production (metric tons)","ER.FSH.AQUA.MT","","","","","","","","","","","0","0","0","0","41","31","31","31","31","31","31","36","46","50","60","56","57","50","59","84","125","127","155","259","291","452","787","969","1178","1422","1878","1883","1862","1821","2445","2436","2787","2450","2887","3415.5","4115.7998046875","4666.97998046875","4333.7099609375","5339.10009765625","4835.10009765625","5458.56005859375","6624.9599609375","7275.10986328125","7347.0400390625","","",
"Czech Republic","CZE","Aquaculture production (metric tons)","ER.FSH.AQUA.MT","","","","","","","","","","","","","","","","","","","","","","","","","","","","","","","","","","20242","18655","18679","18200","17560","17231","18775","19475","20098","19210","19670","19384","20455","20431","20447","20395","20071","20420","21010","20763","19357.400390625","20135","20200","20952","21685","21751","","",
"Germany","DEU","Aquaculture production (metric tons)","ER.FSH.AQUA.MT","19810","16670","12520","12680","13830","14490","19950","20600","22160","19814","23477","20636","25103","29169","35783","39380","44071","36230","35893","25703","38789","35543","52616","70965","97785","61134","70235","66828","72005","66618","64435","74692","96654","69500","48852","64096","83237","65433","73020","79567","65891","53409","49852","74280","57233","44685","35379","44994","43977","38907","40694","39141","26360","25289","26032","29909","41801","35979","34196","","",
"Djibouti","DJI","Aquaculture production (metric tons)","ER.FSH.AQUA.MT","","","","","","","","","","","","","","","","","","","","","","","","","","","","","","","","","","","","","","","","","","","","","","","","","","","","","","","","","","","","","",
"Dominica","DMA","Aquaculture production (metric tons)","ER.FSH.AQUA.MT","","","","","","","","","","","","","","","","","","","","","","","","","0","0","0","0","0","0","0","0","6","3","3","4","4","5","5","5","7","12","13","13","18","19","24","24","24","24","11","6","6","6","6","6","6","0","0","","",
"Denmark","DNK","Aquaculture production (metric tons)","ER.FSH.AQUA.MT","6045","7538","7700","7824","8263","10809","10135","10638","12178","11147","9272","11910","13914","13176","12190","15188","14149","13633","16060","17118","18555","21202","21655","25363","23609","24244","24402","25851","28659","33059","41946","42098","43264","39739","42892","44730","41924","39697","42368","42670","43609","41573","32026","37772","42814","39012","37188","31168","36066","35130.3984375","36175","35918","34585.5390625","37707.19921875","34382.19921875","35866.69921875","36337","37498","36453","","",
"Dominican Republic","DOM","Aquaculture production (metric tons)","ER.FSH.AQUA.MT","","","","","","","","","","","0","0","0","0","0","0","0","0","0","0","0","0","0","3","50","193","301","323","277","221","280","615","815","1347","3982","2206","789","677","810","748","2125","2647","3554","1944","2000","980","980","1080","1080","1230","1280","2147.89990234375","1031.80004882813","1505","2180.5","2235","1985","2450","2500","","",
"Algeria","DZA","Aquaculture production (metric tons)","ER.FSH.AQUA.MT","0","0","0","0","0","0","0","0","0","0","0","0","0","0","0","0","0","0","0","0","0","0","0","2","95","141","250","274","304","368","407","150","147","300","389","369","322","322","283","250","351","454","476","417","586","368","288","405","2779.916015625","2163.23193359375","1758.74194335938","2245.77001953125","2644.001953125","2192.88110351563","2410.97290039063","1332.98999023438","1376","1416","5100.1201171875","","",
"East Asia & Pacific (excluding high income)","EAP","Aquaculture production (metric tons)","ER.FSH.AQUA.MT","1182276","1021573","995295","1124866","1296096","1448466","1642315","1660914","1703913","1941014","1944182","2289028","2477078","2348823","2573889","2801752","2845006","3638066","3941805","3946264","4335343","4371379","4668197","5250711","6081966","6955852","7680617","8788798","10008031","10965043","11105587","12569046","15341780.8999023","18680441.0340576","21658627","24755441","27217452","27102391","29106138","31851251.0195313","33905501","35705322","38274474","40634242","44051427.6999512","47041758.3000488","49934806.5999756","52837220.0999756","55792014.9499512","59136101.6235962","62703306.2374878","65794468.1500854","70831655.7549033","77114268.8624916","80579616.2363385","84090467.9234983","87406022.8887501","89870083.0800867","90788346.9289021","","",
"Early-demographic dividend","EAR","Aquaculture production (metric tons)","ER.FSH.AQUA.MT","250769","264503","274795","283773","298833","310648","328116","345670","381834","397948","420188","450596","477248","516505","571545","605367","654852","724927","843439","939054","1087010","1210130","1339509","1512887","1630186","1770821","1894107","2191506","2435714","2627883","2791389","3090311","3382563","3533318","3770609","4115852","4530410","4686566","4889276","5430792","5564256","6123486","6603444","7231296","8564267.19995117","9819611.91880035","10882328.7999763","11753229.0511513","13644283.7624283","14777544.3070374","17091668.7720296","19113309.0808604","21660016.0692434","25921159.5903168","27657542.8507047","29589034.7761625","30754529.8186321","31810228.2080774","31937306.9307833","","",
"East Asia & Pacific","EAS","Aquaculture production (metric tons)","ER.FSH.AQUA.MT","1566799","1452098","1466861","1683131","1832605","1998775","2244844","2337102","2451890","2615775","2749797","3192508","3442637","3592384","3994769","4142412","4339126","5232585","5527637","5611121","6159881","6350455","6548808","7319570","8243774.5","9212426.70600128","10227915.1040039","11245675.25","12687780","13496780.125","13661964","15084800.625","18036081.8999023","21465491.0810547","24543360.960022","27555654.1989746","29850397.1300049","29870753.6879883","31579620.1260376","34341529.5915527","36251912.7919922","38122884.7739624","40939011.9660645","43277144.5579834","46744171.7529297","49825070.1281738","52929419.0010498","56027453.6668701","58888680.2092285","62189965.3441734","65743207.4106731","68724358.4514923","73955125.4058928","80212468.0402313","83707629.1496312","87376740.269578","90804819.4852112","93732055.0535982","94599208.2446256","","",
"Europe & Central Asia (excluding high income)","ECA","Aquaculture production (metric tons)","ER.FSH.AQUA.MT","14660","15380","14800","14420","18260","19130","18920","24950","20610","21550","24850","27770","33840","33353","40069","39359","44606","44410","44380","46073","47885","53731","60736","48268","63110","56882","64922","58498","383257","405669","463982","293503","258282","241702","195249","174129","154243","169330","181378","200983","218259","216023","226268.759765625","250980.099609375","264744.399215698","300522","302975.049804688","337049.799804688","363033.720214844","377050.578033447","388740.367980957","416774.594238281","466944.249847412","510923.998626709","528946.475311279","533788.350341797","576572.848388672","623041.503417969","688703.604736328","","",
"Europe & Central Asia","ECS","Aquaculture production (metric tons)","ER.FSH.AQUA.MT","261934","279060","325424","333898","359826","375837","355332","359314","405595","421634","472162","462284","559283","556672","586590","639914","620374","693358","732189","707372","730339","797569","862011","887447","903543","990333","1022837","1049738","1438686","1495156","1627793","1481996","1392890","1403206","1515927","1627416","1711454","1803809","1984332","2141310","2139974","2163100","2108011.75976563","2244610.09960938","2269426.3992157","2257248","2329865.23730469","2516668.20605469","2491943.77880859","2691913.83739624","2708483.21947022","2858710.98430786","3071282.13664624","3005843.57216919","3187962.91989136","3241090.38634033","3261461.75583496","3364659.68499756","3470098.24749756","","",
"Ecuador","ECU","Aquaculture production (metric tons)","ER.FSH.AQUA.MT","0","0","0","0","0","0","0","0","0","10","50","50","200","513","1030","1591","2155","3552","4113","5009","9565","12554","22016","36273","34225","30876","44339","70099","75631","71211","77730","107145","116694","87763","89096","106223","108880","134497","145790","126575","61311","57587","77636","95278","108673","138562","169588","171020","173222","219463","272720.8125","309702","322655","332382","368457","426660.40625","451339.875","469755","539755","","",
"Egypt, Arab Rep.","EGY","Aquaculture production (metric tons)","ER.FSH.AQUA.MT","4600","5200","5200","6000","7000","6200","5900","5600","5600","5900","6000","7000","8000","9000","9000","9000","11000","13000","15000","17000","19000","21000","24000","25000","27000","41846","45500","46400","52200","60500","61916","61617","63895","51210","56603","71815","91137","85704","139389","226276","340093","342864","376296","445181","471535","539748","595030","635516","693815","705490","919585","986820","1017738","1097544","1137091","1174831","1370660","1451841","1561457","","",
"Euro area","EMU","Aquaculture production (metric tons)","ER.FSH.AQUA.MT","220684","233396","280611","286731","305153","317854","296396","293454","339359","354561","407410","391880","474329","472817","495698","544898","520364","591456","630744","601919","619601","661714","708585","729656","733099","810998","817002","829424","843166","826507","851075","850632","822665","807407","889206","959926","997686","1006002","1119999","1144352","1116236","1084460","980889","1036926","977641","960142","984698.1875","1006528.40625","923158.05859375","963262.086120605","920251.360473633","905027.545196533","868671.615478516","830954.68963623","882930.724853516","890265.620178223","925204.025024414","961020.249938965","989697.340026855","","",
"Eritrea","ERI","Aquaculture production (metric tons)","ER.FSH.AQUA.MT","","","","","","","","","","","","","","","","","","","","","","","","","","","","","","","","","","","","","","","","","12","32","42","42","10","0","0","0","0","0","0","0","0","0","0","0","0","0","0","","",
"Spain","ESP","Aquaculture production (metric tons)","ER.FSH.AQUA.MT","6300","8000","56600","64200","65200","66900","65300","52000","69700","95800","156200","146700","164300","166900","173927","168312","186900","193768","235500","206760","205638","215150","225730","229310","247426","266608","268449","270734","271403","222924","203766","224971","168759","126130","177940","223965","231633","239169","313908","318469","309229","309091","254949","268279","293839","219335","292829.1875","281729.40625","249714.5","266668.8125","252352.25","271962.875","264162.96875","223710.03125","282241.53125","289821.25","283830.90625","311031.5625","347824.71875","","",
"Estonia","EST","Aquaculture production (metric tons)","ER.FSH.AQUA.MT","","","","","","","","","","","","","","","","","","","","","","","","","","","","","401","1232","936","1337","693","330","417","315","272","260","260","200","225","467","257","372","252","555","703","772","813","653.599975585938","573.039978027344","388.339996337891","581.398010253906","733.213989257813","870.474975585938","798.700012207031","867.733032226563","870.460998535156","943.661010742188","","",
"Ethiopia","ETH","Aquaculture production (metric tons)","ER.FSH.AQUA.MT","","","","","","","","","","","","","","","","","","","","","","","","","","","","","1","33","36","36","22","28","33","55","38","24","14","15","15","15","15","15","25","25","25","25","25","25","25","25","38","45.2999992370605","85.5","90.5","95","126","165","","",
"European Union","EUU","Aquaculture production (metric tons)","ER.FSH.AQUA.MT","259939","277945","325089","333643","358875","375155","354708","358546","404720","420657","470838","460762","557601","554461","582927","635559","615126","687530","723955","695902","717360","777779","831596","849172","856133","929711","941113","953813","986854","972854","988944","981976","957032","934993","1024003","1093812","1123350","1128071","1244942","1280550","1253092","1225644","1102677","1171020","1115246","1099626","1127261.1875","1143389.40625","1071281.05859375","1112413.57244873","1063378.80773926","1046743.99050903","1011590.57592773","985827.968933105","1040783.62524414","1052810.11138916","1096928.9420166","1136637.67474365","1167494.41717529","","",
"Fragile and conflict affected situations","FCS","Aquaculture production (metric tons)","ER.FSH.AQUA.MT","2085","2283","2501","2727","2960","3194","3434","3697","3960","4314","4637","5053","5805","6734","7963","8945","10025","10902","11733","12588","13626","14749","15931","17415","19274","22507","22241","21246","33547","48635","32930","45331","65094","87524","100456","112504","120792","136718","137904","148210","165465","188917","264495","329427","510420.199951172","609367.800048828","731495.099975586","755129.900756836","888921.939575195","1003623.83508301","1137836.13007736","1131712.41533279","1256396.57958984","1317471.04999924","1407203.48304689","1437900.11015625","1458742.8125","1485503.38183594","1559108.07615232","","",
"Finland","FIN","Aquaculture production (metric tons)","ER.FSH.AQUA.MT","0","0","0","0","0","50","190","390","600","800","999","1201","1403","1200","1800","1800","2500","2500","3455","3275","4921","5698","6334","7746","9586","10166","11006","12689","16367","18550","18550","19271","17909","17526","16682","17345","17659","16426","16024","15449","15400","15739","15132","12558","12821","14355","12891","13025","13439","13627","11772","11275","12659","13613","13465","14877","14412.169921875","14586.900390625","14163.7001953125","","",
"Fiji","FJI","Aquaculture production (metric tons)","ER.FSH.AQUA.MT","0","0","0","0","0","0","0","0","0","0","0","0","0","0","0","0","0","0","0","0","0","0","0","0","6","757","8660","10896","5089","6045","6353","3493","2498.89990234375","1832.03405761719","184","200","255","365","2408","16860.01953125","6991","4927","1206","394","561.5","561.5","1618","830","888","670.026000976563","767.5","646","727","637","744","744","754","780","795","","",
"France","FRA","Aquaculture production (metric tons)","ER.FSH.AQUA.MT","111100","116700","106900","110000","98220","111650","102700","115255","108610","104725","106444","85280","128308","127366","137010","164937","148586","180727","163893","188692","207039","200250","192707","196288","192609","226903","243671","231894","227544","225122","256653","245094","250254","277323","280954","280786","285526","287243","267850","264857","266802","251655","251758","239601","242167","244925","237375","237451","238248.59375","234002","203409","194118.703125","205556","200605.09375","180799.796875","163741.59375","165950","178650","185650","","",
"Faroe Islands","FRO","Aquaculture production (metric tons)","ER.FSH.AQUA.MT","","","","","","","","","","","0","5","10","25","40","80","51","102","305","100","222","445","360","390","513","1620","2520","4523","5260","8131","13076","18283","19098","18752","15332","8611","17584","22538","20436","42544","34823","49167","56102","62746","46077","23455","18574","30699","46673","59295","47575","60473","76564","75909","86454","80600","83300","86800","78900","","",
"Micronesia, Fed. Sts.","FSM","Aquaculture production (metric tons)","ER.FSH.AQUA.MT","","","","","","","","","","","","","","","","","","","","","","","","","0","85","1","1","1","1","0","0","0","0","0","0","0","0","0","0","0","0","0","0","0","0","0","0","0","0","0","0","0","0","0","0","0","0","0","","",
"Gabon","GAB","Aquaculture production (metric tons)","ER.FSH.AQUA.MT","","","","","","","","","","","0","0","0","0","0","0","0","0","0","0","0","0","0","0","2","2","3","3","2","2","2","3","5","8","28","39","62","57","158","558","558","102","83","80","80","78","126","124","124","126","130","130","48","46","45","45","45","45","45","","",
"United Kingdom","GBR","Aquaculture production (metric tons)","ER.FSH.AQUA.MT","35","135","35","35","200","300","200","200","200","200","444","516","213","401","556","876","690","585","888","2351","2855","4049","11987","11684","17612","20104","24013","29435","36392","49316","50044","60887","56824","68774","85701","93838","109901","129715","137421","154800","152485","170516","179036","181838","207203","172813","171848","174200","175702","196597.8125","201363.84375","198967.59375","205594.703125","203263","214707.34375","211749.421875","194492.171875","222611.109375","197618","","",
"Georgia","GEO","Aquaculture production (metric tons)","ER.FSH.AQUA.MT","","","","","","","","","","","","","","","","","","","","","","","","","","","","","1273","630","607","2660","1045","580","228","157","101","61","96","83","86","80","52","56","72","107","150","180","422","705","850","1000","1155","1305","1495","1655","1805","2042","2381.5","","",
"Ghana","GHA","Aquaculture production (metric tons)","ER.FSH.AQUA.MT","","","","","","","4","10","20","46","94","122","142","168","181","199","219","238","256","273","289","306","329","353","450","357","359","386","427","330","360","410","430","465","500","550","550","400","1800","2900","5000","6000","6000","938","950","1154","2270","3820","5594","7154","10200","19092","27450","32513","38545","44610","52480","57415","76630","","",
"Gibraltar","GIB","Aquaculture production (metric tons)","ER.FSH.AQUA.MT","","","","","","","","","","","","","","","","","","","","","","","","","","","","","","","","","","","","","","","","","","","","","","","","","","","","","","","","","","","","","",
"Guinea","GIN","Aquaculture production (metric tons)","ER.FSH.AQUA.MT","","","","","","","","","","","","","","","","","","","","","","","","","3","3","2","2","1","1","1","1","5","5","5","4","4","0","0","0","0","0","2","2","2","100","110","110","170","177","185","187.199996948242","292.5","322.799987792969","351","409","477.799987792969","572.900024414063","686.599975585938","","",
"Gambia, The","GMB","Aquaculture production (metric tons)","ER.FSH.AQUA.MT","","","","","","","","","","","","","","","","","","","","","","","","","0","0","0","0","0","53","60","0","0","0","0","0","4","4","4","4","5","5","5","5","5","5","75","25","25","25","25","33","33","33","35","35","35","35","35","","",
"Guinea-Bissau","GNB","Aquaculture production (metric tons)","ER.FSH.AQUA.MT","0","0","0","0","0","0","0","0","0","0","0","0","0","0","0","0","0","0","0","0","0","0","0","0","0","0","0","0","0","0","0","0","0","0","0","0","0","0","0","0","0","0","0","0","0","0","0","0","0","0","0","0","0","0","0","0","10","35","40","","",
"Equatorial Guinea","GNQ","Aquaculture production (metric tons)","ER.FSH.AQUA.MT","","","","","","","","","","","","","","","","","","","","","","","","","","","","","","","","","","","","","","","","","","","","","","","2","2","2","3","15","17","15","15","15","15","15","15","15","","",
"Greece","GRC","Aquaculture production (metric tons)","ER.FSH.AQUA.MT","330","290","390","450","530","620","630","800","860","950","1040","975","1080","1230","1400","1520","1612","1704","1826","1872","1963","2065","2110","2260","2542","2377","2296","2741","4087","4737","9523","12615","20306","32578","33182","32644","39852","48838","59926","84274","95418","97512","87928","101434","97143","106208","113384","113297","115068","122011","121244","110809.1015625","110973.46875","113999.8515625","104663","107161.796875","123707.1015625","125524.703125","132392.203125","","",
"Grenada","GRD","Aquaculture production (metric tons)","ER.FSH.AQUA.MT","","","","","","","","","","","","","","","","","","","","","","","","","0","0","0","0","0","0","0","0","0","0","0","0","0","0","0","1","4","0","","","","","","","","","","","","","","1.39999997615814","22.1000003814697","18","20","","",
"Greenland","GRL","Aquaculture production (metric tons)","ER.FSH.AQUA.MT","","","","","","","","","","","","","","","","","","","","","","","","","","","","","","","","","","","","","","","","","","","","","","","","","","","","","","","","","","","","","",
"Guatemala","GTM","Aquaculture production (metric tons)","ER.FSH.AQUA.MT","","","","","","","","","","","","","","","","","","","","","","8","9","12","61","459","528","651","920","713","904","831","1235","3286","4393","3675","3421","4407","3124","4850","3963","5100","7978","6346","4908","9008","16293","16400","18727","16623","22792.23046875","21468","17743","19762","21395","22247.599609375","23448.900390625","26360","28317","","",
"Guam","GUM","Aquaculture production (metric tons)","ER.FSH.AQUA.MT","","","","","","","","","","","0","0","0","0","0","0","0","0","0","2","4","11","45","37","47","85","142","180","198","210","212","176","187","211","215","216","220","220","220","230","232","232","233","160","160","160","162","162","162","140.5","129","111","111","110","110","110","110","110","110","","",
"Guyana","GUY","Aquaculture production (metric tons)","ER.FSH.AQUA.MT","","","","","","","","","","","0","0","0","0","0","0","0","0","0","0","0","0","0","14","17","27","65","70","43","35","50","65","85","140","210","230","250","270","300","606","605","608","608","608","608","608","660","660","292","510.959991455078","487.600006103516","263.100006103516","261.178009033203","220.649993896484","367.496002197266","417.639984130859","336.699981689453","696.268005371094","306.760009765625","","",
"High income","HIC","Aquaculture production (metric tons)","ER.FSH.AQUA.MT","748544","809876","905326","1015037","1017111","1054629","1067191","1150907","1278481","1206399","1438197","1521315","1683546","1957186","2151882","2176787","2270920","2435845","2450536","2482401","2692402","2971151","2963608","3193806","3356562.5","3542904.70600128","3912399.10400391","3876887.25","4164528","4090486.125","4164414","4238382.625","4419867","4568034.04699707","4854449.96002197","4958628.19897461","5002403.13000488","5323580.68798828","5200722.1260376","5355314.57202148","5306619.79199219","5661402.77396241","5865618.96606445","5995650.5579834","6183696.95300293","6187869.328125","6587538.08857423","6898779.97353745","6800580.22286797","6936171.19955139","6781914.18167586","6948446.40935311","7447151.44518134","7274421.68089245","7625994.20786683","7721775.44008027","7847316.94579049","8537391.25435773","8642209.99748516","","",
"Hong Kong SAR, China","HKG","Aquaculture production (metric tons)","ER.FSH.AQUA.MT","600","665","690","700","1390","1279","1138","1169","1852","2140","3113","3287","3619","4010","4287","5239","6086","5101","6816","7383","7887","7913","9287","8540","8356","7901","9121","10436","10778","9529","10256","10624","9333","9299","8966","8571","8418","8310","6439","6052","4988","5627","4302","4857","4615","4130","4125","4514","4754","4819","4338","3438","4093","3764","3897","3894","4258","4172","4133","","",
"Honduras","HND","Aquaculture production (metric tons)","ER.FSH.AQUA.MT","","","","","","","","","","","0","0","0","0","2","9","14","23","36","55","86","127","190","268","581","465","985","2049","2845","3318","3401","4175","5707","8341","8990","7241","10295","9472","8080","8789","10053","13386","16957","23547","27036","49249","55356","54689","47080","28858","27509","50295","52436","53100","61750","55100","54000","64500","65000","","",
"Heavily indebted poor countries (HIPC)","HPC","Aquaculture production (metric tons)","ER.FSH.AQUA.MT","0","0","0","0","0","0","4","10","20","106","254","282","402","428","343","345","510","638","714","788","989","1138","1400","1802","2922","2860","4317","5913","7002","9072","9959","11427","17036","20942","23055","24516","29246","32540","30454","35034","41677","50063","63890","69909","70500","101644.150001526","138751.200000763","160103.200000763","160563.25","170803.361553192","196626.300006866","220659.448154449","261145.258392334","284622.999919891","323015.756256104","343062.911224365","357241.323699951","391521.029174805","391084.174438477","","",
"Croatia","HRV","Aquaculture production (metric tons)","ER.FSH.AQUA.MT","","","","","","","","","","","","","","","","","","","","","","","","","","","","","","","","","6802","4603","4941","4007","2889","3510","5989","6313","6876","10468","9095","9505","10917","12127","15497","14045","13878","14228.5498046875","13990.509765625","12846","10440.361328125","12018.900390625","13149.2353515625","15571.4951171875","15804.7587890625","16033.80078125","18067.16796875","","",
"Haiti","HTI","Aquaculture production (metric tons)","ER.FSH.AQUA.MT","","","","","","","","","","","","","","","","","","","","","","","","","","","","","","","","","","","","","","","","","12","12","12","12","32","32","32","162","162","225","360","600","720","800","1010","1220","1290","1400","1400","","",
"Hungary","HUN","Aquaculture production (metric tons)","ER.FSH.AQUA.MT","10000","12500","13750","15150","16100","17280","18590","19230","19800","20300","19500","19000","22600","21626","21791","21950","21923","21889","21787","21619","22570","26330","26180","27790","16473","18315","16997","17948","17970","20548","17600","14434","14230","9492","9899","9360","8080","9334","10222","11947","12886","13056","11574","11870","12744","13661","14686","15864","15687","14825","14245","15584","15133","14918","15326","17337","16247.96875","18257.5","17852.298828125","","",
"IBRD only","IBD","Aquaculture production (metric tons)","ER.FSH.AQUA.MT","1249343","1094009","1069678","1204810","1386582","1542183","1739905","1765535","1800594","2034538","2034812","2382911","2581670","2457742","2690539","2920585","2970073","3766762","4067122","4072724","4464559","4507740","4811223","5375484","6156368","7049416","7735476","8757356","10419794","11422524","11966679","13484864","16292825","19554646","22977236","26341177","29010936","29404883","31556499","34571466","36680564","38877506.4","41564482.7597656","44146951.0996094","48100338.8992157","51384369.5","54650235.3498047","57554355.4505882","61394823.9726925","64694686.0426369","68374761.8404007","71822273.2230587","77599754.9602289","84327449.748797","88472793.0191199","92250368.926453","96252917.5578583","99501294.5068449","101545655.326735","","",
"IDA & IBRD total","IBT","Aquaculture production (metric tons)","ER.FSH.AQUA.MT","1302215","1148541","1125843","1262765","1446400","1605538","1803501","1831180","1866590","2104555","2107297","2459390","2659319","2538232","2772157","3005535","3059990","3858101","4165279","4176875","4574310","4625362","4936171","5508728","6303852","7211941","7928902","8976980","10676689","11714223","12261089","13816849","16655819.8999023","19954508.0340576","23412417","26841183","29581937","30111886","32352642","35434023.0195313","37621377","39955243.4","42816383.7597656","45557380.0996094","49751122.5991669","53141512.9188004","56617684.3927811","59628664.1405649","63671115.2126436","67182866.7752914","71290724.4404011","75010133.4160976","81154586.4079175","88146231.9279161","92541386.1287746","96503081.0260442","100704892.765731","104192240.73642","106451316.491233","","",
"IDA total","IDA","Aquaculture production (metric tons)","ER.FSH.AQUA.MT","52872","54532","56165","57955","59818","63355","63596","65645","65996","70017","72485","76479","77649","80490","81618","84950","89917","91339","98157","104151","109751","117622","124948","133244","147484","162525","193426","219624","256895","291699","294410","331985","362994.899902344","399862.034057617","435181","500006","571001","707003","796143","862557.01953125","940813","1077737","1251901","1410429","1650783.69995117","1757143.41880035","1967449.04297638","2074308.68997669","2276291.23995113","2488180.73265457","2915962.60000038","3187860.19303894","3554831.44768858","3818782.17911911","4068593.10965466","4252712.09959121","4451975.20787275","4690946.2295748","4905661.16449785","","",
"IDA blend","IDB","Aquaculture production (metric tons)","ER.FSH.AQUA.MT","3555","3853","4081","4397","4740","5003","5294","5605","5881","6206","6549","6913","7255","7699","8112","8641","9187","9734","10293","10839","11503","12176","12917","13842","15699","17793","23305","26122","44140","64197","47489","57649","52495.8999023438","52940.0340576172","46152","43550","39276","48216","47844","69788.01953125","53847","94704","106439","111683","129234.5","145916.46875","216538.243000031","228647.390000343","293214.039999962","307881.386001587","366935.399999619","406507.099803925","447832.799413681","492352.999217987","534687.400781989","544664.302344084","537321.639221549","540119.653028131","544791.100097656","","",
"Indonesia","IDN","Aquaculture production (metric tons)","ER.FSH.AQUA.MT","80639","86172","89263","88224","93148","93898","104339","112101","104175","105690","108706","114121","118952","129830","136244","149633","156744","173780","189266","202202","225296","269959","273541","303941","330764","359626","411552","456727","499597","527897","599824","607507","645368","710414","703522","743092","881098","777547","747007","882989","993727","1076749","1137151","1228559","1468612","2124093","2479247","3137376","3854944","4712846.5","6277924.5","7937071.5","9599765","13301408","14375287","15649311","16002319","16118238","14772104","","",
"IDA only","IDX","Aquaculture production (metric tons)","ER.FSH.AQUA.MT","49317","50679","52084","53558","55078","58352","58302","60040","60115","63811","65936","69566","70394","72791","73506","76309","80730","81605","87864","93312","98248","105446","112031","119402","131785","144732","170121","193502","212755","227502","246921","274336","310499","346922","389029","456456","531725","658787","748299","792769","886966","983033","1145462","1298746","1521549.19995117","1611226.95005035","1750910.79997635","1845661.29997635","1983077.19995117","2180299.34665298","2549027.20000076","2781353.09323502","3106998.6482749","3326429.17990112","3533905.70887268","3708047.79724713","3914653.5686512","4150826.57654667","4360870.0644002","","",
"Isle of Man","IMN","Aquaculture production (metric tons)","ER.FSH.AQUA.MT","","","","","","","","","","","","","","","","","","","","","","","","","","","","","","","","","","","","","","","","","","","","","","","","","","","","","","","","","","","","","",
"India","IND","Aquaculture production (metric tons)","ER.FSH.AQUA.MT","44843","49359","54368","59927","66096","72947","80561","89022","98471","109321","121671","136697","153958","173080","192321","213817","238123","264948","294854","328082","365180","406622","452939","504733","572000","633250","686260","788310","893330","1004500","1017136","1225261","1395444","1416702","1519528","1658807","1758739","1864322","1908485","2134814","1942531","2120634","2189445","2316947","2804362","2973126","3182817","3114762","3855763","3798842","3790021","3677584","4213980","4555209","4893002","5263002","5702002","6184869","7071302","","",
"Not classified","INX","Aquaculture production (metric tons)","ER.FSH.AQUA.MT","","","","","","","","","","","","","","","","","","","","","","","","","","","","","","","","","","","","","","","","","","","","","","","","","","","","","","","","","","","","","",
"Ireland","IRL","Aquaculture production (metric tons)","ER.FSH.AQUA.MT","2100","900","500","1100","1000","1100","900","1300","2600","3000","3701","4906","5512","3423","3809","4258","5019","4654","4069","3692","5639","5811","6982","7078","15322","11964","12741","18693","18327","20790","26673","27749","27157","30158","28615","27366","34925","36854","42375","43856","51247","60940","62568","62516","58359","60050","53122","57104","44867.5","47511.67578125","46490.30078125","44266.3203125","36102.01171875","34198.19921875","31200.19921875","39650","40244.4296875","45433.1015625","36895.8984375","","",
"Iran, Islamic Rep.","IRN","Aquaculture production (metric tons)","ER.FSH.AQUA.MT","0","0","0","0","0","0","0","0","0","0","0","60","155","311","887","1510","2675","3800","4935","7040","9263","11197","13356","15368","18369","17776","20930","24820","26400","26000","27147","20226","21806","21882","25899","28636","29977","30279","33237","31800","40550","62550","76817","91714","104330","111761","129468","158549","154726","179552","220034","247262","296514","325325","320174","346118","398129","412887","439718","","",
"Iraq","IRQ","Aquaculture production (metric tons)","ER.FSH.AQUA.MT","0","0","0","0","","","","","","2","10","100","500","1000","1800","2300","2746","3000","3238","3443","3622","3774","3899","3997","4476","4441","4564","5250","5000","3000","1600","1750","4750","4000","4100","2600","2500","3400","7500","2183","1745","2000","2000","2000","13947","17941","14867","15810","19246","18732","20320","16290","25040","14060","26625","24803","28835","31814","25737","","",
"Iceland","ISL","Aquaculture production (metric tons)","ER.FSH.AQUA.MT","0","0","0","0","0","0","0","0","0","0","0","0","0","0","0","2","8","15","23","32","43","59","80","107","137","103","273","643","1209","1677","2829","2873","2524","2917","3222","3485","3687","3663","3868","3897","3623","4371","3585","6214","8868","8256","8241","4823","5098","5165","5050","5308.5","7431.2998046875","7053","8433.5","8382.599609375","15129","20858.69921875","19185","","",
"Israel","ISR","Aquaculture production (metric tons)","ER.FSH.AQUA.MT","9271","10054","9985","11282","11812","11673","10526","9637","10827","11180","12815","13626","14095","14283","12416","12441","12446","13353","12969","12283","11391","11263","11260","11024","11514","12954","12289","14027","15135","14593","14638","15102","12211","13604","14984","16180","17553","18264","18556","18777","20098","21318","22256","20776","22303","22409","22117","21434","20017","19177","19895","20817","20342.400390625","22251.599609375","20166","19640","18914","16985","17000","","",
"Italy","ITA","Aquaculture production (metric tons)","ER.FSH.AQUA.MT","2794","4776","6531","8001","9893","11813","13573","16711","20473","22748","28632","35443","31224","29074","41786","51088","56653","60543","64228","70479","74640","83584","87547","89848","96900","104301","107130","110616","131499","132971","153744","175193","170377","166320","176421","214725","189373","195719","208625","210368","216525","218330","184285","191884","118217","181101","172793","179409","149002.765625","162431.5","153493.703125","164150.703125","137041","140879","148730.34375","148762.59375","157000","157000","143338.1875","","",
"Jamaica","JAM","Aquaculture production (metric tons)","ER.FSH.AQUA.MT","0","0","0","0","0","0","0","0","0","0","0","0","0","0","0","0","0","2","38","25","20","32","135","148","355","850","1462","2201","2772","3092","3404","3140","3240","3340","3440","3550","3500","3450","3410","4150","4512","4512","6150","2969","4495","5670","8019","5616","5950","5184","3952","1152","651.050048828125","837.900024414063","876","602","947","1342","1615.63000488281","","",
"Jordan","JOR","Aquaculture production (metric tons)","ER.FSH.AQUA.MT","","","","","","","","","","","","","","","","","","","","","","","15","15","30","45","65","70","70","55","60","20","22","60","86","170","181","200","293","515","569","540","515","650","487","561","560","509","540","440","541","575","600","720","885","885","885","885","900","","",
"Japan","JPN","Aquaculture production (metric tons)","ER.FSH.AQUA.MT","308044","347634","389701","419315","399167","412523","442172","513304","574487","526565","597395","658832","703271","854553","946292","844119","926711","943746","1007675","977359","1085656","1051868","1035020","1153787","1208031.5","1184219.5","1291958","1234254.25","1426063","1370564.125","1369751","1359269.625","1397089","1359475.875","1420526","1389676.5","1349461.75","1339909.5","1290515.125","1315323.75","1291735.125","1311828.75","1385099.125","1301793.5","1261003.25","1254143","1224189.5","1284425.375","1186721.875","1243358.125","1151101.375","907971.5625","1073820.75","1027951.5","1021848.5625","1105651.625","1068034.5","1023192.1875","1032674.625","","",
"Kazakhstan","KAZ","Aquaculture production (metric tons)","ER.FSH.AQUA.MT","","","","","","","","","","","","","","","","","","","","","","","","","","","","","7034","9050","9450","13382","3379","2928","1161","1948","1682","1921","1106","1193","813","309","778","820","188.199996948242","123","256","170","206","303","224","858","738","811","410","730.400024414063","1878","1563","1600","","",
"Kenya","KEN","Aquaculture production (metric tons)","ER.FSH.AQUA.MT","380","410","360","380","430","399","370","360","317","293","240","220","170","180","160","150","160","160","180","160","160","160","195","201","207","213","224","210","561","972","1236","1178","1136","1145","1385","1302","579","199","153","300","512","1009","798","1012","1035","1047","1012","4240","4452","4895","12194","22295","21888","23901","24498","19058","15357","12760","15524","","",
"Kyrgyz Republic","KGZ","Aquaculture production (metric tons)","ER.FSH.AQUA.MT","0","0","0","0","0","0","0","0","0","0","0","0","0","0","0","0","0","0","0","0","0","0","0","0","0","0","0","0","1108","1135","982","974","642","223","163","207","185","168","162","71","58","144","94","12","20","20","20","107","92","133","352","394.5","297","300","577.929992675781","1068.40002441406","1930.69995117188","2100","2558.69995117188","","",
"Cambodia","KHM","Aquaculture production (metric tons)","ER.FSH.AQUA.MT","","","","","","","","","","","","","","","","","4","11","25","53","106","240","464","934","1610","3000","2200","2500","4600","5538","6400","6700","8550","7900","8200","9511","9600","11800","14100","15000","14430","17500","18250","26300","37515","44000","41010","35260","40000","50000","60000","72000","74000","90000","120055","145000","172500","207500","254050","","",
"Kiribati","KIR","Aquaculture production (metric tons)","ER.FSH.AQUA.MT","","","","","","","","","","","","","","","","","","","","","","","","","13","15","1530","349","443","1228","5116","8209","3513","1684","3200","5265","9489","7383","5942","9409","11188","9282","4262","3913","3913","5012","8849","1117","1094.14001464844","1798.16003417969","4756","4293","8291","2261","3582","3602","3652","3652","3652","","",
"St. Kitts and Nevis","KNA","Aquaculture production (metric tons)","ER.FSH.AQUA.MT","0","0","0","0","0","0","0","0","0","0","0","0","0","0","0","0","0","0","0","0","","","","","","","","","","3","3","3","0","0","0","0","0","0","0","1","1","1","1","1","1","1","1","1","1","1","1","1","1","1","1.20000004768372","1.5","1","1.5","1","","",
"Korea, Rep.","KOR","Aquaculture production (metric tons)","ER.FSH.AQUA.MT","18637","17404","23901","80479","72557","73350","91626","96450","105769","80605","124058","151885","163955","265546","343865","352495","412663","493461","395177","484844","545133","704890","603311","645426","679342","790769","952388","875568","898649","858573","788565","787977","955477","1056503","1092988","1017254","897041","1040210","796632","777711","667883","668022","794340","839845","952856","1057725","1279163","1399075","1394818","1331719","1377233","1499335","1509226","1533446","1567442","1676485","1859220","2334719","2278850","","",
"Kuwait","KWT","Aquaculture production (metric tons)","ER.FSH.AQUA.MT","0","0","0","0","0","0","0","0","0","0","0","0","0","0","0","0","0","0","0","0","0","0","0","0","0","2","3","5","8","10","0","0","0","0","0","90","90","204","220","264","376","195","195","366","375","327","568","348","291.214996337891","272","310","319","309","303","297","262","196.15998840332","195","197.649993896484","","",
"Latin America & Caribbean (excluding high income)","LAC","Aquaculture production (metric tons)","ER.FSH.AQUA.MT","100","114","121","122","84","85","105","178","246","420","1018","1278","1686","3499","4147","6189","6944","9324","12713","16629","26014","34937","49901","67309","66756","72222","85451","120898","135123","137764","158195","198578","232377","215725","235265","277917","328232","389501","422842","458071","433573","483208","566107","638542","689538","764603","858906.243000031","881550.940003395","951102.486876488","1021542.46119308","1136816.57290459","1229584.66270065","1288390.43987083","1329830.61031723","1542923.14988935","1597046.49782443","1656962.68236578","1738181.62586749","1845128.21960449","","",
"Lao PDR","LAO","Aquaculture production (metric tons)","ER.FSH.AQUA.MT","","","","16","24","32","48","72","96","128","160","216","272","344","432","536","664","808","984","1184","1408","1680","1984","2328","2500","4000","5000","6000","7000","8000","10000","10500","10760","11000","11200","12880","16000","21143","21216","30362","42066","50000","59716","64900","64900","60000","60000","63250","64300","75000.5","82100","95600","101895","108000","108360","95965","100000","104000","108200","","",
"Lebanon","LBN","Aquaculture production (metric tons)","ER.FSH.AQUA.MT","","","","","","","","","","","","","","","","5","10","20","40","25","40","70","120","200","300","300","375","200","100","100","80","80","130","180","200","300","350","300","400","300","400","300","790","795","795","813","813","818","975","1080","1180","1280","1280","1180","1125","1025","1025","1025","1031","","",
"Liberia","LBR","Aquaculture production (metric tons)","ER.FSH.AQUA.MT","","","","","","","","","","","0","0","0","0","0","0","0","0","0","0","0","0","35","9","7","8","6","3","2","3","0","0","0","0","0","0","0","0","20","20","22","14","30","30","37","45","50","60","60","70","80","90","100","130","165","180","200","220","240","","",
"Libya","LBY","Aquaculture production (metric tons)","ER.FSH.AQUA.MT","0","0","0","0","0","0","0","0","0","0","0","0","0","0","0","0","0","0","0","0","0","0","0","0","0","0","0","30","30","50","70","70","80","10","10","40","40","40","40","40","40","40","40","160","288","388","388","240","110","110","110","10","10","10","10","10","10","10","10","","",
"St. Lucia","LCA","Aquaculture production (metric tons)","ER.FSH.AQUA.MT","","","","","","","","","","","0","0","0","0","0","0","0","0","0","0","0","0","0","0","0","100","100","100","35","40","40","40","21","9","11","11","12","3","2","137","1","29","18","22","6","15","10.2430000305176","10.3900003433228","7.03999996185303","12.3600006103516","20.8999996185303","21.7999992370605","27.8999996185303","44.2999992370605","36.2000007629395","26.1000003814697","32.4400024414063","27.4500007629395","29","","",
"Latin America & Caribbean","LCN","Aquaculture production (metric tons)","ER.FSH.AQUA.MT","180","194","211","222","194","205","335","324","434","636","1221","1520","1989","3944","4691","6866","7837","10360","14048","18420","28374","38015","55544","69731","76190","80630","95846","135739","168426","190273","229472","305214","351068","353701","423327","490034","658807","773614","794303","774779","872415","1131961","1201972","1262003","1410240.5","1523714.5","1715028.24300003","1707845.84078693","1840853.7764864","1917633.43119355","1868412.87298393","2223210.47293472","2390203.40156078","2402661.94031811","2801300.4500457","2673997.86598277","2733232.93536603","2987068.67986739","3161542.7835989","","",
"Least developed countries: UN classification","LDC","Aquaculture production (metric tons)","ER.FSH.AQUA.MT","49317","50679","52084","53558","55078","58352","58298","60030","60094","63761","65834","69434","70237","72603","73303","76071","80427","81224","87409","92754","97364","104197","110390","117375","128644","140901","165889","188737","201820","216512","235622","261527","296279","329979","372480","439391","510365","638873","724985","769041","857663","950082","1108761","1258386","1475545.19995117","1540854.95005035","1671764.79997635","1765694.79997635","1904966.58996582","2115910.08664322","2484238.09999466","2685677.19324112","2993582.07027817","3207259.96052933","3396697.20087433","3577753.81223965","3779607.13871765","3996795.18854141","4182903.00504875","","",
"Low income","LIC","Aquaculture production (metric tons)","ER.FSH.AQUA.MT","5236","6287","7556","9229","11410","14143","17841","24690","40219","55908","71811","88203","105338","123537","143220","165709","193155","223907","258449","298522","348206","405637","472622","551530","697953","749012","859341","1083636","1094737","1204514","905000","955220","1109989","1139140","827220","751820","796757","506834","497381","498423","487797","530798","539309","544808","540811","547387.150001526","575876.200000763","593624.200000763","594996.25","615296.401561737","638386.600002289","628580.933139801","643334.380004883","649356.549938202","711448.060058594","728185.410888672","799655.393249512","812809.301391602","791899.656616211","","",
"Liechtenstein","LIE","Aquaculture production (metric tons)","ER.FSH.AQUA.MT","","","","","","","","","","","","","","","","","","","","","","","","","","","","","","","","","","","","","","","","","","","","","","","","","","","","","","","","","","","","","",
"Sri Lanka","LKA","Aquaculture production (metric tons)","ER.FSH.AQUA.MT","0","0","0","0","0","0","0","0","0","0","0","5","10","20","20","20","20","20","24","27","31","47","56","70","40","280","430","530","699","730","1030","1530","2030","2530","3130","3359","3632","3680","6570","3900","4420","3610","2651","3462","4003","4304","5652","8233","7474","7548.67919921875","8058.14013671875","11912.2216796875","8839.755859375","30881.30078125","34220.30078125","36037.75","30974.220703125","28756.16015625","30921.4609375","","",
"Lower middle income","LMC","Aquaculture production (metric tons)","ER.FSH.AQUA.MT","281383","297158","310350","320926","338487","353343","374853","396108","433872","452577","475823","508386","537344","577923","637354","672726","725195","795931","916043","1013242","1159570","1281233","1403364","1566775","1690235","1836127","1944785","2225920","2571468","2792811","2907987","3156568","3458015","3643483","3995773","4362396","4675047","4803954","4999115","5611802","5887903","6519369","7098215.75976563","7900865.09960938","9445486.39916992","10865754.7687988","12089464.5999756","13398329.5999756","15680689.2559814","16875889.4061813","19293033.2328415","21443691.9510193","24252659.2479758","28635390.4206886","30415235.5675311","32427139.0444517","33610986.4951019","34826887.9795618","35136882.3438387","","",
"Low & middle income","LMY","Aquaculture production (metric tons)","ER.FSH.AQUA.MT","1299271","1146048","1125809","1263094","1447100","1609861","1811003","1845817","1894236","2147498","2169354","2537376","2751645","2648119","2902049","3156907","3238718","4065221","4412013","4465103","4911922","5015425","5392343","6041834","6973617","7933019","8759598","10027746","11713440","12841978","13071736","14639215","17611352.8999023","20936166.0340576","24028212","27360445","30039389","30220708","32466028","35598883.0195313","37640093","39794399","42674142.7597656","45423278.0996094","49519360.0991669","52862847.4188004","56245287.5927811","59298267.5397844","63275775.9230337","66780877.5754852","71055897.0205555","74509251.8266449","80547155.3731189","87567756.1928368","91817809.7654698","95962701.4027681","100223792.153941","103545350.012107","105731969.063332","","",
"Lesotho","LSO","Aquaculture production (metric tons)","ER.FSH.AQUA.MT","0","0","0","0","0","0","0","0","0","0","0","0","0","0","10","23","27","22","24","27","23","15","19","20","13","23","25","26","30","25","20","15","17","18","18","14","14","14","8","4","8","8","8","4","2","1","2","131","91","107.599998474121","300.399993896484","300.369995117188","400.369995117188","500.429992675781","900.530029296875","1001","1050","1801","2500.4599609375","","",
"Late-demographic dividend","LTE","Aquaculture production (metric tons)","ER.FSH.AQUA.MT","1064768","897796","865368","996876","1164529","1313403","1496798","1510712","1528750","1766863","1765549","2105686","2297228","2152143","2347466","2568873","2601013","3357794","3579790","3531958","3829812","3813157","4059865","4538470","5368051","6186364.20600128","6890479.10400391","7872131","9225852","10174094","10298550","11627920","14296785.8999023","17485660.2060547","20419102.960022","23434863.6989746","25814476.3800049","25893943.1879883","27933909.0010376","30468731.8415527","32516485.6669922","34342211.6239624","36703712.8410645","38824941.0579834","41664602.4029999","43774867.828125","46131784.8938789","48234935.9817019","50315263.8502703","52661985.3882179","54373863.5766048","56047589.1480751","59578418.4082594","62272623.210536","64920982.4940047","66942146.1490974","70057009.597443","72520100.63645","74694756.850585","","",
"Lithuania","LTU","Aquaculture production (metric tons)","ER.FSH.AQUA.MT","","","","","","","","","","","","","","","","","","","","","","","","","","","","","3752","4580","4666","4792","3899","2907","1874","1714","1537","1516","1516","1650","1996","2001","1750","2356","2697","2013","2224","3377","3008","3421.60009765625","3190.98999023438","3279.61010742188","3581.9599609375","4210.8798828125","3835.80004882813","4450.169921875","4392.740234375","3749.07006835938","3750.09008789063","","",
"Luxembourg","LUX","Aquaculture production (metric tons)","ER.FSH.AQUA.MT","","","","","","","","","","","","","","","","","","","","","","","","","","","","","","","","","","","","","","","","","","","","","","","","","","","","","","","","","","","","","",
"Latvia","LVA","Aquaculture production (metric tons)","ER.FSH.AQUA.MT","","","","","","","","","","","","","","","","","","","","","","","","","","","","","2926","6288","2235","2685","641","339","560","525","380","345","425","468","325","463","430","637","545","542","565","729","584","517.200012207031","548.799987792969","545.5","574.539978027344","643.210021972656","686.280029296875","862.849975585938","788.077026367188","807.93994140625","829.659973144531","","",
"Macao SAR, China","MAC","Aquaculture production (metric tons)","ER.FSH.AQUA.MT","","","","","","","","","","","","","","","","","","","","","","","","","","","","","","","","","","","","","","","","","","","","","","","","","","","","","","","","","","","","","",
"St. Martin (French part)","MAF","Aquaculture production (metric tons)","ER.FSH.AQUA.MT","","","","","","","","","","","","","","","","","","","","","","","","","","","","","","","","","","","","","","","","","","","","","","","","","","","","","","","","","","","","","",
"Morocco","MAR","Aquaculture production (metric tons)","ER.FSH.AQUA.MT","0","0","0","0","0","0","4","10","16","22","28","35","41","47","53","59","65","76","85","91","98","105","117","128","180","160","148","154","158","159","415","659","741","1193","1463","2072","2084","2329","2161","2793","1889","1403","1670","1538","1718","2257","1161","1636","579","657","742.119995117188","617","692.5","988","1189","1050","1150.09997558594","1270.01000976563","1266.90600585938","","",
"Monaco","MCO","Aquaculture production (metric tons)","ER.FSH.AQUA.MT","","","","","","","","","","","","","","","","","","","","","","","","","","","","","","","","","","","","","","","","","","","","","","","","","","","","","","","","","","","","","",
"Moldova","MDA","Aquaculture production (metric tons)","ER.FSH.AQUA.MT","","","","","","","","","","","","","","","","","","","","","","","","","","","","","7146","6756","7141","5124","2935","2275","1212","1401","1067","1202","1129","815","1710","1709","2335","3408","5650","6300","6800","7500","7800","8200","8800","9000","9080","9080","11000","11166.0498046875","12011.400390625","12083","12530","","",
"Madagascar","MDG","Aquaculture production (metric tons)","ER.FSH.AQUA.MT","","","","","","","","","","","","","","","","","4","9","13","27","53","92","127","168","190","284","181","194","231","230","280","198","2640","2289","3295","4712","5075","8582","4503","5811","7980","8449","10413","10267","9603","10296","16534","14943","14486","9716","10886","10544","9987.5","12549","15440","22694.2109375","25998","28335","12758.056640625","","",
"Maldives","MDV","Aquaculture production (metric tons)","ER.FSH.AQUA.MT","","","","","","","","","","","","","","","","","","","","","","","","","","","","","","","","","","","","","","","","","","","","","","","","","","","","","","","","","","","","","",
"Middle East & North Africa","MEA","Aquaculture production (metric tons)","ER.FSH.AQUA.MT","13871","15254","15185","17282","18812","17873","16430","15247","16444","17108","18861","20831","22806","24661","24176","25347","29021","33386","36458","40153","43979","48297","54006","57269","64142","80629","86914","93573","103775","109559","112076","105974","112637","101022","112531","132693","157331","155005","218219","297997","422223","448866","496886","588267","640497.400024414","724032","795618","869511.400390625","931994.131011963","971138.481544495","1228594.04893851","1311014.91789651","1398014.62734365","1496763.48071289","1554365.08289433","1624020.98999023","1888948.28885841","2008555.95527649","2163176.7003479","","",
"Mexico","MEX","Aquaculture production (metric tons)","ER.FSH.AQUA.MT","100","114","120","120","80","80","100","150","150","150","540","660","709","1984","1826","2840","2486","2960","4841","6766","8626","11089","12512","13679","10465","11230","13523","15907","17121","18249","22348","24972","26576","28068","31667","25580","31339","39500","41068","48443","53918","76063","73670","84470","104348","133131","154451","140062.25","159309.046875","156956.640625","126238","137128","143746.640625","111499.75","194229.75","211621.640625","221327.453125","243307.328125","247222.421875","","",
"Marshall Islands","MHL","Aquaculture production (metric tons)","ER.FSH.AQUA.MT","0","0","0","0","0","0","0","0","0","0","0","0","0","0","0","0","0","0","0","0","0","0","0","0","0","0","0","0","0","0","0","0","0","0","0","0","0","0","0","0","0","0","0","0","0","0","0","0","0","0","0","0","0","","0.610000014305115","0.200000002980232","5","5","2.26999998092651","","",
"Middle income","MIC","Aquaculture production (metric tons)","ER.FSH.AQUA.MT","1294035","1139761","1118253","1253865","1435690","1595718","1793162","1821127","1854017","2091590","2097543","2449173","2646307","2524582","2758829","2991198","3045563","3841314","4153564","4166581","4563716","4609788","4919721","5490304","6275664","7184007","7900257","8944110","10618703","11637464","12166736","13683995","16501363.8999023","19797026.0340576","23200992","26608625","29242632","29713874","31968647","35100460.0195313","37152296","39263601","42134833.7597656","44878470.0996094","48978549.0991669","52315460.2687988","55669411.3927803","58704643.3397837","62680779.6730337","66165581.1739235","70417510.4205532","73880670.8935051","79903820.993114","86918399.6428986","91106361.7054112","95234515.9918794","99424136.760691","102732540.710715","104940069.406716","","",
"North Macedonia","MKD","Aquaculture production (metric tons)","ER.FSH.AQUA.MT","","","","","","","","","","","","","","","","","","","","","","","","","","","","","","","","","899","752","744","829","526","538","652","1170","1217","787","763","864","959","843","588","1041","1287","1540","1491","1368","1306","1340","1214","991","986","1508.39990234375","1359.30004882813","","",
"Mali","MLI","Aquaculture production (metric tons)","ER.FSH.AQUA.MT","","","","","","","","","","","","","","","","","","","","","","","","","3","6","10","12","17","13","13","31","40","52","100","100","60","60","60","80","30","500","1008","1008","1008","1008","1000","640","821","1355","2083","2083","987","2205.25","1953","2400","4194","3914","3926","","",
"Malta","MLT","Aquaculture production (metric tons)","ER.FSH.AQUA.MT","","","","","","","","","","","0","0","0","0","0","0","0","0","0","0","0","0","0","0","0","0","0","0","0","0","3","200","500","650","904","904","1552","1800","1950","2002","1746","1235","1116","887","868","736","1936","2716","2702","2868","2916","2126.72387695313","4336","5266","4917","5913","6072.9169921875","7105.697265625","10022.375","","",
"Myanmar","MMR","Aquaculture production (metric tons)","ER.FSH.AQUA.MT","80","110","140","180","230","290","350","430","520","620","730","860","1000","1160","1330","1520","1730","1970","2220","2500","2790","3120","3460","3840","3951","5054","5805","5493","5673","6947","7087","8822","25954","51676","64584","71700","71508","82740","81968","91114","98912","121266","190120","252010","400360","485220","574990","604660","675064","779296.375","852791","819156.375","888369","930780","964255.8125","999630","1017644.3125","1048863.25","1131706","","",
"Middle East & North Africa (excluding high income)","MNA","Aquaculture production (metric tons)","ER.FSH.AQUA.MT","4600","5200","5200","6000","7000","6200","5904","5610","5617","5928","6046","7205","8711","10378","11760","12906","16575","20033","23489","27870","32588","37034","42746","46245","52621","67666","74587","79392","88295","93714","95447","88519","97546","84265","94408","112819","134297","130045","192378","271331","393987","417899","466572","551758","604686","685363","754649","825826","885141.916015625","922093.231933594","1178734.86193848","1271064.77001953","1359664.50195313","1458487.88110352","1503972.97290039","1567235.98999023","1821033.09997559","1925928.01000977","2060145.2253418","","",
"Montenegro","MNE","Aquaculture production (metric tons)","ER.FSH.AQUA.MT","","","","","","","","","","","","","","","","","","","","","","","","","","","","","","","","","","","","","","","","","","","","","","","354","361","614","565","740","840","811","811","859","813","929","1022","1097","","",
"Mongolia","MNG","Aquaculture production (metric tons)","ER.FSH.AQUA.MT","","","","","","","","","","","","","","","","","","","","","","","","","","","","","","","","","","","","","","","","","","","","","","","","","","","","","","","","","","","","","",
"Northern Mariana Islands","MNP","Aquaculture production (metric tons)","ER.FSH.AQUA.MT","","","","","","","","","","","","","","","","","","","","","","","","","","","","","","","","","","","","","","","","","","","","","","","6","11","16","21","23.5799999237061","24.5300006866455","26","31","42","42","42","42","42","","",
"Mozambique","MOZ","Aquaculture production (metric tons)","ER.FSH.AQUA.MT","","","","","","","","","","","0","0","0","0","0","0","0","0","0","0","0","0","0","0","0","0","5","17","20","20","15","15","12","10","116","36","4","0","0","0","0","0","2247","5639","1366","1782","1198","1528","1392","720","864","796","604","721","1179","1133","1180","1835","127","","",
"Mauritania","MRT","Aquaculture production (metric tons)","ER.FSH.AQUA.MT","","","","","","","","","","","","","","","","","","","","","","","","","","","","","","","","","","","","","","","","","","","","","","","","","","","","","","","","","","","","","",
"Mauritius","MUS","Aquaculture production (metric tons)","ER.FSH.AQUA.MT","","","","","","","","","","","0","0","0","0","0","0","0","1","5","15","16","25","30","24","42","53","50","72","73","82","78","86","100","110","142","176","165","118","83","85","87","59","56","33","350","400","443","175","245","437.399993896484","567.5","537.299987792969","512","397.299987792969","777.5","775.989990234375","1021.32000732422","1253.52001953125","2069.60009765625","","",
"Malawi","MWI","Aquaculture production (metric tons)","ER.FSH.AQUA.MT","","","","","","","","","","","0","0","0","0","2","6","7","14","32","49","70","82","107","143","123","180","188","203","215","217","197","223","223","255","225","226","240","231","229","590","530","568","642","666","733","812","1500","1500","1700","1620","2631","2833","3232","3705","4741.56005859375","4974","7646.39013671875","12216.7998046875","9014","","",
"Malaysia","MYS","Aquaculture production (metric tons)","ER.FSH.AQUA.MT","7841","7911","9968","21941","21302","21508","26709","29211","29408","30802","34296","31287","32578","42867","51946","32071","34842","49737","59058","67206","125334","73262","57185","46528","67777","51875","52107","46486","47345","53647","52919","64845","79700","105241","114112","132745","109063","107984","133635","166974","167898","177021","183990","192160","202218","215834","228317","268508","354579","472502.3125","581242.9375","526692.5","634875.875","530701.8125","521014.46875","506965.1875","407887.09375","427515.53125","391977.46875","","",
"North America","NAC","Aquaculture production (metric tons)","ER.FSH.AQUA.MT","107396","105537","113061","125912","127114","135820","117494","130574","134509","120173","172272","169483","178191","175653","171622","222588","187850","178207","162833","142448","171931","234185","265146","272772","334173","332371","384869","400149","381279","401703","356943","411151","459230","469355","446842","478661","465722","520032","536165","592128","584495","633408","670945","713769","752588","668507","691596","678531","656875","637152","659040","566998","605296","597026","560921","613376","645444","631286","659508","","",
"Namibia","NAM","Aquaculture production (metric tons)","ER.FSH.AQUA.MT","","","","","","","","","","","","","","","","","","","","","","","","","0","0","0","0","0","0","20","20","22","57","66","67","67","62","62","65","70","70","88","142","192","192","273.5","360.5","605.599975585938","665.599975585938","695.640014648438","532.130004882813","679.350036621094","671.559997558594","647.339965820313","625.72998046875","605.200012207031","586.929992675781","472.480010986328","","",
"New Caledonia","NCL","Aquaculture production (metric tons)","ER.FSH.AQUA.MT","0","0","0","0","0","0","0","0","0","0","0","0","0","0","0","0","0","0","0","0","0","0","0","16","51","87","59","88","218","389","631","754","847","717","780","939","1061","1152","1596","1850","1765","1893","1918","1784","2290","2533","2365","1923","2106","1923","1223","1564","1666","1596","1659","1256","1588.25","1458.5","1617.30004882813","","",
"Niger","NER","Aquaculture production (metric tons)","ER.FSH.AQUA.MT","","","","","","","","","","","","","","","","","","","","","","","","","9","7","8","14","20","19","36","21","8","10","17","35","11","13","12","14","15","21","40","40","40","40","40","40","40","70","70","85","100","200","329","300","300","350","350","","",
"Nigeria","NGA","Aquaculture production (metric tons)","ER.FSH.AQUA.MT","2005","2173","2361","2547","2730","2904","3084","3265","3434","3613","3809","3993","4183","4407","4630","4860","5087","5329","5562","5782","6028","6283","6559","6842","6519","7892","5456","6002","10631","25840","7347","15365","17088","17090","15030","16619","19491","24297","20458","21737","25718","24398","30663","30677","43950","56355","84578","85087","143207","152796","200535","221128","253898","278706","313231","316727","306767","296191","291323","","",
"Nicaragua","NIC","Aquaculture production (metric tons)","ER.FSH.AQUA.MT","","","","","","","","","","","0","0","0","0","0","0","0","0","0","0","0","0","0","17","17","27","36","48","74","74","74","74","60","326","1068","2310","2504","3486","4790","4205","5435","5750","6089","7005","7880","9983","11220","11533","16078","18943","16972","15766","24351","26406.900390625","30566","24536","21182","24899","29468.400390625","","",
"Netherlands","NLD","Aquaculture production (metric tons)","ER.FSH.AQUA.MT","77600","85400","96500","89700","115800","110500","92400","85600","113600","105900","86000","95700","116200","113000","98719","112136","73330","109378","118535","97494","77052","109548","130371","119793","60319","116547","86496","99567","79163","108877","100997","51648","54105","71125","109379","83938","99871","98210","120094","108760","75231","57042","54429","66540","78598","71370","45553","56841","46895.69921875","55640.59765625","67040.1015625","43894.8984375","46224.3984375","46620","63084","62795","62185","52185","52285","","",
"Norway","NOR","Aquaculture production (metric tons)","ER.FSH.AQUA.MT","1900","900","200","100","601","202","204","318","365","427","480","531","924","1172","2327","2517","3476","3932","5645","7377","7980","13042","15329","22712","25453","34617","49392","55379","88268","115191","150583","160705","131102","164499","218486","277615","321516","367617","410757","475932","491329","510748","551300","584422","636802","661877","712373","841560","848359","961839.8125","1019801.9375","1143893.375","1321119.125","1247865.125","1332497","1380890","1326216.25","1308633.75","1355116.875","","",
"Nepal","NPL","Aquaculture production (metric tons)","ER.FSH.AQUA.MT","0","0","0","0","0","0","3","9","18","26","68","118","197","314","401","515","662","811","985","1192","1433","1714","2041","2271","1997","3265","4162","5435","5125","6836","9258","10314","10645","9532","9663","9918","10649","11977","12866","13028","15023","16570","17100","17680","20000","22480","25409","26679","27250","26730","28230","30950","34500","36020","43400","48000","49043","56157.1015625","59000","","",
"Nauru","NRU","Aquaculture production (metric tons)","ER.FSH.AQUA.MT","0","0","0","0","0","0","0","0","0","0","0","0","0","0","0","0","0","0","0","0","0","0","0","0","0","0","0","0","0","0","0","0","0","0","0","0","0","0","0","0","0","0.400000005960464","0","0","0","0","0.800000011920929","0","0","0","0","0","1","0.100000001490116","0.300000011920929","0.300000011920929","0.300000011920929","0.300000011920929","0.5","","",
"New Zealand","NZL","Aquaculture production (metric tons)","ER.FSH.AQUA.MT","2800","1000","2600","1900","1900","2400","2300","1800","1800","1300","1400","1900","2900","2700","2538","2071","2658","1403","1838","2783","3220","2998","6533","9720","10945","11835","16977","19366","27751","26985","28600","48700","51500","52501","51256","70391","74800","76850","93807","91650","85640","76024","86583","84641","92220","105302","107524","111908","112358","104958","110592","117266","100161","97123","109873.8515625","91275.296875","109016.203125","116530","104549","","",
"OECD members","OED","Aquaculture production (metric tons)","ER.FSH.AQUA.MT","699362","752083","855982","964606","960256","999453","1007880","1093973","1220520","1148108","1363396","1441381","1599755","1848201","2036637","2047565","2132605","2294959","2285361","2299271","2520861","2773505","2751006","2958759","3114912.5","3295911.5","3650703","3574697.25","3869337","3847558.125","3831063","3958849.625","4178605","4310508.875","4606710","4731499.5","4790291.75","5139913.5","5048468.125","5193785.75","5188846.125","5474196.75","5639083.125","5771683.5","6049315.25","6146035","6569544.6875","6862107.03125","6772510.6796875","6946442.52752686","6759025.94348145","6955324.91165161","7448995.46508789","7265726.79266357","7681848.63256836","7820744.05426025","8020019.58557129","8719882.83343506","8866172.72381592","","",
"Oman","OMN","Aquaculture production (metric tons)","ER.FSH.AQUA.MT","","","","","","","","","","","0","0","0","0","0","0","0","0","0","0","0","0","0","0","0","0","0","0","0","0","0","0","0","0","0","0","0","0","13","0","0","0","0","352","515.400024414063","218","114","96","121","118.400001525879","127","157","168","353","282.399993896484","170","103","77.2480010986328","451.450012207031","","",
"Other small states","OSS","Aquaculture production (metric tons)","ER.FSH.AQUA.MT","0","0","0","0","0","0","0","0","0","0","0","0","0","0","51","56","66","69","83","105","113","135","175","201","262","249","426","815","1811","3216","4170","4754","4158","4557","5414","5872","7134","7786","8504","8752","8849","8684","7484","10836","15009","13961","16222.5","13408.5","15104.5999755859","16168.6999435425","17476.5468022823","17185.7678415775","21515.1928038597","23226.2540435791","24927.3250757232","26712.8196655288","35271.9720096588","44482.5173583999","46847.7231750488","","",
"Pakistan","PAK","Aquaculture production (metric tons)","ER.FSH.AQUA.MT","1170","1270","1360","1470","1580","1700","1840","1980","2130","2300","2500","2700","2900","3100","3300","3600","3900","4200","4500","4800","5200","5600","6000","6500","8500","8500","8500","8500","6837","9750","10041","12795","12604","13389","14664","14848","13557","15464","17369","23076","12485","57632","66970","73047","76653","80621.96875","121826","130092","135098","138099","140101","141935","142832","148120","148381","151174","156430","157469","159083","","",
"Panama","PAN","Aquaculture production (metric tons)","ER.FSH.AQUA.MT","0","0","0","0","0","0","0","0","0","0","0","0","0","0","0","2","5","15","30","80","180","380","993","1366","1507","2804","3460","3460","4187","3701","3439","3877","3820","5106","6291","5503","5079","7217","7233","2327","1779","3127","3638","6228","7048","7778","8764","8943","8354","6609.3798828125","6597.52978515625","7588.2001953125","7773.60009765625","8635.2001953125","10635","9550.3203125","8807.400390625","9900.3603515625","10445.400390625","","",
"Peru","PER","Aquaculture production (metric tons)","ER.FSH.AQUA.MT","","","","","","","","","5","15","40","54","117","180","254","329","422","515","630","755","1150","1530","2100","1459","3275","7708","2706","4174","4958","4869","5226","6866","5504","4862","5903","5771","7724","7931","7175","8788","6596","7551","11532","13621","22114","25981","28393","39531","43120","44317","89021","92200.3515625","72292.8515625","125692.890625","115271.4140625","90976.4609375","100187.1484375","100458.359375","103598.078125","","",
"Philippines","PHL","Aquaculture production (metric tons)","ER.FSH.AQUA.MT","60769","61575","62314","63070","63885","65613","66323","66880","100035","99251","101651","105699","107424","110975","140073","133446","143328","162274","223377","260479","332642","352082","407225","472370","478345","495184","470923","560970","599464","629323","671116","692401","736381","793620","869083","940619","1007677","984437","997841","1048679","1100902","1220456","1338394","1448504","1717028","1895848","2092274","2214785","2407698","2477392.5","2545967","2608120","2541965","2373386","2337605","2348159","2200912.25","2237787","2304360.75","","",
"Palau","PLW","Aquaculture production (metric tons)","ER.FSH.AQUA.MT","0","0","0","0","0","0","0","0","0","0","0","0","0","0","0","0","0","0","0","0","0","0","0","0","0","0","0","0","0","3","2","2","2","2","3","3","2","2","1","1","2","2","4","4","5","5","5","18","20","41.8800010681152","25.1100006103516","23.5799999237061","35.9109992980957","19.8950004577637","29.326000213623","26.1900005340576","23.8000011444092","20.7000007629395","22.7000007629395","","",
"Papua New Guinea","PNG","Aquaculture production (metric tons)","ER.FSH.AQUA.MT","0","0","0","0","0","0","0","0","0","0","0","0","0","0","0","0","0","0","0","0","0","0","0","0","0","0","0","0","7","8","7","11","11","15","15","23","38","57","106","156","210","210","286","296","431","491","691","841","1123","1372","1688","1871","3025","4125","4625","5735","5725","6001.10302734375","6001.10009765625","","",
"Poland","POL","Aquaculture production (metric tons)","ER.FSH.AQUA.MT","8100","8700","7500","8800","10600","9700","10109","9927","12464","12905","9833","10365","13204","13805","13512","14599","14578","16728","11627","9932","9636","14190","12881","18000","20000","20099","18684","20472","25951","25951","26400","29500","30200","18609","24500","25111","27700","28680","29791","33711","35795","35460","32709","35436","35131","37920","35867","35628","36813","36503","30751","29037","32261","35208.12890625","40109.69140625","36971","38300","38799.76953125","43361.3359375","","",
"Pre-demographic dividend","PRE","Aquaculture production (metric tons)","ER.FSH.AQUA.MT","2385","2583","2721","2927","3160","3303","3454","3625","3751","3968","4219","4473","5113","5847","6750","7447","8270","8866","9384","9825","10401","10895","11504","12154","13020","14491","13055","14713","19671","34702","15542","24702","33387","33175","32092","33956","37699","46279","43068","42041","47862","50955","66691","70143","92172","115620","169341","194300","258790","292485.1015625","375044.399997711","394988.018131256","457062.100372314","487628.949584961","554061.760253906","575563.071289063","576271.623718262","579366.761169434","545467.014038086","","",
"Puerto Rico","PRI","Aquaculture production (metric tons)","ER.FSH.AQUA.MT","0","0","0","0","0","0","0","0","0","0","0","0","0","0","0","0","0","0","0","0","0","0","0","0","0","0","0","97","86","110","113","242","284","160","143","68","58","13","164","138","154","414","462","309","457","351","306","84.3000030517578","62","51","17","20","20","19.9200000762939","20","20","20","20","20","","",
"Korea, Dem. People's Rep.","PRK","Aquaculture production (metric tons)","ER.FSH.AQUA.MT","5236","6287","7556","9229","11410","14143","17841","24690","40218","55844","71743","88133","105263","123457","143138","165608","192889","223564","258006","297961","347299","404354","470917","549383","694800","744900","855100","1080000","1090000","1200000","900000","950000","1100000","1130000","817039","738317","782475","489321","481500","481500","467700","508095","508095","508095","508105","508175","508180","508250","508550","508660","509785","509800","510610","511675","556545","556750","619750","625060","629060","","",
"Portugal","PRT","Aquaculture production (metric tons)","ER.FSH.AQUA.MT","0","0","0","0","0","1","3","8","16","24","47","79","119","155","203","232","265","309","394","489","599","682","839","2463","6240","6402","10331","11012","10433","8549","4968","6277","6402","5970","6538","4981","5364","7185","7536","6268","7537","8209","8288","8033","6700","6696","7894","7416","7352","6728.10009765625","8224.5751953125","9165.3896484375","10317.7998046875","10067.2099609375","11338.9384765625","9562.8759765625","9787.240234375","12508.740234375","11814.2958984375","","",
"Paraguay","PRY","Aquaculture production (metric tons)","ER.FSH.AQUA.MT","","","","","","","","","","","","","","","","","","","","","","","","","0","0","0","22","54","51","61","60","75","75","100","190","350","350","95","95","103","570","1000","1300","2100","2120","2250","2350","2450","2600","2957.419921875","4929.06005859375","5400","6450","7500","8481","8500","10781","11536","","",
"West Bank and Gaza","PSE","Aquaculture production (metric tons)","ER.FSH.AQUA.MT","0","0","0","0","0","0","0","0","0","0","0","0","0","0","0","0","0","0","0","0","0","0","0","0","0","0","0","0","0","0","0","0","0","0","0","0","0","0","0","0","0","0","0","0","0","10","17","37","65","115","280","189","269","284","184","256","280","500","749","","",
"Pacific island small states","PSS","Aquaculture production (metric tons)","ER.FSH.AQUA.MT","0","0","0","0","0","0","0","0","0","0","0","0","0","0","0","0","0","0","0","0","0","0","0","0","47","857","10191","11252","5538","7280","11476","11710","6021.89990234375","3528.03405761719","3400","5481","9759","7764","8370","26287.01953125","18273","14296.400000006","5545","4788","6225.69995117188","8270.30004882813","11946.3999755979","2872.09997558594","3507.94995117188","6884.31609725953","13065.9099884033","12545.9800853729","16414.7909026146","14951.0449920669","16695.7060887218","16659.4759988934","15066.3325012326","9288.19581013918","10034.3100552559","","",
"Post-demographic dividend","PST","Aquaculture production (metric tons)","ER.FSH.AQUA.MT","681151","733720","839377","944584","941994","982979","991333","1080554","1201818","1128482","1344997","1420215","1574358","1823448","2014857","2024567","2110155","2269968","2265882","2283166","2503604","2750312","2728605","2931416","3074136.5","3252660.5","3606115","3516347.25","3891095","3838684.125","3774146","3825577.625","4040419","4150769.875","4361741","4444890.5","4376443.75","4633654.5","4534475.125","4717778.75","4539986.125","4593040.75","4780228.88476563","4880937.59960938","5031693.44921875","5028506","5337267.6875","5677952.78125","5498196.1328125","5648593.79821777","5651447.29992676","5544878.64416504","5899486.26611328","5761717.84204102","5912696.0300293","6200163.77270508","6368745.13806152","6832127.2545166","6862765.26416016","","",
"French Polynesia","PYF","Aquaculture production (metric tons)","ER.FSH.AQUA.MT","","","","","","","","","","","0","0","0","0","0","0","2","3","3","3","6","6","13","7","22","89.2060012817383","129.10400390625","39","66","89","88","80","71","455.171997070313","615.960021972656","551.698974609375","596.380004882813","809.18798828125","619.001037597656","989.822021484375","810.6669921875","932.623962402344","1343.84106445313","2013.05798339844","1900.80297851563","2961.828125","2483.10107421875","2255.19189453125","1945.68505859375","1905.36401367188","2184.43798828125","2918.9208984375","2654.55786132813","2697.67504882813","2086.55810546875","1914.69604492188","1342.98999023438","1354.59997558594","1355","","",
"Qatar","QAT","Aquaculture production (metric tons)","ER.FSH.AQUA.MT","","","","","","","","","","","0","0","0","0","0","0","0","0","0","0","0","0","0","0","0","0","0","0","0","0","0","0","0","0","0","0","1","2","0","0","0","1","0","0","0","11","36","36","36","36","36","36","36","56","56","10","10","10","10","","",
"Romania","ROU","Aquaculture production (metric tons)","ER.FSH.AQUA.MT","13700","14400","13700","13500","14010","13850","14300","17900","14400","15400","18850","22000","28710","27850","33544","32316","37373","35142","35330","34551","34676","39016","43661","32217","45116","42414","47544","40183","50680","47260","34950","29530","24620","21100","20400","19830","13900","11168","9614","8998","9727","10818","9248","9042","8137","7284","8088","10312","12532","13131","8981.3203125","8353.2705078125","10004","10146","10679.9794921875","11041.748046875","12574.0302734375","12798.2001953125","12298.4501953125","","",
"Russian Federation","RUS","Aquaculture production (metric tons)","ER.FSH.AQUA.MT","0","0","0","0","0","0","0","0","0","0","0","0","0","0","0","0","0","0","0","0","0","0","0","0","0","0","0","0","151377","176600","259735","120877","104999","92866","77956","68578","53309","59766","66230","71615","77132","90449","101483","108751","110018","114997","106343","105803","115680","117310","120998","129651","146455","155540","163600","154050","173981","186544","204032","","",
"Rwanda","RWA","Aquaculture production (metric tons)","ER.FSH.AQUA.MT","","","","","","","","","","","","","","","","","","","18","20","23","27","30","36","39","39","61","64","38","44","164","58","53","53","60","79","100","118","128","300","270","435","612","1027","386","34.1500015258789","30.2000007629395","60.2000007629395","60.25","60.2999992370605","100.300003051758","265.330017089844","505.980010986328","1165.19995117188","1504","1620.19995117188","1580","3357","5128","","",
"South Asia","SAS","Aquaculture production (metric tons)","ER.FSH.AQUA.MT","95250","101198","107672","114759","122500","132677","140301","150530","160079","174634","189015","207660","225633","247099","267072","291352","319938","347379","383293","421631","463044","510933","562836","620744","699732","769276","844245","969045","1082101","1205503","1230388","1461228","1647921","1680226","1811505","2004335","2165994","2381637","2520432","2768350","2631909","2911566","3063250","3268572","3820260","3963112.96875","4228243","4226668","5032223","5037200.67919922","5277221.14013672","5389065.22167969","6129776.09585571","6634218.1007843","7080827.30078125","7564220.75","8148338.22070313","8767825.26171875","9733896.08093262","","",
"Saudi Arabia","SAU","Aquaculture production (metric tons)","ER.FSH.AQUA.MT","0","0","0","0","0","0","0","0","0","0","0","0","0","0","0","0","0","0","0","0","0","0","0","0","0","0","28","140","331","1240","1988","2153","2380","2503","2235","2696","3835","4690","5101","5620","6004","8218","6744","11824","11172","14375","15586","18410.400390625","22340","26441.849609375","26374","16076","12737","9266","23880","30000","39920","55000","72000","","",
"Sudan","SDN","Aquaculture production (metric tons)","ER.FSH.AQUA.MT","","","","","","","","","","","","","","","","","","","","","","","","","10","30","41","43","45","100","234","203","200","200","200","1000","1000","1000","1000","1000","1000","1000","1600","1600","1600","1600","1600","1950","1800","2000","2000","2000","7500","6500","6000","7000","6000","9000","10000","","",
"Senegal","SEN","Aquaculture production (metric tons)","ER.FSH.AQUA.MT","","","","","","","","","","","100","100","200","200","98","66","81","146","123","92","149","136","124","0","39","36","34","34","43","11","7","12","11","26","42","60","78","74","23","155","104","105","109","98","52","54","45","45","54","71","79.5999984741211","334.665008544922","399.299987792969","706.799987792969","1012","1212.5","2078.830078125","1010.70001220703","1108","","",
"Singapore","SGP","Aquaculture production (metric tons)","ER.FSH.AQUA.MT","0","0","0","0","0","0","0","0","0","0","10","30","135","140","40","38","107","52","96","103","91","279","1126","1497","1149","1225","1330","1855","1969","1965","1857","2000","2350","2350","2360","3625","3567","4088","3706","4029","5112","4443","5027","5024","5406","5917","8573","4503","3518","3567","3498.86987304688","4335.7939453125","4232.33056640625","5566.11083984375","5262.3232421875","6896.29345703125","6112.36083984375","5890.85791015625","5701.64892578125","","",
"Solomon Islands","SLB","Aquaculture production (metric tons)","ER.FSH.AQUA.MT","","","","","","","","","","","","","","","","","","","","","","","","","28","0","0","6","5","3","5","6","8","10","13","13","13","13","13","13","15","15","6","400","1711.19995117188","2608.80004882813","1353.59997558594","866.599975585938","1160.19995117188","4029.80004882813","7105","7218.60009765625","6992.39990234375","11814","12164.400390625","12202","10582","4780.52880859375","5520.2060546875","","",
"Sierra Leone","SLE","Aquaculture production (metric tons)","ER.FSH.AQUA.MT","","","","","","","","","","","0","0","0","0","0","0","0","0","0","1","2","2","3","4","7","9","14","18","20","20","20","20","20","15","25","25","30","30","30","30","30","30","30","30","30","30","30","50","50","75","75","75","75","75","75","85","85","85","85","","",
"El Salvador","SLV","Aquaculture production (metric tons)","ER.FSH.AQUA.MT","","","","","","","","","","","","","","","","","","","","","","","","","10","676","760","790","718","711","632","117","539","628","1324","518","358","384","399","279","261","395","781","1131","2219","2203","3078","3734","3817","4355.7099609375","4499.93017578125","4883.7001953125","5322","3278","1663","6742.7099609375","7955.68017578125","8300","8600","","",
"San Marino","SMR","Aquaculture production (metric tons)","ER.FSH.AQUA.MT","","","","","","","","","","","","","","","","","","","","","","","","","","","","","","","","","","","","","","","","","","","","","","","","","","","","","","","","","","","","","",
"Somalia","SOM","Aquaculture production (metric tons)","ER.FSH.AQUA.MT","","","","","","","","","","","","","","","","","","","","","","","","","","","","","","","","","","","","","","","","","","","","","","","","","","","","","","","","","","","","","",
"Serbia","SRB","Aquaculture production (metric tons)","ER.FSH.AQUA.MT","","","","","","","","","","","","","","","","","","","","","","","","","","","","","","","","","","","","","","","","","","","","","","","5013.0498046875","6608.7998046875","7533.72021484375","7440.43994140625","8195.330078125","7628.94970703125","7661.18994140625","5935.5400390625","7168.3701171875","7387","6877.65966796875","5069.64990234375","7338.7001953125","","",
"Sub-Saharan Africa (excluding high income)","SSA","Aquaculture production (metric tons)","ER.FSH.AQUA.MT","2385","2583","2721","2927","3160","3303","3458","3635","3771","3952","4243","4435","4697","4967","5112","5349","5649","6009","6333","6636","7048","7411","7927","8557","9432","11121","9776","11115","16633","34285","18137","28341","33446","33807","33158","35804","39171","47804","42860","48897","56864","60381","77471","79184","88704","107488.150001526","165707.700000763","189952.700000763","252259.849975586","286889.001529694","371077.840106964","408294.427921295","470724.330688477","520026.739513397","581523.630249023","609941.891113281","614862.413757324","620290.531005859","615749.003814697","","",
"South Sudan","SSD","Aquaculture production (metric tons)","ER.FSH.AQUA.MT","","","","","","","","","","","","","","","","","","","","","","","","","","","","","","","","","","","","","","","","","","","","","","","","","","","","","20","20","20","20","20","20","20","","",
"Sub-Saharan Africa","SSF","Aquaculture production (metric tons)","ER.FSH.AQUA.MT","2385","2583","2721","2927","3160","3303","3458","3635","3771","3952","4243","4435","4697","4967","5112","5349","5649","6009","6333","6636","7048","7411","7927","8557","9432","11121","9776","11115","16633","34292","18152","28353","33496","33907","33322","35999","39449","48388","43509","49124","57289","60663","77705","80268","89879","108260.150001526","166411.700000763","190320.700000763","252548.849975586","286889.001529694","371077.840106964","408294.427921295","470724.330688477","520026.739513397","581523.730249025","609941.991113283","614862.413757324","620290.631005861","615749.003814697","","",
"Small states","SST","Aquaculture production (metric tons)","ER.FSH.AQUA.MT","0","0","0","0","0","0","0","0","0","0","0","0","0","0","51","56","66","71","121","130","133","167","310","363","691","2125","12309","14475","10250","14279","19293","19879","13848.8999023438","12194.0340576172","13143","16138","21680","20690","22353","43316.01953125","36251","33044.400000006","24673","29716","38132.1999511719","39974.8000488281","44766.6429756284","25933.5899782181","29523.6799287796","34597.8560333252","42513.2569901943","36394.897932291","44858.9618587494","46550.3990503326","50255.2074212208","48817.1356462166","52990.6444942355","56578.9811745062","59579.213244915","","",
"Sao Tome and Principe","STP","Aquaculture production (metric tons)","ER.FSH.AQUA.MT","","","","","","","","","","","","","","","","","","","","","","","","","","","","","","","","","","","","","","","","","","","","","","","","","","","","","","","","","","","","","",
"Suriname","SUR","Aquaculture production (metric tons)","ER.FSH.AQUA.MT","0","0","0","0","0","0","0","0","0","0","0","0","0","0","0","0","0","0","0","0","0","0","0","0","0","0","0","0","0","0","0","0","3","3","1","1","1","1","106","200","345","422","422","260","288","242","180","118.300003051758","74.4000015258789","41.1599998474121","71.0999984741211","96","74.1999969482422","78.6999969482422","82.8199996948242","122.169998168945","102.099998474121","110","110","","",
"Slovak Republic","SVK","Aquaculture production (metric tons)","ER.FSH.AQUA.MT","","","","","","","","","","","","","","","","","","","","","","","","","","","","","","","","","","1588","1861","1617","954","1254","648","872","887","999","829","881","1180","955","1263","1199","1071","834.900024414063","702.400024414063","834.5","1310.56005859375","1106.19995117188","1230.66003417969","1308.63000488281","2168.65014648438","2646.26391601563","2224.40991210938","","",
"Slovenia","SVN","Aquaculture production (metric tons)","ER.FSH.AQUA.MT","","","","","","","","","","","","","","","","","","","","","","","","","","","","","","","","","868","718","787","789","869","917","909","1206","1181","1262","1289","1353","1571","1346","1369","1352","1315","1306.59997558594","778.400024414063","1396.59997558594","1154.30004882813","1225.69995117188","1396.30004882813","1607.19995117188","1843.70007324219","1730.09997558594","1918.5","","",
"Sweden","SWE","Aquaculture production (metric tons)","ER.FSH.AQUA.MT","510","511","828","838","649","562","778","597","619","544","373","307","244","287","392","420","489","548","640","721","822","2607","3998","3227","3265","3081","4346","7288","8287","7914","9124","7984","7119","5904","7410","7554","8244","6683","5476","6004","4834","6773","5618","6334","5989","5880","7549","5365","7595","8540","10644","13441","13757","13366","12899","12020","15747","14793","11672","","",
"Eswatini","SWZ","Aquaculture production (metric tons)","ER.FSH.AQUA.MT","","","","","","","","","","","","","","","","","","","","","","","","","8","12","18","19","20","40","45","45","40","42","60","88","93","66","81","61","69","72","","","","","","","","73","209","100","100","100","100","100","100","100","100","","",
"Sint Maarten (Dutch part)","SXM","Aquaculture production (metric tons)","ER.FSH.AQUA.MT","","","","","","","","","","","","","","","","","","","","","","","","","","","","","","","","","","","","","","","","","","","","","","","","","","","","","","","","","","","","","",
"Seychelles","SYC","Aquaculture production (metric tons)","ER.FSH.AQUA.MT","","","","","","","","","","","","","","","","","","","","","","","","","","","","","","7","15","12","50","100","164","195","278","584","649","227","425","282","234","1084","1175","772","704","368","289","0","0","0","0","0","0.100000001490116","0.100000001490116","0","0.100000001490116","0","","",
"Syrian Arab Republic","SYR","Aquaculture production (metric tons)","ER.FSH.AQUA.MT","","","","","","","","","1","4","8","10","15","20","20","30","70","120","163","230","509","816","1122","1375","2055","2810","2573","1982","3040","2662","2729","3169","5116","4635","4521","5857","6355","5596","7233","6079","6797","5880","5988","7217","8692","8533","8902","8425","8595","8697","8610","7500","6200","4000","3000","2500","2500","2350","2350","","",
"Turks and Caicos Islands","TCA","Aquaculture production (metric tons)","ER.FSH.AQUA.MT","","","","","","","","","","","","","","","","","","","","","","","","","","","","360","100","10","5","2","2","1","1","5","3","4","4","10","15","20","30","25","4","4","4","0","0","0.200000002980232","0.5","0.5","0.5","0.5","0.5","0.5","0.5","0.5","0.5","","",
"Chad","TCD","Aquaculture production (metric tons)","ER.FSH.AQUA.MT","","","","","","","","","","","","","","","","","","","","","","","","","","","","","","","","","","","","","","","","","","","","","","","","","30","30","30","30","30","60","60","154","94","450","450","","",
"East Asia & Pacific (IDA & IBRD countries)","TEA","Aquaculture production (metric tons)","ER.FSH.AQUA.MT","1177040","1015286","987739","1115637","1284686","1434323","1624474","1636224","1663695","1885170","1872439","2200895","2371815","2225366","2430751","2636144","2652117","3414502","3683799","3648303","3988044","3967025","4197280","4701328","5387166","6210952","6825517","7708798","8918031","9765046","10205589","11619043","14241777.8999023","17550438.0340576","20841586","24017122","26434974","26613067","28624634","31369747.0195313","33437798","35197219.4","37766373","40126141","43543317.6999512","46533578.3000488","49426614.3999756","52328970.0999756","55283466.9499512","58627465.5035973","62193528.3474884","65284671.7300854","70321062.6659026","76602593.8574921","80023080.8623387","83533724.4134989","86786276.9887512","89245024.0800875","90159290.1289029","","",
"Europe & Central Asia (IDA & IBRD countries)","TEC","Aquaculture production (metric tons)","ER.FSH.AQUA.MT","22760","24080","22300","23220","28860","28830","29029","34877","33074","34455","34683","38135","47044","47158","53581","53958","59184","61138","56007","56005","57521","67921","73617","66268","83110","76981","83606","78970","409208","431620","490382","323003","295284","264914","224690","203247","184832","201520","217158","241007","260930","261951","268072.759765625","295921.099609375","310792.399215698","350569","354339.049804688","386722.799804688","413724.720214844","427782.127838135","433481.877746582","458657.594238281","509645.611175537","558151.027923584","582205.402069092","586330.845458984","630677.607177734","677875.073730469","750132.108642578","","",
"Togo","TGO","Aquaculture production (metric tons)","ER.FSH.AQUA.MT","","","","","","","","","","","","","","","","","","","","","","","","","40","30","14","14","14","14","22","22","150","150","150","20","21","20","25","20","20","20","30","30","35","50","50","50","107","107","100","20","20","23","25","58","98","132","290","","",
"Thailand","THA","Aquaculture production (metric tons)","ER.FSH.AQUA.MT","31545","41436","41893","39525","40474","42112","51800","54769","63673","72390","80876","89384","52748","42574","47884","80821","125100","150858","130775","118363","95966","129097","86643","99978","111932","135840","134063","151656","218191","260191","291719","353333","370974","457314","509800","559504","556155","539817","594579","693762","738155","814121","954608","1064406","1259984","1304232","1354297","1370456","1330861","1416668","1286122","1201455.375","1272100","997517","897864.875","920323","962673","893974","890864","","",
"Tajikistan","TJK","Aquaculture production (metric tons)","ER.FSH.AQUA.MT","","","","","","","","","","","","","","","","","","","","","","","","","","","","","3227","3267","3603","3689","1874","2462","980","284","93","71","81","74","86","99","143","167","26","26","26","26","26","255.100006103516","517.200012207031","537","274.799987792969","403.899993896484","443.600006103516","450","439","475","480","","",
"Turkmenistan","TKM","Aquaculture production (metric tons)","ER.FSH.AQUA.MT","","","","","","","","","","","","","","","","","","","","","","","","","","","","","2380","2464","2410","2248","1950","2163","2125","1669","307","605","559","73","68","43","38","24","16","26","26","26","26","26","26","26","26","30","30","30","55","60","70","","",
"Latin America & the Caribbean (IDA & IBRD countries)","TLA","Aquaculture production (metric tons)","ER.FSH.AQUA.MT","180","194","211","222","194","205","335","304","354","416","871","1060","1419","3264","3881","5826","6527","9040","12358","16430","26065","35038","51765","65586","71791","75945","91171","129660","162421","184048","221131","296703","339795","340758","406906","467661","622391","737229","754531","734464","839464","1105945","1174411","1234720","1382187.5","1500639.5","1687444.24300003","1670193.54078388","1804074.7764864","1881551.23119354","1836960.37298393","2198568.67215347","2363982.20234203","2373038.32109928","2769959.86043608","2641883.03598285","2703984.43536603","2955797.67986739","3132852.94359875","","",
"Timor-Leste","TLS","Aquaculture production (metric tons)","ER.FSH.AQUA.MT","0","0","0","0","0","0","0","0","0","0","0","0","0","0","0","0","0","0","0","0","0","0","0","0","0","0","0","0","0","0","0","0","0","0","0","0","0","0","0","0","0","0","0","0","15","22","23","402","1052","1547","1554","1561","1568","1574","1580","1587","1595","1600","1610","","",
"Middle East & North Africa (IDA & IBRD countries)","TMN","Aquaculture production (metric tons)","ER.FSH.AQUA.MT","4600","5200","5200","6000","7000","6200","5904","5610","5617","5928","6046","7205","8711","10378","11760","12906","16575","20033","23489","27870","32588","37034","42746","46245","52621","67666","74587","79392","88295","93714","95447","88519","97546","84265","94408","112819","134297","130045","192378","271331","393987","417899","466572","551758","604686","685353","754632","825789","885076.916015625","921978.231933594","1178454.86193848","1270875.77001953","1359395.50195313","1458203.88110352","1503788.97290039","1566979.98999023","1820753.09997559","1925428.01000977","2059396.2253418","","",
"Tonga","TON","Aquaculture production (metric tons)","ER.FSH.AQUA.MT","","","","","","","","","","","","","","","","","","","","","","","","","","","","","","","","","","","","","","","6","4","77","70","67","72","33","81","5","5.5","302.609985351563","300.200012207031","300.299987792969","300.299987792969","300","132.039993286133","87.3099975585938","57.4049987792969","21.0300006866455","20","20","","",
"South Asia (IDA & IBRD)","TSA","Aquaculture production (metric tons)","ER.FSH.AQUA.MT","95250","101198","107672","114759","122500","132677","140301","150530","160079","174634","189015","207660","225633","247099","267072","291352","319938","347379","383293","421631","463044","510933","562836","620744","699732","769276","844245","969045","1082101","1205503","1230388","1461228","1647921","1680226","1811505","2004335","2165994","2381637","2520432","2768350","2631909","2911566","3063250","3268572","3820260","3963112.96875","4228243","4226668","5032223","5037200.67919922","5277221.14013672","5389065.22167969","6129776.09585571","6634218.1007843","7080827.30078125","7564220.75","8148338.22070313","8767825.26171875","9733896.08093262","","",
"Sub-Saharan Africa (IDA & IBRD countries)","TSS","Aquaculture production (metric tons)","ER.FSH.AQUA.MT","2385","2583","2721","2927","3160","3303","3458","3635","3771","3952","4243","4435","4697","4967","5112","5349","5649","6009","6333","6636","7048","7411","7927","8557","9432","11121","9776","11115","16633","34292","18152","28353","33496","33907","33322","35999","39449","48388","43509","49124","57289","60663","77705","80268","89879","108260.150001526","166411.700000763","190320.700000763","252548.849975586","286889.001529694","371077.840106964","408294.427921295","470724.330688477","520026.739513397","581523.730249025","609941.991113283","614862.413757324","620290.631005861","615749.003814697","","",
"Trinidad and Tobago","TTO","Aquaculture production (metric tons)","ER.FSH.AQUA.MT","","","","","","","","","","","","","","","","","","","","","","","","","","","","","","2","2","3","3","4","4","15","15","13","13","13","22","7","7","7","25.5","25.5","25.5","19.2999992370605","12.6900005340576","27.3600006103516","13.5","5.75","6.55000019073486","7.55000019073486","5.44999980926514","23.7999992370605","11.1000003814697","7.44999980926514","7.44999980926514","","",
"Tunisia","TUN","Aquaculture production (metric tons)","ER.FSH.AQUA.MT","0","0","0","0","0","0","0","0","0","0","0","0","0","0","0","2","9","17","28","41","56","72","117","160","116","147","182","212","993","820","1023","778","859","795","1137","960","1351","1875","1842","1095","1553","1868","1980","2086","2308","2603","2855","3581","3561","4907","5424","8126","8577","12184","11279","14425","16183","21930","21826.19921875","","",
"Turkey","TUR","Aquaculture production (metric tons)","ER.FSH.AQUA.MT","60","80","100","120","150","180","220","250","310","350","400","470","530","600","680","770","860","970","1090","1220","1370","1540","1740","1970","2226","2700","3075","3300","4100","4354","5782","7835","9085","12438","15998","21607","33201","45450","56700","63000","79031","67244","61165","79943","94450","119567","129333","140743","152896","159639","167721","188890","212805","233863.609375","234302","238964","250331","273477","311681","","",
"Tuvalu","TUV","Aquaculture production (metric tons)","ER.FSH.AQUA.MT","","","","","","","","","","","","","","","","","","","","","","","","","","","","","","","","","","","","","","","","","","","","5","1","1","1","1","","2.5","2.5","2.5","2.5","2.5","2.5","2.5","2.5","2.5","2.5","","",
"Tanzania","TZA","Aquaculture production (metric tons)","ER.FSH.AQUA.MT","","","","","","","","","","","","","","","","","","","","","","","13","8","15","21","32","35","37","1375","1375","1400","1350","1200","1150","1200","1200","1200","1200","1700","1210","1300","2630","2002","3013","3012","3272","4045","5217","5722","7338.5","7248.75","9917.400390625","10166.099609375","10317.2001953125","10742.2001953125","12547.400390625","19602","16852.220703125","","",
"Uganda","UGA","Aquaculture production (metric tons)","ER.FSH.AQUA.MT","","","","","","","","","","","0","0","0","0","0","0","0","0","0","0","0","0","0","0","31","33","35","38","34","42","52","63","77","87","179","194","210","360","320","475","820","2360","4915","5500","5539","10817","32392","51110","52250","76654.1015625","95000","85712.703125","95906","98063","111023","117590","118051.203125","112343.6015625","103737","","",
"Ukraine","UKR","Aquaculture production (metric tons)","ER.FSH.AQUA.MT","","","","","","","","","","","","","","","","","","","","","","","","","","","","","96182","94891","81639","54648","66904","66117","43686","35368","32709","30000","28332","33816","30969","31037","30869.759765625","25615.099609375","26350.19921875","28854","19181","27965","24337","24082.5","22864.900390625","23553.19921875","23719.900390625","23174.599609375","24434","22241.30078125","21424.599609375","20168.19921875","18595.4296875","","",
"Upper middle income","UMC","Aquaculture production (metric tons)","ER.FSH.AQUA.MT","1012652","842603","807903","932939","1097203","1242375","1418309","1425019","1420145","1639013","1621720","1940787","2108963","1946659","2121475","2318472","2320368","3045383","3237521","3153339","3404146","3328555","3516357","3923529","4585429","5347880","5955472","6718190","8047235","8844653","9258749","10527427","13043348.8999023","16153543.0340576","19205219","22246229","24567585","24909920","26969532","29488658.0195313","31264393","32744232","35036618","36977605","39533062.6999969","41449705.5","43579946.7928047","45306313.7398081","47000090.4170523","49289691.7677422","51124477.1877117","52436978.9424858","55651161.7451382","58283009.2222099","60691126.1378801","62807376.9474277","65813150.2655891","67905652.7311531","69803187.0628772","","",
"Uruguay","URY","Aquaculture production (metric tons)","ER.FSH.AQUA.MT","0","0","0","0","0","0","0","0","0","0","0","0","0","0","0","0","0","0","0","0","0","0","0","0","0","0","0","3","5","3","3","3","7","5","10","20","21","19","19","31","85","17","17","24","22","49","37","31","36","54.4099998474121","84.9700012207031","77.8199996948242","91.2320022583008","217.860000610352","215","203.828002929688","69.6529998779297","59.9790000915527","101.773994445801","","",
"United States","USA","Aquaculture production (metric tons)","ER.FSH.AQUA.MT","104421","102547","109961","122697","123884","132578","114236","127299","131115","116768","168681","165590","173630","170320","167039","218459","183907","174310","158795","138990","168365","230111","261725","268483","326453","323573","372191","383259","357657","369252","315727","363083","413844","416913","391412","413454","393346","438356","445119","479212","456830","480362","498899","545971","607570","513920","519967","526045","501326","481224","496699","397292","420386","429011","421189","426002","444679","439670","468185","","",
"Uzbekistan","UZB","Aquaculture production (metric tons)","ER.FSH.AQUA.MT","0","0","0","0","0","0","0","0","0","0","0","0","0","0","0","0","0","0","0","0","0","0","0","0","0","0","0","0","20471","21001","21962","24316","18751","19043","14559","10197","5006","7490","6966","6056","5652","3988","3824","3118","3093","3800","3800","4000","4100","5162","6654","8722.2998046875","14832.8994140625","23835.19921875","29275.80078125","36896.40234375","38054.69921875","52450","57384","","",
"St. Vincent and the Grenadines","VCT","Aquaculture production (metric tons)","ER.FSH.AQUA.MT","","","","","","","","","","","","","","","","","","","","","","","","","","","","","","","","","","","","","","","","","","","","","","","","","","","","","","0.5","1.39999997615814","1.39999997615814","1.39999997615814","1.10000002384186","2","","",
"Venezuela, RB","VEN","Aquaculture production (metric tons)","ER.FSH.AQUA.MT","0","0","0","0","0","0","0","2","5","15","20","30","45","75","101","134","157","218","242","277","272","289","327","450","807","863","405","401","712","802","638","1119","2104","2708","4153","5719","7362","8950","9830","11020","13505","16647","18020","15705","24006","19228","23355.5","19951.30078125","18762.599609375","14844","18225.330078125","23954.240234375","26115.1796875","26830","30725.66015625","18911.41015625","25998","29000","29000","","",
"British Virgin Islands","VGB","Aquaculture production (metric tons)","ER.FSH.AQUA.MT","","","","","","","","","","","","","","","","","","","","","","","","","","","","","","","","","","","","","","","","","","","","","","","","","","","","","","","","0.5","0.5","1","1","","",
"Virgin Islands (U.S.)","VIR","Aquaculture production (metric tons)","ER.FSH.AQUA.MT","","","","","","","","","","","","","","","","","","","","","","","","","6","6","7","7","0","0","0","0","0","0","0","0","0","0","0","0","0","0","0","0","0","0","10","10","10","10","10","10","10","10","7.6399998664856","8","8","8","8","","",
"Vietnam","VNM","Aquaculture production (metric tons)","ER.FSH.AQUA.MT","37660","40320","43040","45750","48540","51330","54130","56850","59580","62440","65350","68360","71230","74250","77220","80390","83580","87020","90760","94690","99160","103810","108770","113920","119000","129500","127449","141747","154317","164917","162076","168104","172899","188061","344084","389069","308288","332378","353920","413468","513517","603098","718041","952502","1213617","1452300","1672727","2100400","2477450","2571080","2701317","2860990","3104501","3221095","3355234","3475449.75","3581579","3831777","4153322.5","","",
"Vanuatu","VUT","Aquaculture production (metric tons)","ER.FSH.AQUA.MT","0","0","0","0","0","0","0","0","0","0","0","0","0","0","0","0","0","0","0","0","0","0","0","0","0","0","0","0","0","0","0","0","0","0","0","0","0","0","0","0","0","0","0","0","1","1","114","31","40","36.75","104.5","57","60.3800010681152","80.7809982299805","79.6977005004883","11.5409994125366","15.7024993896484","17.0470008850098","6.20499992370605","","",
"World","WLD","Aquaculture production (metric tons)","ER.FSH.AQUA.MT","2029179","1948048","2014404","2247676","2402677","2604353","2791746","2915674","3092313","3238166","3526017","3930472","4280803","4504942","4941524","5219603","5408491","6282015","6593363","6714748","7347225","7818586","8213439","9089265","10191481.449","11354348.648","12670909.102","13971504.228","15531104.959","16486351.069","16850459.041","18305028.603","21211488.889","24467925.052","27798479.005","31232256.194","33790684.135","34296276.699","36463874.108","39604752.605","41724569.753","44324822.718","47375084.709","50271407.715","54570314.089","57820199.218","61591980.132","64937295.556","68799079.902","73045256.331","78020019.865","82635398.201","90020572.645","97110166.776","101084799.121","106004183.753","","","","","",
"Samoa","WSM","Aquaculture production (metric tons)","ER.FSH.AQUA.MT","0","0","0","0","0","0","0","0","0","0","0","0","0","0","0","0","0","0","0","0","0","0","0","0","0","0","0","0","0","0","0","0","0","0","0","0","0","1","0","0","0","0","0","0","0","0","0","3","3","5","5","5","4.59999990463257","3.72900009155273","5.56199979782104","13.3400001525879","10","10.1199998855591","12.9289999008179","","",
"Kosovo","XKX","Aquaculture production (metric tons)","ER.FSH.AQUA.MT","","","","","","","","","","","","","","","","","","","","","","","","","","","","","","","","","","","","","","","","","","","","","","","","","","","","","","","","","","","","","",
"Yemen, Rep.","YEM","Aquaculture production (metric tons)","ER.FSH.AQUA.MT","0","0","0","0","0","0","0","0","0","0","0","0","0","0","0","0","0","0","0","0","0","0","0","0","0","0","0","0","0","0","0","0","0","0","0","0","0","0","0","0","0","0","0","0","0","380","300","300","150","150","150","150","100","","0","0","0","0","0","","",
"South Africa","ZAF","Aquaculture production (metric tons)","ER.FSH.AQUA.MT","","","","","","","","","","","0","0","0","0","9","9","9","12","14","14","13","11","10","6","366","615","789","1096","1376","2037","3613","4882","4288","4021","4429","3530","3013","4196","5088","4148","2819","2830","4105","6602","5954","5895","6037","5669","5421","4982","5147.60009765625","5343.27978515625","5926.5302734375","6613","7222","6730.39990234375","8094.27001953125","6338.31982421875","7868.44970703125","","",
"Zambia","ZMB","Aquaculture production (metric tons)","ER.FSH.AQUA.MT","","","","","","","","","","","0","0","0","0","0","0","0","3","8","15","27","45","72","202","340","363","695","1091","1147","1180","1460","2470","3700","4655","4530","4081","4770","4718","4159","4180","4240","4520","4630","4501","5125","5125","5210","5876","5640","8505","10290","10530","12988","20271","19281","22754","21600","21567.099609375","24300","","",
"Zimbabwe","ZWE","Aquaculture production (metric tons)","ER.FSH.AQUA.MT","","","","","","","","","","","0","0","2","12","22","31","40","40","40","75","75","76","74","131","138","140","150","156","165","160","157","134","132","130","130","150","170","170","170","1203","2151","2285","2263","2650","3005","2502","2500","2550","2652","2702","2782","7682","8090","10090","10600","10600","10085","10300","10585","","",
