"Data Source","World Development Indicators",

"Last Updated Date","2021-07-30",

"Country Name","Country Code","Indicator Name","Indicator Code","1960","1961","1962","1963","1964","1965","1966","1967","1968","1969","1970","1971","1972","1973","1974","1975","1976","1977","1978","1979","1980","1981","1982","1983","1984","1985","1986","1987","1988","1989","1990","1991","1992","1993","1994","1995","1996","1997","1998","1999","2000","2001","2002","2003","2004","2005","2006","2007","2008","2009","2010","2011","2012","2013","2014","2015","2016","2017","2018","2019","2020",
"Aruba","ABW","Food imports (% of merchandise imports)","TM.VAL.FOOD.ZS.UN","","","","","","","","","","","","","","","","","","","","","","","","","","","","","","","","","","","","","","","","","25.0706785731483","23.8069590469182","21.648868835819","22.2848984519249","22.9445571152139","6.35970695159188","21.7320221737387","19.6738422837651","21.7327581491945","27.4646042929525","31.8369016845912","27.9424891940051","31.4663980350775","31.7030660057234","27.9182994702296","30.572758427593","29.8719591396371","29.5704033811731","27.7292793340018","28.3268624970074","",
"Africa Eastern and Southern","AFE","Food imports (% of merchandise imports)","TM.VAL.FOOD.ZS.UN","","","","","","","","","","","","","","","9.90992615540217","","7.68923136025657","8.18052810125847","7.65965804707604","","","","","","","10.6798203421833","","","","","","","","","","10.0277791332456","9.61038426679629","9.1906984018406","8.82540038195428","8.66499432002283","9.18537753725107","9.19955939708283","9.61022206415635","10.3752913674636","9.46032433590518","8.2797749221419","8.22920228309463","8.77829817297143","8.57633092319813","10.2248316429607","10.8042928228995","10.7856984862423","10.3886466791225","9.7578492926439","9.41815710166044","9.44942909330834","11.1536376101188","11.6222311271987","10.6808177039895","9.33170471762985","",
"Afghanistan","AFG","Food imports (% of merchandise imports)","TM.VAL.FOOD.ZS.UN","","","7.83526679894446","13.1198638928934","17.3358407967507","17.099850581365","20.8006767904764","20.8816634027342","16.00906677632","20.5806444720536","20.5416003093413","25.4323707121459","28.4641730095204","23.8652945048808","22.8817141890948","24.423571594431","16.3241264867917","15.3513858405288","","","","","","","","","","","","","","","","","","","","","","","","","","","","","","","17.3695294018036","18.2936161520611","13.6918476055713","14.0292713208405","4.27602338186878","7.54684014524629","9.51326057195841","19.2271235944006","23.5599980058157","","34.0330570936499","","",
"Africa Western and Central","AFW","Food imports (% of merchandise imports)","TM.VAL.FOOD.ZS.UN","","","17.868183540652","16.0200607386906","14.9431378460641","13.7393505951284","15.5917314940124","15.2415359045964","14.3125726229265","13.5957330279354","14.9653242841578","14.2653352859973","15.4496018225972","16.642727417154","16.4883271303741","13.2607577641949","12.1842815213389","13.6881822440165","15.5891570308479","16.2835295199547","","17.2518834371649","","21.0826621348383","","","","","","","","","","","","","17.7547709495718","18.0109699788208","19.7115992243116","23.4026736941196","19.3103430037406","21.3767697232332","20.8210945150855","18.4130469000542","","","18.4864495248495","18.9506569128646","14.7487750963195","16.1933007377869","14.015294960594","24.5676014528928","20.4169466270314","18.3725015323205","18.1829351045655","17.5010022087478","16.3992990147121","19.139388730882","16.0868935268987","14.7901029265702","",
"Angola","AGO","Food imports (% of merchandise imports)","TM.VAL.FOOD.ZS.UN","","","19.341475761938","","","","","","","15.1310872822905","15.6796214496573","13.39212281824","11.8308829041115","13.0863058964029","14.3738539630869","","","","","","","","","","","32.4960490980796","","","","","","","","","","","","","","","","","","","","","","16.0130415533247","","13.5034727803116","15.2317778511317","18.5961212476185","20.0679151122417","17.7540192725584","16.9800790579802","13.1856292392847","13.7148612810251","17.7351787421833","20.4364711760623","","",
"Albania","ALB","Food imports (% of merchandise imports)","TM.VAL.FOOD.ZS.UN","","","","","","","","","","","","","","","","","","","","","","","","","","","","","","","","","","","","","34.2713500402147","27.1806727179409","26.9408204433479","27.3598044929082","21.8344894406933","19.3800309935046","20.1725298479794","19.6256029620736","19.264186578718","16.2430261779039","19.966386211139","16.4344910051271","16.4325485665371","17.0873902427217","17.946651912862","16.6310044125481","17.3068860989059","17.7209865684087","10.3265556378275","14.4973567496162","14.149751060874","14.8580982799484","14.0435870571852","","",
"Andorra","AND","Food imports (% of merchandise imports)","TM.VAL.FOOD.ZS.UN","","","","","","","","","","","","","","","","","","","","","","","","","","","","","","","","","","","","29.6743285169743","29.0834921549592","30.3978806021849","22.9812748983497","21.0374266731269","19.9249060942022","20.085335631578","19.3467105857586","18.8800094522871","18.1626894188418","","18.7713082461553","17.9481853102275","20.1521917279259","21.6648032780264","22.0346594393789","22.3874912939134","23.4655356522485","23.7800769792589","23.2800068450214","23.5068469243958","23.4667141960661","22.8305102187583","22.1232265784306","","",
"Arab World","ARB","Food imports (% of merchandise imports)","TM.VAL.FOOD.ZS.UN","","","","","","","","","","","","","","","","20.8065483738204","16.2875140671994","","14.6615583305284","15.1098838242303","16.4495976998525","16.436117384217","14.6974192793885","15.5341929560589","","","","","","","","","","15.1834127961652","","","","","","16.3800353354263","15.4117373347695","14.5496542057446","14.3638048360299","14.0485156076415","13.2381573919191","12.3613947724655","11.6641630509313","12.322863691962","11.5337677548164","12.374890170045","12.8569371305346","13.8149111010043","12.6215683156491","11.8121473429128","12.3677320062523","12.7730137166199","13.5898870751405","13.7356576182328","13.1345517016004","12.2852910929424","",
"United Arab Emirates","ARE","Food imports (% of merchandise imports)","TM.VAL.FOOD.ZS.UN","","","","","","","","","","","","","","","","","","","11.0069833688991","10.8945263539558","11.1169792986763","10.6510162672479","9.56086299062648","12.2516542452435","","","","","","","","17.1555915494262","16.1180343531375","14.8763209524744","","","","","","11.2648613713545","11.0848261616965","9.75168938439653","7.7568033508315","7.38746300457042","6.41696667915418","6.64552534274367","6.39971702348984","6.01635959929177","6.05688227539534","6.14477842691978","6.00656210608499","6.51232634525587","5.89138084977193","5.04314227878443","5.52683314479393","5.78591908587731","5.91080843251709","6.99833695038039","7.3070372831967","6.18510537548903","",
"Argentina","ARG","Food imports (% of merchandise imports)","TM.VAL.FOOD.ZS.UN","","","3.89352505199727","4.13659507747678","5.90513059717013","6.5068809086247","6.65772759473769","6.58288376847721","5.50863981439474","6.81812291536465","5.82383922615393","5.0483696753398","6.46203456245042","9.24388230143468","4.75916786069586","4.5602070410893","4.75687969547438","5.28456961824936","5.65960040903596","7.14199334069061","5.67211544734954","4.99348223248526","4.40776705762262","3.86375449049171","4.514638549706","4.71657369165189","6.89167240737623","4.56200787428644","","","","","5.97842411999106","5.44556757395568","5.19108730969174","5.46757452429963","4.92520013332918","5.32102457254496","4.93499848181451","4.91875848706901","5.0134709929318","5.72428376826837","4.6330285978847","4.20128711940575","3.30307730186729","2.83873915468007","2.58446169118103","3.70036470787913","4.54066037809979","3.77097613295672","2.62132827399884","2.39679846090052","2.49085394889715","2.28184607034632","2.42165435253748","2.64277936829368","3.62640695118077","4.17929799620689","6.86536203860505","6.48775544705604","",
"Armenia","ARM","Food imports (% of merchandise imports)","TM.VAL.FOOD.ZS.UN","","","","","","","","","","","","","","","","","","","","","","","","","","","","","","","","","","","","","","31.1017832466076","","25.7863517382367","24.9679862106753","24.2491289513127","19.8590686321662","17.2313800379495","20.4842436248627","17.6629597089781","15.3369431957483","17.3187557111774","17.9730550263451","19.0758042829137","17.6674631077617","19.3730939963755","18.7149613224576","19.5404411455658","18.8618666911004","19.761817568369","19.0942427479354","18.0111174374318","16.0855543270468","16.4645683583669","",
"American Samoa","ASM","Food imports (% of merchandise imports)","TM.VAL.FOOD.ZS.UN","","","","","","","","","","","","","","","","","","","","","","","","","","","","","","","","","","","","","","","","","","","","","","","","","","","","","","","","","","","","","",
"Antigua and Barbuda","ATG","Food imports (% of merchandise imports)","TM.VAL.FOOD.ZS.UN","","","","","","","","","","","","","","20.1063021985157","17.9335258910816","19.8183403375179","","31.5106295969486","33.3311510763852","","","23.8618737706556","","","","","","","","","","","","","","","","","","21.8279498991875","21.6749526294466","","","","","17.5875938834541","14.85297016408","20.0500975723082","","17.6040148123973","21.3487825201926","23.9211734245825","37.3444164416714","35.5898917568848","22.5423497104519","27.0559375805499","22.9912679020708","23.0365483380363","27.3848169119132","26.6248902873343","",
"Australia","AUS","Food imports (% of merchandise imports)","TM.VAL.FOOD.ZS.UN","","","","6.42356313777626","5.92702599523743","5.71227115157313","5.65764012120217","5.70567963868086","5.55501883240323","5.68169593902625","5.59045637688376","5.59286780436645","6.13380591224198","5.70764897420087","5.71464089750214","5.04050076185738","5.32571340064367","6.57102139779839","5.86700785118628","5.4553361429617","5.20443091547287","4.56125598097074","4.57145778833745","5.70876057059668","5.55415402010504","5.26009437720321","5.33910383151579","5.46689354755344","5.2194981310277","4.80060124086042","5.02975779718474","5.21988857452739","5.04326421093316","4.98707923344647","4.99933415639271","4.95654793299687","4.85290173072787","4.91017735786183","4.73775638168852","4.80438445813991","4.5542072874505","4.94222006021166","4.86917660836693","5.13440054748237","4.80423147775813","4.74464612990827","4.77072459573134","5.03584941529851","4.80642381312756","5.59123715278149","5.30683569392407","5.1421956675857","5.05458499786032","5.68920966555923","6.19615515467963","6.5625588959583","7.10054991552731","6.47460614196318","6.51964350237477","7.15905197722079","",
"Austria","AUT","Food imports (% of merchandise imports)","TM.VAL.FOOD.ZS.UN","","","","14.4785422643311","13.874014090104","15.1625418327008","14.0959668709441","12.7665789504352","11.348829355728","10.2346126353051","9.53034457966169","9.61243334866787","9.09288073076764","9.58935602083961","8.07323659327274","8.23983890256781","7.86568967131437","7.89151929834805","7.71168568243256","6.94243706026028","6.43658723319169","6.61006019019713","6.76113001370831","6.61711228060459","6.5242125089571","6.36714660983228","6.47300112960124","6.04104213289162","5.70913191966141","5.48092177947057","5.20799553131794","5.18513928079438","5.11513975342815","5.42117253916099","5.46312187782112","5.68360665010308","6.07173481951553","6.4831740230319","6.344442702212","6.29889914617876","5.43644783661012","5.78783074161474","6.1504972202101","6.13149329486575","5.9272701810316","6.08506410598793","5.86510964669712","6.26127690671639","6.69769322490597","7.71546450778","7.19291749689283","6.9390835454376","7.2586219270067","7.58584250317114","7.82761654075008","7.90356980662841","8.02035334197291","7.73519464773263","7.41484885448389","7.65987386397896","",
"Azerbaijan","AZE","Food imports (% of merchandise imports)","TM.VAL.FOOD.ZS.UN","","","","","","","","","","","","","","","","","","","","","","","","","","","","","","","","","","","","","39.0974399187551","22.6185429999363","16.1995458392033","19.7401969232101","18.5771024478801","16.1626226867643","14.1544898906117","11.7495189807014","11.6962720013195","10.475296023725","10.4559874724339","15.8129541911805","15.6149072031504","15.7321126595668","18.5376370741448","14.1042575239629","14.6031513704522","14.4371999753925","16.7378998531108","14.6748719339277","18.2695868084562","18.9889871418395","14.4928275369634","","",
"Burundi","BDI","Food imports (% of merchandise imports)","TM.VAL.FOOD.ZS.UN","","","","","","17.5192343357658","","","","","","","","","21.5682464057185","16.1867234162423","19.0375150455831","","","","","","","","","","","","","","","","","15.0389413479343","22.1462363007091","20.9105468813773","15.8637354724772","18.3876198010089","19.6025648681522","11.1600397926447","22.9477820813955","13.0997647772338","11.1502827884135","15.6172819923032","9.00425219956459","6.49189862259681","22.1724762196771","12.4332536633679","11.2037214852362","12.5427223676325","13.6810646992178","24.6762610556845","30.1336822725214","13.9872318672673","13.0620236168703","12.6210043671031","16.5501623689306","18.9584222920587","16.7457346539403","15.5915873964145","",
"Belgium","BEL","Food imports (% of merchandise imports)","TM.VAL.FOOD.ZS.UN","","","13.7796504404069","13.2232589389178","13.4459086147916","14.3192887385678","13.717131650242","14.9527623681113","13.3203410598275","12.607839032072","13.0752088506188","13.2504639278565","13.2736258715964","13.3323689500077","11.6136195139563","12.9529856980899","12.8256394253244","13.1862424354126","12.8431870483637","12.2218537867515","11.1174301152003","11.8310960772709","12.4721347871633","12.1343742881135","12.3367042822656","11.7291774453047","11.7173181925019","11.3222710118407","","","","","","","","","","","","9.9154859150306","8.43377375358496","8.6704857146296","8.57136965309403","8.75290055687006","8.16897671210559","7.66741584809613","7.35751574251615","7.69435245501191","8.14769092000441","9.25042713944533","8.31486960614315","8.44427064510372","8.65167746795619","8.69319900365985","9.08195768776607","9.19898487628121","9.66669204918601","9.67341349773162","8.95587164525206","8.96740984971134","",
"Benin","BEN","Food imports (% of merchandise imports)","TM.VAL.FOOD.ZS.UN","","","26.366404282406","22.6341631291737","24.3711120820637","22.7951998702366","24.6925546187054","21.8383501801196","21.8034312497349","19.5642264893637","17.8162044039503","17.1579714575736","20.9411379732231","21.829437012311","17.8493890928249","","","","","23.4244160574426","26.2681889202403","","24.9191430881199","","","","","","","","","","","","","","","","24.8394029951415","22.9697319163218","21.8673892974778","20.3607308180196","23.8763238350293","24.2141983835193","24.5653739246321","29.9420417539947","30.6782819142083","31.1594429331993","36.1361181696827","31.0940344734096","38.6401224762172","33.920598679247","37.8897943971084","40.332562870921","45.8483722241488","41.2696663606581","48.9735202913689","54.948414768457","47.8114898608023","38.3177784148539","",
"Burkina Faso","BFA","Food imports (% of merchandise imports)","TM.VAL.FOOD.ZS.UN","","","20.7205921079987","24.9128905008457","27.091736994991","24.8465507980005","28.3457661689488","26.982493571381","21.5258392934106","19.3532348142038","20.4375785481473","22.0054511221418","25.7925324241755","26.02032302269","34.5254665171104","21.1695109997159","18.929105293709","20.3962896825336","28.449901901436","21.8460204537559","20.4941032434201","24.7155668594317","25.2434643709888","25.5114052027629","","","","","","","","","","","","21.2327189686854","22.3281482167292","16.5469811719503","20.6164331248184","17.7248961793587","12.572288849584","14.9826505696802","21.2879841796361","19.0754191229528","17.553261341026","18.2849854295953","","15.953968963498","16.7457021901074","15.7164267282156","15.112799038484","16.5950329643666","13.1397442657347","12.0515229161112","12.6540608400284","13.9581490660675","13.682630477002","12.2010161607653","12.3541606564498","10.7500990918514","",
"Bangladesh","BGD","Food imports (% of merchandise imports)","TM.VAL.FOOD.ZS.UN","","","","","","","","","","","","","","","","","","17.6059037886905","20.5862490206565","25.3097063981383","23.6263758713111","20.1877930691395","25.9714262709796","19.9649316936242","28.9884685054435","24.2527106051131","20.8689749959454","24.1907096555314","","24.1373737553816","18.9550352339494","17.3428211592337","18.2681879625536","15.9299497929049","","17.3040410423957","17.0307744820781","16.8620335114382","15.2868354548332","","16.4762017933808","17.3900891315011","14.6012765701751","19.1883894625947","15.6096305442988","13.8972198613441","16.6996245220718","22.4621302040491","18.3229851296242","18.6780560512209","17.42404771532","19.4937928171617","14.4704238271201","16.8657778218551","","16.5615789962106","","","","","",
"Bulgaria","BGR","Food imports (% of merchandise imports)","TM.VAL.FOOD.ZS.UN","","","","","","","","","","","","","","","","","","","","","","","","","","","","","","","","","7.71100488367743","","","","7.62389662948168","8.50636667700859","7.48307210133366","5.98298501378153","5.21847298502192","5.39498052075864","5.84375590808233","5.36553775390804","5.4012115939894","4.66531952467868","4.64853257212137","5.77074163220657","6.83820984701024","10.0022049266637","9.56564516084804","9.28527617851793","8.86203038789504","9.09294706459932","8.89801282925312","9.69807964516997","10.4756770915323","10.0390728933327","9.75666343402886","10.6120658595888","",
"Bahrain","BHR","Food imports (% of merchandise imports)","TM.VAL.FOOD.ZS.UN","","","","","","","","","","","20.3566122451813","12.0338113935531","10.9350463708881","11.2207970084463","6.27955828584156","6.43010961504669","7.32296594529873","6.68091938194514","8.05883041478292","14.9595836908676","16.685522170231","12.7508777975081","12.6665031446711","12.8109634406304","14.759658868539","15.5370563047592","17.6698584264649","16.8416778034625","","","","","","","10.7692059955473","12.2685765205152","19.1448962853797","","","","9.69864270708512","11.7418912076275","10.9356283843617","9.57128150227115","8.10573893533468","6.79605611313661","5.72440892516763","5.16493120607997","6.30212951735485","7.98399056748739","7.61497565745528","8.31394208787075","10.7856320841555","9.16647392024382","9.42227779095878","11.6708234829792","11.9218924190748","10.3368716622326","9.24667899080019","","",
"Bahamas, The","BHS","Food imports (% of merchandise imports)","TM.VAL.FOOD.ZS.UN","","","","","","","","","","","","","","","4.20419471733558","2.61803931453144","2.6642893075574","","","","2.04046473296024","1.51410067958757","2.86287143241133","3.44015886057295","4.39354492577715","6.04554219752858","5.96580338138234","7.27864921965627","","","","","","","","","","16.2571679351256","16.4914809059998","17.9935479509732","16.719944657142","17.5129779528291","18.6443676149589","18.1313836544652","18.3604508815009","15.6491248698938","14.9067471276541","15.4046153845281","15.704643757406","18.3756010504322","17.5346645440114","15.8637021215604","15.8789486860085","16.1149601461475","16.0542645480429","19.3342401738918","20.2053244644287","18.604922093056","19.2276253995467","","",
"Bosnia and Herzegovina","BIH","Food imports (% of merchandise imports)","TM.VAL.FOOD.ZS.UN","","","","","","","","","","","","","","","","","","","","","","","","","","","","","","","","","","","","","","","","","","","","13.9396182775385","16.4571233225434","17.3755031218581","16.8312524732236","15.8594506751348","15.817970525005","18.9921142079595","18.0998057465946","17.5805321735521","18.2202675850627","17.886947853184","16.7540875330682","17.9820566058256","17.9874496023994","16.9912330922513","15.8118385947607","16.1864790991061","",
"Belarus","BLR","Food imports (% of merchandise imports)","TM.VAL.FOOD.ZS.UN","","","","","","","","","","","","","","","","","","","","","","","","","","","","","","","","","","","","","","","11.0917537472656","12.3480356672921","11.8739307441419","10.6128800887182","10.723369144169","9.9443012716097","9.12591312473254","9.35486797594333","8.53189757789063","7.28745998787179","7.34988119917926","7.82997044949952","7.87856632136354","6.77276430611531","7.5628055028898","9.23270275500071","11.4945500039729","14.1221924196486","13.8720671250057","12.270885948579","10.1740992043047","10.3220966975358","",
"Belize","BLZ","Food imports (% of merchandise imports)","TM.VAL.FOOD.ZS.UN","","","","","","","","","","","","","","","","28.017572615066","26.5514936552087","24.5682274927181","26.8904914168184","27.5150915084601","24.7585141514934","","20.3484836564823","23.438127072111","24.3129029035951","26.862304287142","27.2211451604908","25.2745165025","","","","","21.0153302875101","17.7627465981561","18.43131309892","19.1332806074409","20.3110335748171","19.737687709447","19.2266858451244","20.2633951361356","13.9961682927728","13.73500940317","11.4280347567629","11.889393162443","11.9079252531816","16.1342568320439","12.1849377660387","13.0039635753203","12.7214714747157","14.8556488881619","16.536177851583","12.5050507349382","14.0020654879047","13.6453159394348","22.653208342152","20.7638202616595","21.0241255054235","20.5291241119082","20.1837999752106","20.2207698153727","25.6487152007052",
"Bermuda","BMU","Food imports (% of merchandise imports)","TM.VAL.FOOD.ZS.UN","","","","","","","","","","","","25.2375431864066","27.6534856755282","29.1379893791305","27.9523235585977","26.3662771734597","28.5475180215623","24.7376249248755","25.3468797775522","24.8570872508373","21.1225515472132","22.70030278572","20.4098120830409","20.3614501385793","19.9977876625129","19.7224241888945","","","","","","","","","","20.6867259368719","","20.5265480017431","","","","","","","","17.7564998490804","17.6843765324207","17.0360280366919","17.1747157239063","17.0202594945067","13.0778868105465","16.9465054498369","20.6217076569569","19.1976666817505","20.8043706605844","20.7083780775646","21.0378346482221","20.3692860409868","20.7916853859404","19.3383339371755","",
"Bolivia","BOL","Food imports (% of merchandise imports)","TM.VAL.FOOD.ZS.UN","","","25.183839979553","26.4926443877786","23.9103701052076","19.8988566915431","18.6362370903053","20.5548953046345","17.6442976594512","17.3091000769798","20.1689779727791","21.6947795520219","21.1362796849026","","21.8179924159342","17.4713817351212","15.0747393955597","14.0093680380255","13.8445580650965","13.8306119785438","18.9228228101898","14.5457660263698","18.8584746449276","20.378698487183","16.8138643188174","18.3133885356712","13.3747404261521","18.083975823033","","","","","10.9679061524701","9.29211333160771","9.988592227264","9.5346349703278","10.2365527315221","8.53371972226124","7.86723071000052","9.57036858788623","13.4613814776005","14.8596660303638","13.2391587612067","13.2313909248833","11.4693583560868","10.1897878977306","9.27036905021136","10.4064341782051","9.28980888445422","9.04644611339789","7.66660474026503","8.02069368308909","7.27744886116021","7.19784542492663","7.50736005631251","6.91192679991442","","","","","",
"Brazil","BRA","Food imports (% of merchandise imports)","TM.VAL.FOOD.ZS.UN","","","15.8595869443941","17.0645100727179","24.1083069403758","19.8182709605454","18.8171931179456","20.0035707116468","16.3895612554279","13.9177561673266","10.9129252819961","8.89696099442917","7.64620521032524","10.9172346801696","7.58817437415144","6.15959481457787","7.85585530225391","6.75922175822022","10.1174458313833","11.8559956107463","9.60256806699567","8.77954606046629","8.45621859559949","8.25716521214095","9.30653496839704","8.96606075350597","15.2504466647692","8.11086077187955","","9.88072496492476","9.40591655255336","11.2273384847548","9.55885730896852","9.72917435659051","10.9308521220609","10.7123315227467","10.7608758919968","9.07604208045229","9.65622902657362","7.88996683261309","6.57400147363878","5.69552691718607","6.70717515812855","7.01297406489281","4.82199032163775","4.36109710869557","4.48300804691799","4.60483331660443","4.37309156214773","5.2578358324923","4.62317366072717","4.54187963246927","4.76142901602257","4.88552104774888","4.90574117671762","5.16101009392739","7.40392912674415","6.58799012781709","5.63907058473564","5.76405883409612","",
"Barbados","BRB","Food imports (% of merchandise imports)","TM.VAL.FOOD.ZS.UN","","","","","","","","27.6839984813611","26.5082116626712","25.1397023822056","24.5296252440348","25.5748049457047","27.0026378423412","27.6774870669227","26.4695228809818","25.2749435344944","24.5934737144805","22.8650526454254","22.9516638492963","19.3212553325701","17.9095931739745","17.4555972780692","17.0077322523556","14.8883029763525","14.4551471293562","14.9936349056438","15.5945898421233","19.4054174886507","","","","","21.6402522412688","19.8965574186624","20.5636168823012","18.2648752124414","17.6742723021033","17.687722933037","16.7356473743839","16.3159252390353","15.4249833490655","17.1548802248443","18.8735080171631","17.0476911876579","20.1059817916457","15.1039478724164","15.3283277358589","20.3680209933413","18.9571549243701","20.6412122948836","24.9140760936032","18.5893208624143","19.0042836543108","19.6233510931978","19.7462276950159","21.4944504865118","21.1469564578488","21.9572755082365","22.6076447873088","22.9790647256248","",
"Brunei Darussalam","BRN","Food imports (% of merchandise imports)","TM.VAL.FOOD.ZS.UN","","","35.1483688582417","31.9823139384512","25.3685368110254","23.5260744108268","21.1758163349933","26.3156565377813","19.13104270004","19.4001269545333","17.1590438897142","10.2982098887169","17.6759592017893","19.4194149740956","16.7537979157996","13.8609890962467","15.327668766762","16.6703826321817","19.2904861524657","16.5295985048647","15.180339593934","17.7660803188015","15.3571487223029","17.031214817302","21.5193452679611","20.622470177469","20.8290128470476","24.2377469716895","","","","","12.5879218450851","9.5065832069702","14.37787786241","","","13.5678308550153","16.5311194741903","","","17.8699439871197","13.4228253911884","17.5831905755701","17.9218189554512","","17.0383521634519","15.74646520341","14.953948465198","14.7430053195763","16.961677084167","14.1102526306003","14.0300214782758","15.0203508127854","15.4098439903882","15.7076168512623","18.5953350595315","15.0079733926737","12.1391157142229","9.95122441994223","",
"Bhutan","BTN","Food imports (% of merchandise imports)","TM.VAL.FOOD.ZS.UN","","","","","","","","","","","","","","","","","","","","","","","","","","","","","","","","","","19.4011039651637","21.4666393928091","","","","18.766361028819","17.913839151313","","","","","","14.4820848677071","20.6350709987022","21.4969731091681","16.2128813747735","14.5820581341816","11.4735830042202","10.9487410120466","13.7089179882282","","","","","","","","",
"Botswana","BWA","Food imports (% of merchandise imports)","TM.VAL.FOOD.ZS.UN","","","","","","","","","","","","","","","","","","","","","","","","","","","","","","","","","","","","","","","","","14.0066522756851","13.9167860606947","15.4824965121453","13.8653954843486","14.3651284562948","13.8227729221236","13.7255315104568","13.1253453531039","11.9671979907882","13.0645204084876","14.5849375564996","9.7518975720032","8.81858111662364","8.15457148631651","7.77216948684664","8.74704488639485","11.0462804785585","12.5244662995241","11.9785526085526","12.6670803843234","",
"Central African Republic","CAF","Food imports (% of merchandise imports)","TM.VAL.FOOD.ZS.UN","","","13.8724557274414","15.7556620309208","13.7402742229147","13.4231460659138","14.6666949755361","13.7786031535796","14.8092717306504","15.0346120837193","16.9363475730995","18.9572354301621","","16.8481148907321","15.9934574526225","16.1197985837816","17.4215117256793","16.0743954092694","16.8936786387886","16.2889278443601","20.8552565445745","","","","","","","","","","","","","18.3039255344493","27.0836105339917","15.6161400318364","12.3370556510834","21.774776813604","23.4146668394681","22.7938981995925","29.3347493965467","26.953910571875","20.3500063860346","23.4488970904762","16.4830033994524","17.2316347803967","0.473760728207188","18.61193207568","25.9297888492311","39.328122950577","28.0919180329271","31.236282987213","29.6181979973681","36.0369625938114","26.3645842639784","15.161068011011","15.9203892577317","21.0707536928277","20.5608427319176","","",
"Canada","CAN","Food imports (% of merchandise imports)","TM.VAL.FOOD.ZS.UN","","","11.6613263689534","12.9223946400352","11.6162721328687","9.8113481344217","9.01231295852714","8.62159355888779","7.88161873167986","7.99570638841096","8.63523518557344","7.92200271112654","7.85145198705488","8.94007371140752","8.61463048876906","8.29776401014974","8.14586029292989","8.36581271349568","8.10767329760615","7.29138635796391","7.45274242410584","7.02868630982366","7.68467220004943","7.00550450100502","6.5291639585122","5.94228424638857","6.18517241384022","6.0492983453306","5.60323392822954","5.74244866856003","6.13059511390555","6.38316118422673","6.34815890855753","6.26474149056269","6.0244044833678","5.69826088861219","5.81257780060635","5.52744777998062","5.55314183232404","5.30783594125411","5.1015834501715","5.82243956068321","6.06447150910236","6.20133856648036","5.81021994971678","5.63001167163117","5.76187314342801","6.16974774150981","6.43748443150868","7.91665298121891","7.17761424595015","7.10627454943687","7.24064478593928","7.4573546158674","7.71695728482921","8.18251385349654","8.46973123347766","8.20309599483068","7.96606928227687","8.16283045199761","",
"Central Europe and the Baltics","CEB","Food imports (% of merchandise imports)","TM.VAL.FOOD.ZS.UN","","","","","","","","","","","","","","","","","","","","","","","","","","","","","","","","","","9.63049450656171","9.16617888587242","8.46305717141923","8.45083850465762","7.48921883201923","7.20582615825098","6.47058798201516","5.78884527521606","5.9471357637464","5.64639712019859","5.51758071028519","5.64263378749355","5.87243184476345","5.61183846419037","5.91022588639208","6.34227805966095","7.91213850475291","7.25479397868244","7.26046879292769","7.60524987268384","7.84268480276682","7.66619577881125","7.84292799573959","8.18917564598043","7.99408057206584","7.58920855265317","7.90314120542795","",
"Switzerland","CHE","Food imports (% of merchandise imports)","TM.VAL.FOOD.ZS.UN","","","16.5526687804139","16.4614298298433","16.8891525342846","17.1247836028437","16.5298076631534","15.9784731078872","14.0982783067681","13.6418948315902","13.1699220496222","13.0811898244832","12.6541842486278","13.1378329617687","12.1360861477348","13.0328819357592","11.9970434554006","11.4548905812624","10.2962152776642","8.78131679115685","8.04039121818594","8.94537361242157","9.02722125199294","8.43510502779932","8.13719351921486","8.01474813278882","7.71107673636484","7.34911766400617","6.85038574260651","6.34939536178772","6.27226195023179","6.60504459264326","6.7419208612199","6.8321068913074","6.92479098796404","6.44208114966903","6.5920225834654","6.25580444719335","6.16407658244535","6.14357994282047","5.51515069156664","5.47221526684708","5.72723589721868","6.01312346377957","5.66483944060705","5.42057998801734","5.21165572455432","5.38114700007216","5.69294643228618","6.28797451712643","5.79511709005859","5.72320372570933","3.79368798978251","3.74151316567078","4.4480526360962","4.42886182594566","4.1799334311014","4.39740934923698","4.38283547448519","4.31562543881298","4.4718430845729",
"Channel Islands","CHI","Food imports (% of merchandise imports)","TM.VAL.FOOD.ZS.UN","","","","","","","","","","","","","","","","","","","","","","","","","","","","","","","","","","","","","","","","","","","","","","","","","","","","","","","","","","","","","",
"Chile","CHL","Food imports (% of merchandise imports)","TM.VAL.FOOD.ZS.UN","","","19.3829553057889","21.4370548144457","20.7122269736427","20.0738508550484","18.5056470678468","16.7749684747394","17.208924810553","16.9714284299425","14.6386430145635","17.7346859053738","23.4169369012795","25.8189377282641","32.6610777888747","18.5341497086642","25.5737578017945","12.4230287470277","16.6651961681585","12.7008931260148","15.0277391244814","11.9731738345905","16.2140265797574","17.9763001277501","13.5440166846771","8.31029383067664","5.07966358497008","4.81185055838563","","","4.38558425386416","5.79550784259678","6.31671594546787","5.99316794046771","6.93931512599929","6.71933465753375","7.16674718354825","6.72935013902968","7.30568880157966","8.61575785673561","7.38732826859091","7.36403179649258","7.96998924298726","7.8224862534446","6.93288140330206","5.81006113683892","4.10486208791868","6.64764545568659","6.77323700873523","7.32167383822051","7.11260613589777","7.35879036304884","7.38051631551672","7.65793408985607","8.38842750318867","9.18647346189123","9.59669136833564","9.92937864476272","9.56577041163498","10.1122998839653","",
"China","CHN","Food imports (% of merchandise imports)","TM.VAL.FOOD.ZS.UN","","","","","","","","","","","","","","","","","","","","","","","","","9.02561601825926","4.09832090762071","4.39376389162299","7.33601824563825","","","","","4.89049287327548","2.86866651857743","4.392123453808","6.99286331250247","5.90004277898128","5.0448743178983","4.76664012437009","4.05905600313996","4.1415670503436","3.98143235100007","3.52833071574746","3.85895678491532","4.03754200714251","3.55944030433494","3.18720737999403","3.72213322452582","4.75813481322787","4.92007618676257","4.617159500681","4.65196557426461","5.40612390228701","5.49827655460206","5.8178747588258","6.66132363634685","6.27560662997254","6.60739473506711","6.18493184110085","6.64707771728362","",
"Cote d'Ivoire","CIV","Food imports (% of merchandise imports)","TM.VAL.FOOD.ZS.UN","","","18.8597434320862","17.6836067323058","17.7133853631988","18.3442385202153","20.6999938951518","15.8372019962605","16.6264575088474","14.8292205470872","15.9009292520116","16.070609265524","17.3415508073804","20.086812302956","17.2510135931863","14.7048159829921","13.3655226401712","14.0066841614295","13.3271405914419","15.0100897096455","","20.299866064843","19.3170284906731","20.5890792607185","","17.1564662889205","","","","","","","","","","20.8873863122636","18.5924684955342","19.2031840786059","20.7542769189297","19.1963511933091","17.1845976432421","21.0852870794468","22.5827907280846","22.4906253801467","17.1976904370795","14.6207860960417","17.2835431554942","17.4065186714749","19.6128652767092","23.1918995960798","19.246005103729","25.1280172644792","20.0116669088818","14.520038418699","16.8423506514273","17.5692673388071","21.5206880845841","20.9293740953211","21.0509446725359","21.3625717559926","",
"Cameroon","CMR","Food imports (% of merchandise imports)","TM.VAL.FOOD.ZS.UN","","","18.5437021688288","14.2617570508036","14.8354452398283","12.4940767158079","11.9111991055719","12.1775890560868","14.5630106851539","11.905782236343","19.697690983171","13.5413973415301","12.0540109055081","12.9137265429533","14.0512431336237","10.9514614906834","9.80781451444535","12.1227635256986","9.55583080094198","9.94019687089534","8.61300234868643","","9.70683616104027","","","","15.418589301763","14.673771522635","","","18.5373967627893","","","","","17.4409265519397","13.7307558153716","15.6773976495997","15.422157444589","18.9312125573269","18.158905834378","15.4646787502966","18.056636788873","17.6074754303822","18.3156675655433","17.3475176208791","17.9558780421158","21.3472300300666","23.78566963548","26.8274039395878","17.7001357525074","25.0971220866522","19.3813092995196","22.2746791995642","17.3942385464987","19.8727794337081","21.9485621002369","22.8141282082781","","","",
"Congo, Dem. Rep.","COD","Food imports (% of merchandise imports)","TM.VAL.FOOD.ZS.UN","","","25.6621165029152","","","19.3854862753417","","","","","15.6791478853874","","15.7468650129512","18.2247091245636","21.4745699277326","16.9684529986001","21.1599320089107","16.9250896796848","20.6664892689164","","","","","","","20.6424167693863","20.5502872492802","","","","","","","","","","","","","","","","","","","","","","","","","","","","","","","","","","",
"Congo, Rep.","COG","Food imports (% of merchandise imports)","TM.VAL.FOOD.ZS.UN","","","19.3459249115769","20.0556350976436","19.6728423035823","15.4010673292444","14.7660061114118","14.1862357054494","14.7347105555182","","20.1098673709085","16.2664506442036","18.0766877466097","14.5386350580254","16.9740236827987","16.3924759657718","16.5108018555145","21.3178704390222","22.9546360231333","26.926291991375","19.1784078360216","","","14.2216134522994","19.0286244475476","19.1304049607338","18.5139260017031","","","","","","","20.4148744349001","26.4999083307136","20.8102393165237","","","","","","","","","","","","5.63035855940737","8.15237249458986","8.75859928762406","7.02364449149975","5.73926286584592","6.07426290466423","6.85412797847272","6.23817471566042","5.09959524676671","4.0488894540975","13.8256470378057","15.5154182981415","25.0494613402702","",
"Colombia","COL","Food imports (% of merchandise imports)","TM.VAL.FOOD.ZS.UN","","","7.66349322764776","5.50026881149243","9.05270465190204","8.34719287500278","10.7202475814459","7.35238641927331","7.70131234207193","7.96041047503711","7.69159097885454","10.3099375871281","8.65128036905234","12.0894694341911","13.3171646430131","9.41901924138745","12.2055243459112","12.4384536040966","10.7277320906928","10.5433486356937","11.7080179578092","10.214372541564","10.723598946754","10.9093170100708","10.2269631004099","9.49490699739424","8.7026237538045","7.95193985259735","","","","6.68849644168993","9.30914348631745","7.60905948171592","8.83984687158898","9.38828939792348","12.5690755214473","11.1310721955848","11.7959985885846","12.8909816501002","11.929031818574","11.7318068893806","12.1510334447017","11.3678659568972","10.5833541565872","8.87542859634767","8.88541041482465","9.15841678556583","10.1359788820819","10.2736552759535","9.69976781633724","9.5173681300807","10.3274246286664","9.99379834018521","9.51258178317581","10.2982658147414","13.0436824361918","12.640204991639","12.5406219926143","12.5555286000383","",
"Comoros","COM","Food imports (% of merchandise imports)","TM.VAL.FOOD.ZS.UN","","","38.2026100711838","","","","","","","","","","","","","","","","","","","","","","","","","","","","","","","","","48.5314135023031","42.6281598135626","46.2660724938518","44.1570222008585","19.4619034599583","43.3742587517982","38.5070228221442","40.1956985075193","38.0403450232688","43.9010196224728","34.1799864577778","28.2095975405371","19.5114068468894","48.0315810073774","39.0943189049518","38.0483726153794","40.8349984546045","41.9503916601276","36.1226388958196","41.5193047769877","44.8897518508094","41.4939063916343","40.3925379872471","38.3220895414933","42.8576646778649","",
"Cabo Verde","CPV","Food imports (% of merchandise imports)","TM.VAL.FOOD.ZS.UN","","","","","","","","","","","","","","","","","","","41.3069130222097","45.1945450745265","46.4300603330964","","","","","","","","","","","","","","","","","34.7473818631825","34.4218573768561","31.8185143479592","31.0006644205063","33.7409483757171","29.8187239229832","30.7560616633405","30.2069856600229","30.505796380265","29.1714029575659","25.6865013576548","27.6576815135857","29.4438693893475","27.7459580753692","25.3956676539126","27.9386987267788","32.1516863220942","28.4421579490381","32.4650521270383","30.8701665945261","30.0997524292555","30.1994888691337","30.9271001648378","",
"Costa Rica","CRI","Food imports (% of merchandise imports)","TM.VAL.FOOD.ZS.UN","","","","","","9.46264178873874","10.5249125896565","11.942104890888","12.8169319741918","10.3429278702251","10.8785544063503","12.2205749756137","10.140923206349","10.393900739874","11.4816515396291","9.92147387731241","8.3253336113136","7.58312588891265","7.38707471303588","7.480523294178","8.80715373461049","8.47569402865799","8.70767331884623","10.2971570155099","9.51718105081639","8.22385348737891","7.66076872709725","7.80347015777327","","","","","","","10.4267113496744","10.1824793003999","12.887826596399","9.73781104294057","7.87009348064918","7.29953652107923","7.44873459372655","7.50612972800854","8.01269363371063","7.74872279076332","8.58587634261244","6.28246982080874","6.32469247400558","7.99820217279588","8.50827126320234","7.16346224012351","8.96749196397266","8.75568891334062","10.7356359635475","10.4516578823405","11.4415557048639","11.9558814421688","13.2576969967946","13.4055450635769","12.9166826224935","13.1806919567478","",
"Caribbean small states","CSS","Food imports (% of merchandise imports)","TM.VAL.FOOD.ZS.UN","","","","","","","","","","","","","16.4463923617551","18.1791202296143","14.6223753839116","14.9020796932827","15.072504634329","17.2460735758308","18.752442569257","16.7421077034337","14.9716333695012","14.3612570040064","14.2201891726598","15.8488985632207","18.2698670909884","18.6224665748629","17.473668097493","18.7423420133485","","","","","16.395025627169","16.2405615060983","17.5209131717546","16.510177070657","15.6094458215774","15.2747142040094","15.8187543173321","16.0126916996629","13.9403455557004","14.3199792819068","14.4192639382168","14.0772554786934","14.0073560174546","13.3829566055094","12.5043378896698","12.9842693423624","12.8101762530056","15.7587398922137","16.263688876735","14.5202254639376","14.9588457347751","14.48144835003","15.331636535987","16.8267407682398","19.7325600224446","18.5112223858342","","","",
"Cuba","CUB","Food imports (% of merchandise imports)","TM.VAL.FOOD.ZS.UN","","","","","","","","","","","","","","","","","","","","","","","","","","","","","","12.024988653042","","","","","","","","","","19.3757768613991","15.7930059768195","17.5886139834212","20.3360472733546","22.0214090739225","21.5597275264043","20.0711667909604","11.9217667315008","","","","","","","","","","","","","","",
"Curacao","CUW","Food imports (% of merchandise imports)","TM.VAL.FOOD.ZS.UN","","","","","","","","","","","","","","","","","","","","","","","","","","","","","","","","","","","","","","","","","","","","","","","","","","","","","","","","","","","","","",
"Cayman Islands","CYM","Food imports (% of merchandise imports)","TM.VAL.FOOD.ZS.UN","","","","","","","","","","","","","","","","","","","","","19.0820303559576","","","","","","","","","","","","","","","","","","","","","","","","","","","","","","","","","8.74657465400781","","8.27320984768983","","","","","",
"Cyprus","CYP","Food imports (% of merchandise imports)","TM.VAL.FOOD.ZS.UN","","","","","","","","","","","16.0954623417674","15.8048643946603","17.1939257886352","23.6637207003605","19.6842929664413","26.1758811032645","24.2989706329187","17.6297689822663","17.1857033396824","15.4464796171733","14.7841095203963","16.274834636715","15.253361406208","17.2702451151958","15.1464747713162","15.1344809855815","15.9212032979124","14.019417665747","","12.8169185704884","14.3347039619861","16.5220739562482","16.2277243899946","17.4325606425606","18.1858989931509","20.3737114778022","24.4866858101798","26.9923014977191","20.3352048886723","19.4365315347714","18.646326727523","16.5170423086049","12.7554154540767","12.076133655252","11.9766009434211","12.4194300450494","12.5566419113178","12.892748799221","13.3862073697278","15.4851583283045","14.8465537229543","15.7450844356387","17.4983953467937","20.0360740071459","16.6436682842638","16.0447388251241","15.1586123913565","14.1248547801669","12.9400729359254","15.1596081880459","",
"Czech Republic","CZE","Food imports (% of merchandise imports)","TM.VAL.FOOD.ZS.UN","","","","","","","","","","","","","","","","","","","","","","","","","","","","","","","","","","7.86851084005293","8.70568805371285","6.7128378654551","6.99919931000711","6.57682826912133","5.99054235405358","5.7211360353027","4.9161449491809","4.69297612156346","4.23098167132108","4.80314277182413","4.99217834867323","5.28040630658305","5.06193050660144","5.18018209796717","5.0776049106215","6.30881679986785","5.36853974863076","5.57117124515485","6.03493451045505","6.32780068565107","5.98315183596455","6.0804618536834","6.17339229639841","5.77433228402695","5.41928597269847","5.68716226574641","",
"Germany","DEU","Food imports (% of merchandise imports)","TM.VAL.FOOD.ZS.UN","","","25.589610163604","21.8792014492744","20.2129327161493","20.7512129423501","21.8186153041136","20.3703404105007","19.2312899942379","18.6501739061237","16.9411650801484","20.7897679264628","17.5630726820943","17.1910379641861","13.954250920545","14.6068563787678","13.9822993002228","16.6279169048639","15.2218505602461","13.2318237483473","12.1346341016379","12.4315530717647","12.6168570335826","12.3936698268204","12.1664132741221","12.0897150615716","12.6039417191363","11.9452250153506","11.4840430502893","10.5113442933384","10.1425853900894","9.93166470796516","10.2421021791275","9.96221636424182","10.2445518799975","9.78064290220925","9.83608260580621","9.23044921594719","8.8887556752769","8.30155793990856","6.58349525553406","7.47332176694495","7.91101856862669","7.35837307189365","6.80153488487415","7.03311536661624","6.61932926406763","6.54341270302705","7.3879609453013","8.47420930169941","7.6090879691703","7.54721663209905","7.8486767685162","8.15800026819945","8.11144038399896","8.20354755093975","8.40565867691783","8.22457898206391","7.76013449275235","7.8047123616826","8.56324774362835",
"Djibouti","DJI","Food imports (% of merchandise imports)","TM.VAL.FOOD.ZS.UN","","","29.3321599053111","","","","","","","","","","","","","","","","","","42.7239538938075","30.9482329088378","","23.5400499609528","22.768808464068","29.5981815682944","30.362023678269","26.7483500163777","","","","","","","","","","","","","","","","","","","","","","29.3220052160252","","","","","","","","","","","",
"Dominica","DMA","Food imports (% of merchandise imports)","TM.VAL.FOOD.ZS.UN","","","","","","","","","","","","","","","","","","35.0736120349154","34.728505752851","32.6688602739746","27.3449762446753","31.0310164974978","","29.123389222744","","26.3611031335897","27.7877812509206","26.83912238548","","","","","","27.2470927356136","27.9710217909188","26.2178551454349","27.8011568172457","26.3097043238458","","23.4165304507352","21.0448284563317","22.5283052062643","24.2384280586676","23.6711996130257","21.8227060011551","19.4201643813625","20.8324655020786","21.0192661150974","21.8884993742433","22.0659755103949","22.4754384658949","","24.9289612987189","","","","","","","","",
"Denmark","DNK","Food imports (% of merchandise imports)","TM.VAL.FOOD.ZS.UN","","","16.4265554353646","16.1882021278022","15.7183066490519","15.4539248127158","14.7815686744274","13.5390265102537","12.1061074766914","10.4759158923796","11.2569980847992","11.4448541675861","11.5383018952432","11.4385235431879","10.367297060536","10.0132454157666","10.8306677199353","12.7601797745376","12.4878952159163","11.4017148888015","11.4596095426301","12.2893956973421","11.5616838343792","12.0725406570959","12.081504210063","11.0151384291422","11.6832647727094","12.416404406874","12.6010997324458","12.3771156259444","11.946641238844","12.3977845261466","13.1754958696978","13.5226808667367","12.5474197164181","12.0457530184558","12.324618570491","12.6297762050285","12.3208596351204","12.1764407599987","11.3642379412516","11.616272831709","11.7346734194506","12.2879708701508","11.8542586826904","11.592448009318","11.3313587611834","11.4339544435436","11.9814438772621","13.1946581068538","13.452915238374","13.2629159045561","13.6822134438156","13.7033376442913","13.675491131224","13.9463547639903","14.0922700917659","13.8171417726857","13.5568702410171","14.0322274923825","14.0931108146731",
"Dominican Republic","DOM","Food imports (% of merchandise imports)","TM.VAL.FOOD.ZS.UN","","","","","","","","","","","","","14.3964965896669","19.3267002096408","17.2959701630752","13.9016148442899","20.9392098948082","17.3807308531174","16.747419349009","16.8906332647755","16.5146763706556","17.4855941467493","15.617845433747","14.6823345905577","12.9100375325676","11.882132338189","","","","","","","","","","","","","","","","12.1280344829947","16.3588286214323","18.5891024381887","16.6757376398393","14.2470628130987","14.8692189220573","14.5863334022769","15.9705771253957","14.2770371918956","13.5513938335484","14.2781838281446","13.910460723961","13.5496130116914","14.3179331899759","15.1562432209854","14.9950487576122","15.0223401440494","14.609086026119","","",
"Algeria","DZA","Food imports (% of merchandise imports)","TM.VAL.FOOD.ZS.UN","","","","","","","25.7783651346075","","19.2985469326227","15.7147290285177","12.7373195973256","15.6301393223539","","16.0927581409494","19.8168115732229","21.7011291937518","17.7376995741887","17.1820462563699","16.6124813552471","18.5180100453614","20.9550380993182","20.7408853010556","20.6893411618764","21.2163414881976","19.2004574217716","25.4206172281161","21.9484424000057","27.3514779470487","","","","","28.5079044496879","27.3586358176649","33.0363379194779","29.4540833514883","31.2561923243426","31.8243452268566","29.8747446468185","27.4232267527177","28.1684762632487","26.1361517616116","25.0833473331531","22.4214520152419","21.9133994784244","19.3275354088753","19.205724479411","19.8343280579407","21.4250115149248","16.3388370781314","16.3010010032803","22.7921075452011","19.8492923235385","19.0622431097707","20.103368598577","19.315015417874","19.0281663816491","20.2300420068586","","","",
"East Asia & Pacific (excluding high income)","EAP","Food imports (% of merchandise imports)","TM.VAL.FOOD.ZS.UN","","","","","","","","","","","","","","","","","","","","","","","","","8.69538769060855","5.29369973587462","5.70481505110371","7.51220063734746","","","","","5.33183086987409","3.7230074184796","4.81596453783269","6.67124998287284","6.10327928611935","5.3939743157113","5.47895617551683","5.24366993082429","4.77348917026975","4.86002341715846","4.62787959459105","4.81196475808465","4.80683195777064","4.2955548123411","4.06306374212119","4.64623258814491","5.39721366627211","5.8311075309456","5.53651128477605","5.69750063386469","6.13610963641537","6.14150340306863","6.54714122936849","7.27712963484386","7.20161672044229","7.28757819447994","6.78989809414809","7.20260986411949","",
"Early-demographic dividend","EAR","Food imports (% of merchandise imports)","TM.VAL.FOOD.ZS.UN","","","","12.9577351095795","12.3159181269497","13.9585015099904","16.5682829881415","15.2844640311808","15.4883334736501","13.5880752238205","13.6075494839077","11.2209989811932","10.6717585177249","13.8531535427764","16.155278309169","16.9133053128781","13.8166678520083","12.3090748217732","11.7841401185137","10.7176852820367","11.9252236096388","11.2411555958684","10.7165922104112","12.7529470848423","12.3151724268653","11.173737525688","10.6043005469408","10.9396480924645","","","","7.7554605156496","8.36112655452927","7.79538427191323","9.16525395313153","9.326088469674","9.9128852788698","9.27553407204756","9.99991063932244","10.0869535056996","9.06074768913452","9.2782667529172","9.32439619364142","9.62383592046409","8.69892654318591","7.66531496300481","7.0416953696346","7.88897438867309","8.14903271233005","8.85029195759542","8.76134649405323","8.97376578855624","8.31321855360617","8.9064951314823","9.00521326675228","9.30988389666009","9.89745558872387","9.54749422463627","9.10735708169624","8.4687842308648","",
"East Asia & Pacific","EAS","Food imports (% of merchandise imports)","TM.VAL.FOOD.ZS.UN","","","","","","","","","","","","","","","","","","","","","","","","","9.56266584786276","7.76654702847","8.4999069427081","8.85714552615767","","","","","7.54374725740374","6.72247054576771","7.26928297265949","7.64981837273644","7.38063111731445","6.81776205373183","7.0544563339188","6.70244704721479","5.8492271331139","6.12565395419264","6.04266137445388","5.88876907897197","5.58346278411287","5.03510242456305","4.64971401605958","4.98614255405586","5.37761583699303","6.10187719279436","5.77595483907451","5.90134039901918","6.02837822790214","6.01185141332991","6.32436365182962","7.08656174023672","7.22151708568593","7.07927431311999","6.70501876225878","7.05447663164212","",
"Europe & Central Asia (excluding high income)","ECA","Food imports (% of merchandise imports)","TM.VAL.FOOD.ZS.UN","","","","","","","","","","","","","","","","","","","","","","","","","","","","","","","","","","","","","12.4764320155117","12.2195162488202","13.2467027272418","11.7913142499358","11.3169065115935","11.7291196133377","11.7006849032832","11.4522884188064","9.84347058068498","9.5370830273212","8.72199210224241","8.25472497991925","8.64911416898017","10.8424449763518","9.88927093394708","9.06573399775606","9.25100439461622","9.8056427833965","10.1737968309744","10.5370096733524","10.0040426600447","9.48029982527068","9.55465388427043","9.87951530981809","",
"Europe & Central Asia","ECS","Food imports (% of merchandise imports)","TM.VAL.FOOD.ZS.UN","","","22.9148892468085","20.6962469896528","19.1477830197347","19.3918779173663","19.236324828619","18.1340688016414","16.7755234396057","16.157920328372","15.611567674434","16.3720705726203","15.6411738181667","15.6565841502913","13.5318304043893","14.4793961065585","13.3448858927293","14.4168143719819","13.8936956266076","12.5342987982533","11.3680170868373","11.6249447595217","11.8434733423269","11.7938724391471","11.6549264586566","11.3698031570528","11.9994549579425","11.4861137093084","11.3643928860178","10.294294837302","10.1286715447124","10.4184975024556","10.6586122075124","10.7667707743283","10.7104877442761","10.2379388827867","10.5380515287337","9.86096482853585","9.77175765447625","9.26553646602054","7.96977846863299","8.41168863225941","8.71521286454052","8.70724416322187","8.15226706860857","8.00254175701488","7.55751877697662","7.71711139670948","8.20338809907904","9.58446354098","8.69153479833848","8.73575626534989","9.00338173831477","9.40039641218003","9.56465115598309","9.80855946713159","9.9053322494192","9.68718767425018","9.27966086436092","9.29101809314921","",
"Ecuador","ECU","Food imports (% of merchandise imports)","TM.VAL.FOOD.ZS.UN","","","13.1989556670638","9.79118415129886","12.1671949475188","10.3527070732507","13.2886741256898","11.0122761440903","9.26714241856461","8.09918949770469","7.91896933686616","6.76744438194413","9.30834855088233","9.67295586613239","8.77582924846004","8.38894351661273","8.31627533202161","7.22857880590277","7.80735112333711","","8.38754619773345","6.43370144901536","5.07906418884707","10.452226121722","11.4930810254044","8.15229786822557","4.78469996990044","6.46632507289456","","","8.65942972274489","7.67057914655233","5.09286765551748","5.10091750548661","6.37577893454147","7.58019859775836","9.94638033359717","9.3924847092635","12.0047440043539","10.7485919661053","9.00541400042505","8.05678048592405","8.68501990336474","9.22487134772442","8.95630344364771","8.03365604206717","7.0629001283134","8.43728416170489","8.96803623965956","9.46965236511426","8.34727267149508","8.60906796128601","7.77596799556165","7.30582434287743","7.72202302433915","8.76337447263124","10.5662113826272","10.1880067888612","10.1055048614186","11.7440870228967","",
"Egypt, Arab Rep.","EGY","Food imports (% of merchandise imports)","TM.VAL.FOOD.ZS.UN","","","","","","28.4776254448133","28.5763407597752","41.9878252840111","33.962032295952","26.1414665362184","23.2237377821175","29.5728221662263","28.6749084812325","31.6652732312225","44.2679321524353","35.917158237049","28.3220903568415","23.1176962774789","25.8468198427929","26.1650039872185","32.3884925013385","34.201486139678","30.7738726359582","25.5387986151112","27.68475945344","27.0768851028388","30.0249839967238","27.3263469873743","","","","","","","27.5162861365904","28.3838533242064","29.4752308552429","26.2748015302147","21.2068945753265","22.8656629726748","25.2034726323746","26.0571570364759","27.8437606403488","25.0155801266211","22.5458565929967","20.0824862300595","19.0625220502884","20.4259410223167","16.9026341742835","17.2017839963675","19.1408396831889","23.7536661899555","22.4231287682355","17.5098909448759","20.8840353714149","19.4352571339401","20.3812837028434","20.285472460816","18.328366953485","20.7172421911325","",
"Euro area","EMU","Food imports (% of merchandise imports)","TM.VAL.FOOD.ZS.UN","","","22.210342321735","19.3017990162086","18.3668339984805","19.1727210838633","18.9646340560669","18.2159479085522","17.0915155442991","16.3797508001702","15.479877195531","16.9168686118126","16.1375137795557","16.3253411263608","13.6889094485133","14.9016329825207","13.7604193472328","15.1512393784225","14.7489661399612","13.3128900581517","11.9438122911611","12.1167638999905","12.5456704080513","12.641163463927","12.3768045513618","12.1473766114704","12.7648024298812","12.2371705816502","12.0391350345581","11.024329762422","10.5869676782427","10.9825468362853","11.1988034822442","11.5342656578795","11.6246209629365","11.0735490233823","10.8890374114752","10.0913448211916","9.8412452727852","9.42031048921343","7.83628786914063","8.32601613538205","8.73275093867673","8.68353489093925","8.12606661057109","7.954453024374","7.54132079066259","7.78282243253799","8.33159934770238","9.70115599374779","8.69929679222978","8.90836454599421","9.30506841957971","9.60681550045861","9.78114347022286","10.0559641292084","10.3187243276171","10.0853439013357","9.48991093140476","9.53177334082621","",
"Eritrea","ERI","Food imports (% of merchandise imports)","TM.VAL.FOOD.ZS.UN","","","","","","","","","","","","","","","","","","","","","","","","","","","","","","","","","","","","","","","","","37.4082326909517","30.0207545664577","30.8928780908161","45.5713792180839","","","","","","","","","","","","","","","","","",
"Spain","ESP","Food imports (% of merchandise imports)","TM.VAL.FOOD.ZS.UN","","","19.8132526904676","22.3647302541759","18.2837028790811","20.2847097511375","19.7400730035183","19.6167387074101","17.8981927446963","16.9435562120005","15.6484842344615","17.5602706297443","16.3092978020651","16.8984706197282","15.3230468628622","16.5534585801895","13.1815675363733","15.5438693038237","16.3483899766842","14.6992139245543","12.5085371721581","11.8996673147544","12.1936909888457","12.7253799561016","12.0149033122443","10.6419453747913","12.9151646949015","11.3734054801102","11.3205205976244","10.6274538829365","10.7771139220824","11.7822625348109","12.1229296417344","13.5715617691352","13.618252422577","13.6095797099779","12.3102349063725","11.7649653318191","11.4224240276073","10.4370117664112","9.14243753674419","9.98015424317981","10.2943050253261","9.9755910018221","9.53774241433879","9.22662453782948","8.41138687523044","8.7343069952907","9.28662702595357","11.2704352679668","","","11.0721938006694","","10.9099799667687","11.4789134822969","11.9298738051434","11.7182492306223","10.7663176856056","10.7900297528803","11.9186146374113",
"Estonia","EST","Food imports (% of merchandise imports)","TM.VAL.FOOD.ZS.UN","","","","","","","","","","","","","","","","","","","","","","","","","","","","","","","","","","","","13.8367703328053","15.2515879271628","16.1002522216785","16.5209006741172","12.8838560684608","9.83078976436227","10.5951587367236","11.5661480058289","11.2119163112586","9.74141254208502","8.67380612279623","7.4645316429699","8.76547352634097","9.97479939445789","12.4937775981362","11.3632993319694","9.91178990335763","9.09234312140754","10.2311023558016","10.1398954446318","10.4931380858208","11.0498798666724","10.9610271620691","10.0174039378202","","11.084351227838",
"Ethiopia","ETH","Food imports (% of merchandise imports)","TM.VAL.FOOD.ZS.UN","","","","","","","","","","","","","","","","","","","","","","","","","","","","","","","","","","","","13.8374895712574","","2.43361549348437","6.05456679027489","9.3764015461824","7.00618262842159","14.5465476769229","11.2325753357011","24.1568178466376","12.3023188784191","10.5910136769419","8.46838136434838","7.01287140809291","13.1682985017989","10.8609689300384","10.881823195021","14.3759543716264","10.9430232407777","12.5308031448136","8.9594300393854","9.77249734144192","13.1176687197147","12.3849518089011","15.0551983152348","","",
"European Union","EUU","Food imports (% of merchandise imports)","TM.VAL.FOOD.ZS.UN","","","21.7154082273418","19.0094239933852","17.8163732528617","18.524747281982","18.5806783826877","17.6149679672395","16.5054602299237","15.7907747214559","15.0049251880502","16.3110114483656","15.5767938846377","15.7674248336367","13.2588797815086","14.3333031803997","13.4339862552669","14.7891307963226","14.3760819678202","12.9609517898728","11.6832672348735","11.8712616084054","12.2027703004482","12.31135699618","12.0570046233353","11.8128756989795","12.4299799197563","11.9224848337528","11.8294644929024","10.7403017678632","10.4606791579175","10.7729739920095","11.0409347454186","11.2277855239955","11.2342112506505","10.6029316962534","10.4598737596477","9.68998615861941","9.43236726011835","9.03316202235015","7.57695567973889","8.04939182937074","8.38227556202516","8.3505126497881","7.88224566931905","7.74566677473872","7.37176809607926","7.60614516959538","8.13167347039563","9.52287291997045","8.57611847902802","8.75155685330569","9.16776646619446","9.47932193767499","9.6214231241263","9.89216093948692","10.1714462776311","9.92862141821273","9.36990872896204","9.42695614124356","",
"Fragile and conflict affected situations","FCS","Food imports (% of merchandise imports)","TM.VAL.FOOD.ZS.UN","","","","","","","","","","","","","15.6473068192593","17.3269377382633","19.469255313423","16.6786503034542","13.8745909148489","","","","","","","","","","","","","","","","","","","","","","","","14.0947438592318","14.3030607245005","14.5524928426124","18.1640652507165","","","","15.2368621453975","12.7222964967068","15.8707684841233","15.4288292559946","","","","","","","","","","",
"Finland","FIN","Food imports (% of merchandise imports)","TM.VAL.FOOD.ZS.UN","","","","15.6092727796051","12.510292507722","10.3715823361064","11.0988038591712","11.2321111212969","10.9496565781585","9.96474856798019","9.82188396024666","7.20740603935493","8.70722462138866","9.0812894477502","7.83570054605274","8.19013485012254","7.53814817055314","8.62770251163347","8.69457451970746","7.41297885499498","7.10084357096629","6.75207060859688","7.37183969852799","6.11559622553145","6.22479177846832","5.7728297922563","6.46819394307375","5.85654263910547","5.78105543423408","5.21624121259231","4.89047591041444","5.9649670813007","6.19049996941443","6.67669947731948","6.9925592498093","5.96188920905004","6.67440627155206","6.72558967982868","6.50561817319958","6.27262486977249","5.22594733628161","5.5251693807686","5.87463816752889","5.9765167264479","5.61117372225907","5.20735309463213","4.77861542051151","4.95966372671838","5.36186603283561","7.34673695759453","7.14102972706855","6.80407466867068","7.36985756485067","7.93646949200586","7.90917645055419","8.42519287566002","8.47429000353763","8.02892687085616","7.53619714579521","7.69829350121681","8.45204370841863",
"Fiji","FJI","Food imports (% of merchandise imports)","TM.VAL.FOOD.ZS.UN","","","","","","","","25.6270199816193","22.7089636239559","22.9080096887183","22.0880928106351","22.0681958814109","21.9529073891893","22.5095593501537","21.9370927550254","20.4412111301151","21.0972043021429","22.3790578879295","22.8893237859265","18.7250765576604","16.3097987536128","16.3245533644815","17.0633451179848","18.144537173308","18.1155513214406","18.7803344183461","17.7160494344654","20.3177627185591","","16.3946923641716","14.6366963680672","17.007694771438","16.491532733745","18.0139672608473","15.6866594995269","","","","","","14.8295189550409","20.213155565211","19.9843805406976","18.2478405740988","17.6632951004578","14.7130056721653","13.9903123819765","15.479116184711","16.2204702350598","20.5960835659917","18.4376274433669","20.8895709013999","21.054964315034","15.9097909408212","17.6836122568124","18.1255566597336","18.2466684262603","18.3009857487742","16.323111525776","15.3176956654083","",
"France","FRA","Food imports (% of merchandise imports)","TM.VAL.FOOD.ZS.UN","","","23.011633155807","20.8597011754354","20.5411771383987","19.9436205909414","18.8107946812508","17.3726234413776","15.5808301905799","14.9611069827065","14.7880642992648","14.0686211682009","13.756852161299","14.053449849757","10.9104186348987","12.9117240142995","11.8338685817142","13.9364522202435","14.0479203350851","11.9620002313119","10.2843491989825","10.3143240421778","10.5936300796745","11.3403550393084","11.2850215694027","10.9912917523917","11.7318147325915","11.080926934867","10.7534488778709","10.1662426152925","9.77367947417612","10.3391829728411","10.5459139653827","11.1710361763818","11.1909751893185","10.7508224104605","10.3834217774511","10.0099276204747","9.66022950157653","9.16413839348344","7.90621616629272","8.28054426899926","8.72368714982118","8.84440888125609","8.29000072099577","7.80455115500016","7.44393034315527","7.71461701401496","7.9978490622268","9.299366930295","8.49598760088976","8.24806769912759","8.41480506592307","9.04804511257785","9.18229323374735","9.43072648032729","9.81267639564511","9.66271975111075","9.41074349885758","9.32501105928207","",
"Faroe Islands","FRO","Food imports (% of merchandise imports)","TM.VAL.FOOD.ZS.UN","","","","","","","","","","","","","","","","","15.0238675311174","13.7938200148143","14.2392736678543","14.4050527243043","13.703064581686","14.1536271003377","13.7216297928417","10.8533292162025","9.86971434079632","10.5452735780255","12.3297080290339","10.2798425683873","14.1595822302423","16.3581729213918","20.8616065966283","25.6134392555669","28.1924457476855","27.8623059150517","27.8562960366013","","22.3256890774988","23.0742236413552","24.3348388340737","20.3320270387132","17.2748080493512","19.2399840911026","19.3198126521816","15.2265221481595","18.0426128516796","13.2294653020596","13.5819496652377","13.1577109552342","15.541873073868","17.0673876362267","","","","","","","","","","","",
"Micronesia, Fed. Sts.","FSM","Food imports (% of merchandise imports)","TM.VAL.FOOD.ZS.UN","","","","","","","","","","","","","","","","","","","","","","","","","","","","","","","","","","","","","","","","","","","","37.0346203329859","34.2392634171006","32.8593018501555","31.8524145039803","28.9540033688609","28.8702715114536","30.4567956885859","27.4584138056126","28.331629901842","29.7258368782085","27.7638921536801","","","","","","","",
"Gabon","GAB","Food imports (% of merchandise imports)","TM.VAL.FOOD.ZS.UN","","","21.676114194449","18.3262565154724","18.1200058293172","15.9594629485013","15.2714916069975","15.6271582601887","16.9004171303349","14.3820627430639","14.2613814152967","14.0460156621273","","","","13.1492470202191","11.7095815405027","11.3072969175916","19.4186710583204","19.0020327619304","19.1403892721202","16.0242991094948","16.6826528625457","17.9811428589966","","","","","","","","","","19.3948102696316","17.327259685442","","19.1468237796913","17.6093071039785","15.3951031116904","19.1707056202881","18.2397240119533","18.3217530684605","15.8776189591102","15.039302243983","24.2394291119064","19.0950973813624","16.621342914733","18.1142033230877","17.5381102177882","17.1436960523741","","","","","","","","","","","",
"United Kingdom","GBR","Food imports (% of merchandise imports)","TM.VAL.FOOD.ZS.UN","","","37.1080160206994","36.8071586491522","34.0008078903967","31.6548259441914","30.6128436737154","28.9496392895799","25.4833798231379","24.6017074950525","24.2437308589271","23.6457255961207","22.4112957071616","21.0107469754358","17.8977013189526","19.2852389363628","17.3120939361919","17.8714784617566","16.3421649300891","14.7118741436716","13.1817109261317","14.1028672209704","13.8236385699133","12.9561286624881","12.3172530326682","11.90480830515","12.4935289532845","11.5278507459226","10.5232908697891","9.90428177777848","10.2846587978716","11.1515255755507","11.1782892598459","10.7798352863278","10.2583943067501","10.0619713278135","10.0718786782777","9.4505246761595","9.33596699505758","8.95621237671914","7.77332529543403","8.19201633760021","8.49802346618817","8.96236348886592","8.80851033914332","8.80347829900682","8.14073354812316","8.5360500164671","8.96670282896056","9.70336651984669","9.01819459011051","9.02860954783212","8.8035194778597","9.87147094747604","9.70710344830252","9.77794100162277","9.26808429506184","9.60554360104824","9.66088191597281","9.15488709577121","10.0241889587701",
"Georgia","GEO","Food imports (% of merchandise imports)","TM.VAL.FOOD.ZS.UN","","","","","","","","","","","","","","","","","","","","","","","","","","","","","","","","","","","","","36.1187245654637","33.4701002470786","18.6808044479978","22.5342900537141","23.3354377925569","20.3614879512097","20.4797306100354","18.1119914737775","20.9586705150015","17.4290091079792","16.3748435867449","15.6945122566438","15.3386131217627","13.2713932551738","13.035243465524","12.1582334619917","15.4344830990934","15.7237254455606","14.8236449592037","14.6525109755739","14.1629619666221","14.2265138291298","14.1237642902713","12.7236029209511","",
"Ghana","GHA","Food imports (% of merchandise imports)","TM.VAL.FOOD.ZS.UN","","","20.8273242618307","15.7315048900109","18.2966403752594","12.7849963780103","17.6738667831226","19.3417760880809","19.1206777272678","17.6785570565679","20.8537939123516","16.3757523934054","20.3229643339847","23.4418744760414","17.2919615235602","13.4244492954325","14.371437617791","9.08253708279079","11.6588384106302","9.76271612486069","10.0929301532568","8.81584589603143","11.1627671875022","14.6637073972592","7.71726080394065","","","","","","","","11.1890919100961","","","","7.90686476249858","5.8464458436442","10.2304693737779","11.7307982728475","12.7592190948003","18.1992163313309","19.5641722154173","16.1023479327627","20.7803532130101","13.8967790461099","13.4481786821341","14.399109445433","14.7565514834836","16.3367306207588","15.3319202990044","15.400082589505","13.8677231078676","16.821482605989","20.7085710515387","15.1631136886772","14.6049033915666","18.2916726950761","20.067311822566","17.4069533530794","",
"Gibraltar","GIB","Food imports (% of merchandise imports)","TM.VAL.FOOD.ZS.UN","","","","","","","","","","","","","","","","","","","","","","","","","","","","","","","","","","","","","","","","","","","","","","","","","","","","","","","","","","","","","",
"Guinea","GIN","Food imports (% of merchandise imports)","TM.VAL.FOOD.ZS.UN","","","","","","","","","","","","","","","","","","","","","","","","","","","","","","","","","","","","31.0490829769518","22.4407225814328","23.6934733246437","25.4388995022932","30.567484824138","24.1715658601992","23.4879911036672","23.0791736712276","","19.3323496375987","15.8383082816304","25.6182687654943","16.9118335517596","13.2340259197134","","","","","21.6542513318192","25.3527987250115","23.4474279795542","26.5754018066474","","","","",
"Gambia, The","GMB","Food imports (% of merchandise imports)","TM.VAL.FOOD.ZS.UN","","","","","28.4064189518691","","","","","","31.6811061143644","25.868815524463","21.1032967818481","20.6838952297642","28.5625321862635","24.2086733442697","27.6767276239956","26.4808524410744","26.8672802819957","25.028574333117","25.8759789699465","","","","","","","","","","","","","","","36.365178247293","37.326611780845","37.7451012096011","43.6258864795986","36.5494358611365","34.4953031799041","40.9989776196766","37.1017349758859","37.5997189415948","40.8419087092408","37.7289187149481","31.1899749109051","30.8678391273282","33.6226832847703","39.0127331351229","45.4547281010804","32.8406261214176","33.1841799195293","37.2824300841988","41.023210191713","37.3424842672498","43.033804620661","33.0354922163529","32.2359421472338","33.1605568301427","28.8139233713634",
"Guinea-Bissau","GNB","Food imports (% of merchandise imports)","TM.VAL.FOOD.ZS.UN","","","","","","","","","","","31.1250194881239","37.5953948199002","34.1468141556363","","","36.1042786269628","27.9596699733646","","","","","","","","","","","","","","","","","","","","","","","","","","","62.416018386306","39.1822412796123","50.6918420625702","","","","","","","","","","","","","","","",
"Equatorial Guinea","GNQ","Food imports (% of merchandise imports)","TM.VAL.FOOD.ZS.UN","","","","","","","","","","","","","","","","","","","","9.73677131691223","36.3686129664329","26.8522855756862","22.8459174725053","31.7995766557172","","","","","","","","","","","","","","","","","","","","","","","","","","","","","","","","","","","","","",
"Greece","GRC","Food imports (% of merchandise imports)","TM.VAL.FOOD.ZS.UN","","","11.9816247713938","14.0922499287235","14.6434413055279","15.5125479117886","13.9713314209368","14.759965798085","12.5982031860775","12.4134120101934","10.9009888559278","12.0946833388525","10.8520669286048","12.4008077626581","11.2338600395444","9.74595646384881","8.41470023993739","8.49992130570798","9.09074764612286","9.89397594401796","8.75795243042078","11.2867477653954","12.6860020662755","13.2657708914333","12.6472032024762","12.9571260760858","16.5679860688955","18.8484987197639","17.8465918760618","16.1949202937617","15.3235059949061","14.018665470943","14.5839131839877","14.1600597059067","15.9290279704852","15.9751296945784","15.0359571889646","14.8577916805437","13.6763052238116","13.0855183197681","11.32104102001","11.8921723041025","12.8861889811138","11.5897159436282","11.3629391299071","11.2411184082835","10.6914002783329","10.9893879526451","10.6475395959788","12.3082387926889","12.2936753513851","13.171507078188","12.3053319972672","13.1433140897137","12.8114307520777","14.0877966662382","14.6151923404665","13.4916515392974","12.1198831138932","12.5080371764133","13.076932169084",
"Grenada","GRD","Food imports (% of merchandise imports)","TM.VAL.FOOD.ZS.UN","","","","","","","","","","","","","","","","","","33.4086927491377","36.4832669562727","32.6834890856415","32.9373266111737","","","","30.5997474305234","27.2949985377468","25.0689581702582","27.2202113140675","","","","","","25.4683487726604","26.6091028205813","27.4669340700923","26.1710027532409","23.3054120175872","20.3420758296432","20.1689757221308","18.3996463646717","20.1481754544276","21.6080824246348","17.8531099926374","23.6040800099175","16.4452262761804","18.6973406615474","18.2070398884635","20.869106002326","24.0896698431016","","","","","","","","","","","",
"Greenland","GRL","Food imports (% of merchandise imports)","TM.VAL.FOOD.ZS.UN","","","","","","","","","","","","","","","","","26.6568125642689","24.9229218019263","25.8714586961783","20.4977915681717","17.864699007929","17.3292621143954","19.3221209376805","21.6091566910618","20.019016795568","18.0900567510786","20.3020560256878","20.1873243569546","17.3538042980566","18.4454570931709","16.6368796456103","19.5292770053138","19.315780040577","16.5610879140562","15.5376271132774","14.2025784244261","15.1717464397608","15.6087415936837","17.7855679349181","17.5894958785564","15.2173763461836","15.9568644877099","17.2700191531217","19.2871231751708","20.8158263958359","17.9808556669164","18.4417080161807","19.3600263721271","18.2318728114199","22.1894470366506","19.024929159248","18.1559980491387","19.3315196520686","17.9624348080646","19.8226157746716","22.1450870647857","20.462130099015","20.8080467231889","19.8422698314628","","",
"Guatemala","GTM","Food imports (% of merchandise imports)","TM.VAL.FOOD.ZS.UN","","","","","","10.9657569306015","11.4892088520194","12.6938332572706","11.0053869214013","9.73063611681409","10.9790225312745","10.1129614504107","9.00499330434405","8.46281470032314","8.29814211375569","9.48880994004554","5.87435538296729","6.17745371887177","6.92704565455666","7.00876064688006","7.57084834594206","6.24133811861597","8.62884954911447","8.59356530521918","7.2833301293555","9.16867050296701","12.1086273769338","10.5848707809405","","","","","","11.0962532702199","13.29831668761","11.8607325722898","14.3099096182086","13.1884856242186","11.8802229727264","12.6821813806296","12.6695915152408","14.079602273116","12.3443296843716","12.6169927254118","12.397905126684","10.8647284472579","10.0660269897735","11.3052292900397","12.6474877807394","13.7097632776713","13.3084938888406","13.2080099506365","13.2833535660573","13.2516389380465","13.566606069425","14.2717696655883","14.7037479209953","14.5825881888189","14.7263276880952","15.571191968757","17.6939471508771",
"Guam","GUM","Food imports (% of merchandise imports)","TM.VAL.FOOD.ZS.UN","","","","","","","","","","","","","","","","","","","","","","","","","","","","","","","","","","","","","","","","","","","","","","","","","","","","","","","","","","","","","",
"Guyana","GUY","Food imports (% of merchandise imports)","TM.VAL.FOOD.ZS.UN","","","","","","","","","","","15.8527791244812","17.9617642717545","15.9281751482209","17.0040224753834","15.8424227616993","13.0313027542033","14.4842261557011","15.0845015604837","16.7993140347866","17.8628030942021","","13.0907278849543","","","","","","","","","","8.30562700538356","6.88756225173545","","","","","14.1165396058014","16.8611511977518","16.7216195182474","13.9489389756501","15.9200413121233","15.7013139954706","14.0137836416989","12.7084957262905","15.1233115123809","12.6693446664865","13.9481679845468","14.3023727532449","14.3341189649397","14.7979283200897","13.8309800345867","13.7079016321134","14.5200574618128","14.6633331494862","17.2061287647881","16.2889475822684","14.9130842307197","11.5344055666584","","",
"High income","HIC","Food imports (% of merchandise imports)","TM.VAL.FOOD.ZS.UN","","","21.8696924968309","21.1418213706469","19.9438306856247","19.3095321481636","18.8618778106565","17.9148222696124","16.8378734834597","16.1534033408941","15.7042607517194","15.9302067384883","15.3543304234615","15.3813485071069","13.3101092255952","13.8484101486928","12.7191066829221","13.1750532612829","12.6751459047197","11.6746708477152","10.6247367446728","10.7248376710643","10.738051314663","10.8262501792749","10.5036652962389","10.1463894108433","10.7300582522264","10.1277670409636","","9.08281745648952","8.76893724541229","9.29772768024709","9.36286306319791","9.28990726604078","9.208544125233","8.70557991497722","8.71102535641598","8.13573780031529","8.15775805729348","7.95231481952249","6.82540530899822","7.19948130262812","7.44108847744094","7.33481433036014","6.88975325392418","6.63058781926209","6.3000149666455","6.49720210007198","6.81699521745044","7.9441074600949","7.31202886386135","7.42821331250663","7.52347118999109","7.72454785852788","7.99198050837917","8.36311455841958","8.61748970013934","8.45604531752377","8.11037747492644","8.15452748283378","",
"Hong Kong SAR, China","HKG","Food imports (% of merchandise imports)","TM.VAL.FOOD.ZS.UN","","","28.5349914421258","26.7531704979917","26.9556061159847","26.139535879034","25.1901378292412","25.4341064635064","22.4060389533364","21.3284134334556","19.9351233089287","20.0379111837133","19.8045132487035","19.5912568875301","20.3228309291662","20.8194171647168","17.8516688660049","17.0364737780609","15.158104219411","13.3340950997222","12.4293514490799","12.1747447876432","13.5062732250967","12.876112384405","10.8804740928452","10.7430532995859","9.98762098616266","8.49585416604686","","","","","6.50714352714331","5.75469952752918","5.71490408154679","5.38851509076292","5.49217868153355","5.4234189044897","5.38449777021238","4.94580569832678","4.28210913363814","4.33344484276788","4.1246188804416","3.60584247862094","3.20337464279801","2.93935977454494","2.81965987855293","3.02348098628619","3.59327229090213","4.32729772543263","4.0811310561076","4.16934021058894","3.99058354059521","3.9203660248218","4.46469555247362","4.51434489340021","4.96982361524512","4.74371397319799","4.66711496102805","4.73074269376742","4.31625809632659",
"Honduras","HND","Food imports (% of merchandise imports)","TM.VAL.FOOD.ZS.UN","","","","12.0316595628099","12.0997647967298","11.9575571891539","11.7644405673898","12.1162140251632","12.6021405467436","11.4677801428164","11.6490271296636","9.68062460405902","10.8329266029631","9.72914846193092","9.97457866114422","12.8850036026414","9.97427780138712","9.15292434405063","9.17016856358431","8.34664517357706","10.0824724378074","10.1377263599597","9.93542655575549","9.83943036293447","10.9409688568084","9.13978669762793","10.5807551779809","9.6454634264294","","","","","","12.5386904369096","14.4877450130019","12.6297005227581","16.420330413501","18.5523931467538","17.7832157564458","17.9214127991224","17.6023353135068","17.4850938101154","16.808010315078","15.4452691984811","14.9831901513583","15.0680850013298","13.3965280309557","14.6700639822339","","18.4642824510401","16.4133966439","16.4014571155484","16.707333273711","","18.0750062230711","18.1943379554205","19.4184090197169","18.0407408171901","18.5735584052501","18.477716238267","",
"Heavily indebted poor countries (HIPC)","HPC","Food imports (% of merchandise imports)","TM.VAL.FOOD.ZS.UN","","","","","","17.8744291235344","18.1401340943292","17.9060085584346","","","18.4956404287166","18.1827905373147","18.8013973624748","19.6550619533532","20.0337439334662","16.3546394069355","13.7947392074299","13.4478634116453","14.6749788095053","14.0077731934789","","","","","","","","","","","","","","","","17.3949099497032","16.6569131936464","15.4409111409203","16.7860609917309","16.694676640525","16.3795776031684","17.6275475445367","17.8538339363974","18.3201201451516","16.3210807597309","14.8575161799418","14.4558410318692","13.8441250634151","14.447873981363","15.9190790471451","15.2702551108564","15.7401637329693","14.1183222634261","14.2929132471036","14.8770011719678","14.6513553526043","16.9755818008168","17.5407456574364","17.7725573253529","","",
"Croatia","HRV","Food imports (% of merchandise imports)","TM.VAL.FOOD.ZS.UN","","","","","","","","","","","","","","","","","","","","","","","","","","","","","","","","","12.4999029527334","8.97733968874994","11.1929110001769","11.7896442046705","11.2533151714454","10.4472929018381","9.68779293534315","8.46024716436848","8.27796912782028","8.82356707513751","8.90901764248842","8.43596208961588","8.36717766970066","8.313900392655","8.25555724053013","7.95833345686637","8.19036022809736","10.1286112269017","10.3794095286495","10.9437716650778","11.7695701370793","12.3046798271262","12.9710608951605","13.1991629977111","12.9023572603023","13.0170288744946","12.3816820693919","13.2745680710429","",
"Haiti","HTI","Food imports (% of merchandise imports)","TM.VAL.FOOD.ZS.UN","","","","","","","","","","","20.8149410752313","24.1067999766897","25.5644714950158","24.9356872021693","24.0190999594981","28.7228518052392","30.8967522808711","27.8384220487698","25.6254874832358","23.5685619322252","","26.1029546232386","","","","","","","","","","","","","","","","","","","","","","","","","","","","","","","","","","","","","","","",
"Hungary","HUN","Food imports (% of merchandise imports)","TM.VAL.FOOD.ZS.UN","","","","","3.84955718455586","4.33851503488662","15.2701356703029","4.54277373552168","3.29669380308494","3.92671820288387","4.96739308807571","4.22816850076353","3.78287564788032","5.34546729008722","5.92215346864547","4.48032047734037","10.0975993427196","11.0027132460363","8.65343348695291","8.0688514620607","8.3035806105676","8.90262185466503","6.76571700771304","7.20284413095746","7.20785219310975","6.85476477678511","7.14607590514921","7.18830259028393","","","","5.74324831983857","5.63768313040419","6.15880699401483","6.54895139433427","5.67358037056373","5.30201235251708","4.71376759350975","4.25305115962469","3.21705130485594","2.91328535453333","3.08819908143684","3.20881562727556","3.28502579007471","3.86804493820454","4.10857903082178","3.93463703136581","4.07068890025428","4.43376866038654","5.25904817063956","4.89565302078144","5.05255711904579","5.18966200129261","5.18565684979431","5.17144991269691","5.27407303671834","5.92075886673418","5.88913255674418","5.61692775476207","5.73825695783373","",
"IBRD only","IBD","Food imports (% of merchandise imports)","TM.VAL.FOOD.ZS.UN","","","","","","","","","","","","","","","","","","","","","","","","","10.3781690576491","7.90305257160643","7.88488250705976","8.84271455344117","","","","","7.02432960727785","6.00102955497029","7.22961973076837","7.90926267524907","8.57061595110819","8.08538096645804","8.36275752429497","7.85479460154617","7.11204262945099","7.30008729155716","7.2435146957977","7.3334243798626","6.77274406623543","6.14902426068474","5.65639384815556","6.33937031770495","6.62171761930936","7.42950828305483","7.13481792573425","7.19736900331304","7.26885940799421","7.63289130630664","7.82707659825777","8.29718908409027","8.55216249942353","8.40747087782704","7.91785575747747","7.7736846746323","",
"IDA & IBRD total","IBT","Food imports (% of merchandise imports)","TM.VAL.FOOD.ZS.UN","","","","","","","","","","","","","","","","","","","","","","","","","10.7846547949584","8.41066893477783","8.33306158525075","9.12906006091124","","","","","7.25973933967576","6.2560137833357","7.38135401014724","8.30408037581521","8.96752127743465","8.52369967361064","8.8357407173588","8.34096506879064","7.65384693384839","7.88543361616663","7.81061416964009","7.91113997033905","7.21150505665588","6.55964865499074","6.18229084904271","6.8576708601795","7.06021646471294","7.94835932203635","7.63150933471191","7.83741093045336","7.75744769631551","8.03232521736622","8.21395580974187","8.72575400855413","8.88219755318897","8.7850667030976","8.27612612522501","8.07169473441423","",
"IDA total","IDA","Food imports (% of merchandise imports)","TM.VAL.FOOD.ZS.UN","","","","","","","","","","","","","","","","","14.2697012414084","13.7663108492955","15.9646615671263","16.3715131903553","","","","","","","","","","","","","","","","","","16.956687466725","17.7442124449296","","16.4227908258633","17.1497390884174","16.8929326015525","16.995642256272","15.5362582913573","14.5004014816043","14.8580714015191","15.1977063789531","14.1013072273869","15.9467176802573","15.1490099961425","18.4021031860196","16.0104449344762","14.9790778533214","15.8514568494105","15.9887421368106","15.1744736862147","15.88612927405","15.1234006309404","","",
"IDA blend","IDB","Food imports (% of merchandise imports)","TM.VAL.FOOD.ZS.UN","","","14.6951925461818","16.6785001572821","14.6425854213123","14.1749934862163","13.1942254949515","15.5238377435372","13.4632508857015","9.06929447274291","14.8058629850783","13.92694576873","19.0089724125152","17.3612291603768","16.4415418748796","16.1055984807876","14.6196737469185","14.172551396156","15.7594377401866","17.1239111399366","","14.1197201404429","","17.0303756264408","18.1669947957393","17.0820259841964","15.6874536158362","12.2524266234086","","","","","","","","","15.5533141294649","17.9361721597545","19.1870812529073","20.3805260157053","16.6456908669183","16.5717831444278","15.783595218398","14.2535074978272","","","14.3963756136808","14.4773754233477","11.9938537232767","13.1076805512853","12.2862683745328","20.8585822836583","17.0276290688392","14.2342955173774","14.6923076755726","14.5949209591994","13.3390596193491","15.1240672949099","11.3845173488725","11.4805219327939","",
"Indonesia","IDN","Food imports (% of merchandise imports)","TM.VAL.FOOD.ZS.UN","","","","","","","","9.25912396093395","24.9861105616296","15.5624336931214","15.3722145561628","9.42213040750967","9.94415036841945","10.3181200366041","14.9691008670067","12.5032215169039","14.5734624760581","16.3414187617476","17.6379704732133","16.0043234842635","12.6780338095987","11.0492752861062","7.16419424321577","7.7277878811683","6.50354620920944","6.90911473796093","7.17452703206772","6.99892171356163","","7.60511146328845","5.05377949306375","5.47639999643048","6.36183822713805","6.46994103956628","7.76367733094323","8.84105592907741","10.7983565166038","8.82504490822098","10.5233403024791","15.7050983119267","10.0072129258352","9.92527155089655","11.1215668273071","11.4970317546412","9.68934247690891","8.08094555754746","8.85969798094525","10.5505079004498","7.25634630949465","8.91538815628382","8.45631577584127","9.43034276915046","8.25440833610884","8.78163605019144","9.55759637343706","9.96743771315855","11.6088465707352","11.8498481619162","10.2087281378301","10.6181419909074","",
"IDA only","IDX","Food imports (% of merchandise imports)","TM.VAL.FOOD.ZS.UN","","","","","","","","","","","","","","","","","","13.4718614776493","","","","","","","","","","","","","","","","","","","","","","","16.2766150908387","17.5138710974416","17.6063566835524","18.7260131073585","16.6694069360661","15.5911811560902","15.1548832266108","15.66760104056","15.4900983723501","17.7143858265033","16.8331959974469","16.9286734140055","15.359642683767","15.5342354429803","","16.9932981608861","","","","","",
"Isle of Man","IMN","Food imports (% of merchandise imports)","TM.VAL.FOOD.ZS.UN","","","","","","","","","","","","","","","","","","","","","","","","","","","","","","","","","","","","","","","","","","","","","","","","","","","","","","","","","","","","","",
"India","IND","Food imports (% of merchandise imports)","TM.VAL.FOOD.ZS.UN","","","17.0800125693956","15.1979120707817","16.8630383690966","22.0081319867605","34.1490195409254","32.0856191349502","25.0445436582352","23.3030434476827","20.9241411734079","14.5837681650156","9.5959392901439","20.0724897464491","19.6876302812429","31.845541118297","27.4807902684274","16.4346900008366","13.8469096715189","8.91882130560846","8.98622238034248","8.54079616454866","","11.6588489306529","10.1799906261651","8.41407280327842","7.04137324208479","8.43977180317303","8.05408745648698","3.50915103633338","3.24038005482108","2.69971091255533","3.7775770995826","3.09337045639327","5.93343478180095","4.24430213390663","4.62897518152086","5.24590888103246","7.98136717055903","6.62512602167223","4.31269475192625","5.26064427722423","5.51730137381547","5.46957002838505","4.30907020333258","3.36678410369853","2.81575976925486","3.15167155903875","2.33606741897228","3.84322015139895","3.51881326483274","3.30798819996207","3.61415055372548","3.58128038584569","4.15851460285773","5.2439585281988","6.08873229336517","5.63841128477544","3.89916157393512","3.9730427240283","",
"Not classified","INX","Food imports (% of merchandise imports)","TM.VAL.FOOD.ZS.UN","","","","","","","","","","","","","","","","","","","","","","","","","","","","","","","","","","","","","","","","","","","","","","","","","","","","","","","","","","","","","",
"Ireland","IRL","Food imports (% of merchandise imports)","TM.VAL.FOOD.ZS.UN","","","","19.0254433718849","17.8763957617637","19.0948002595573","18.3918834700258","17.6036267755086","16.8707301382987","14.5540630360808","14.2108165291011","12.6933793397688","13.6350184188133","13.7724894941722","12.9323468989514","13.9286363462064","12.9576719354199","13.5238384661774","12.2868786732775","12.0739562448879","12.1170013588134","13.1084681775363","12.6608134202747","12.979517085222","12.0667748626523","12.3080437732573","13.0285734764477","12.3515377874802","12.3657585403924","10.9770713373284","10.5852771063834","11.3566931508674","11.6426764925704","9.95842792980599","9.76467810996844","8.47133433020518","8.316804787215","7.83817894207549","7.19612427592967","7.23108369839452","6.28773248100908","6.80922264017095","7.27437124002623","8.26353612865164","7.94206831368347","7.91522077173803","8.33764229672429","8.9917493807277","10.0101385705147","11.9631950597064","11.3670067134551","11.3408791222451","11.8403545191926","12.6801599757041","11.6259858090104","11.1025999077009","10.5480537487686","10.6494377148588","9.92610856554137","10.0395273962041","10.8856106141238",
"Iran, Islamic Rep.","IRN","Food imports (% of merchandise imports)","TM.VAL.FOOD.ZS.UN","","","","12.8036397410696","16.1909995441839","16.1087272584052","9.91276552881555","7.45760862118625","8.04103151898436","4.91898907178078","6.54963986607168","10.648019101746","10.5489158271942","10.4850384711897","18.3792983592265","16.26112572448","11.0969833278105","12.696421914475","","","","","","","","","","","","","","","","","","","","20.8806309077834","16.2154150588036","20.4402831797297","18.9717839921169","16.0683248244843","9.91487136895174","10.4900589194062","8.92910246805601","7.89014706949647","1.86182920657552","","","","15.2279506600389","14.1303675083066","","27.1072777560561","23.3835133262843","22.4023278648024","20.492748113462","20.1915452245107","25.5591389335301","","",
"Iraq","IRQ","Food imports (% of merchandise imports)","TM.VAL.FOOD.ZS.UN","","","","21.4388331719483","","","","","","","","","19.6227796240387","23.9635041870118","28.6809365057435","17.5095132122902","14.9367518274985","","","","","","","","","","","","","","","","","","","","","","","","1.53398085529644","1.0756638880856","1.55571136803504","","","","","18.7623941096212","3.87608283407012","","","","","","7.19589743564839","","","","","","",
"Iceland","ISL","Food imports (% of merchandise imports)","TM.VAL.FOOD.ZS.UN","","","13.2558903221492","11.8896975246505","12.3274395748494","12.6276186335684","11.1963429818374","12.2400311300661","13.4878416956079","14.6825256668619","14.006962548524","10.3170444069585","11.5557688421003","10.6232254135739","9.86453401542219","11.3045317243165","12.4575893094241","10.4250928950155","10.3367019276855","10.0979069481276","9.96325500874862","9.78023487235194","10.1776579709134","11.5522430245394","11.1685738735372","10.2982282248216","9.83283555217397","8.12522666732447","8.55484350102001","9.85074780635017","9.28315885477353","9.23448507518824","9.69081028323943","11.6706477061283","11.5619027997952","11.7604139989867","10.6903863547147","10.2523692964073","10.1326823991651","10.3953620010573","9.38202900596758","10.190570188368","11.578375017462","10.3795952640578","9.9391229582133","7.78946299208439","6.79535074435207","7.5768042496047","8.83666689786895","11.5274427736838","10.9706540548708","10.5325460529734","10.3445927033364","10.534562572298","10.6743227577129","11.3192270885492","10.3674898688832","9.63054046839887","9.63227487465193","11.3497915136531","13.2887065555249",
"Israel","ISR","Food imports (% of merchandise imports)","TM.VAL.FOOD.ZS.UN","","","16.9383678231154","18.2241812863059","15.7892705603654","16.4777138825688","19.9972704424544","18.9944545120678","14.812771621245","12.9172614189775","14.0360689216145","13.6799271375938","12.7293267204493","13.3532616722888","13.4889335477897","15.533667932184","14.146754270641","13.1270508927116","10.7054048641991","11.3667565319273","10.7029939360041","12.4389317732556","11.0420687593902","10.0910436137655","10.6802689595003","9.57537972651992","9.2206726256423","7.88680886670531","8.78106122845604","9.04932892911925","7.81163037139592","7.38434708524366","7.12268944388912","6.78288134149795","6.84092393534289","6.58955183771655","6.85616849975908","7.11652422439436","7.07933444463925","6.23841765835118","5.33526305057598","5.87588013168619","5.97377434550647","6.08683982882901","4.86733820007353","5.46333913286782","5.69475812472042","5.86570898278485","6.65564624853688","7.62046329936597","7.33456393323271","7.24344911239348","7.10744517185122","7.48405216127304","7.72744981528175","8.42692831263779","8.43285851538021","8.74423157968572","8.41916293079596","8.73662822514067","9.91646679277548",
"Italy","ITA","Food imports (% of merchandise imports)","TM.VAL.FOOD.ZS.UN","","","16.9264315675252","20.8327688159008","20.9654551004243","24.4526381833471","23.5652957630876","21.4663393089179","21.3518116996348","20.0701916137005","19.0498781912528","21.7275358419595","22.6248200260338","22.549135226643","17.1028445324482","19.3781585036273","17.2313626221195","17.6057317947493","17.5027072778361","15.82268719803","13.1298779783478","12.3060241143656","13.9192594368551","14.4130194194725","13.0751372581453","14.2865260047237","15.0661062513019","14.5645367892272","13.4437890892915","12.8022353290707","11.9908770107767","12.9444228291372","12.5722988888704","13.0934051967901","12.4304936297365","11.463635492268","11.572151200374","10.8450887921898","10.5625625940499","10.0553976682436","8.49122661061818","8.74904760129232","9.05151163756952","9.36279609127937","8.98092248829217","8.59948613890285","8.12314910773922","8.18049435074574","8.42689439473691","10.1601670271403","9.10109010451809","9.17212394054908","9.63315728514584","10.4124834744875","10.8680512957391","10.8812243196643","11.0791405808937","10.6680137356922","9.92310623477054","10.1759238484588","",
"Jamaica","JAM","Food imports (% of merchandise imports)","TM.VAL.FOOD.ZS.UN","","","23.0427877261334","23.8509288293593","","","","","","","","","21.193327884521","22.5604572547261","23.140619838274","20.174419841081","23.1986541177509","19.9199312467817","22.564777546914","16.79203784425","20.3202741239821","18.648189778922","19.2420865661901","17.0718360109209","19.9667016123825","17.8281408021471","20.3951606197084","18.0588957549861","","","","14.3653709491593","14.7952799436157","14.0271413172762","13.9988780431968","14.3396427467259","14.6227821427104","16.7370107988849","18.2446379624931","17.4891332733279","15.5194567147272","15.3975944338927","15.2211795319071","15.1212065012927","15.1401630172989","14.660350378548","14.3870875434376","12.7038463853337","12.2310738222918","18.1204682081954","17.6690466900845","16.7263636602423","16.5922442892966","17.4019805837348","17.5924309178431","17.9988319075482","18.6153195245951","16.7257270112403","16.4464556427676","18.1195542027734","",
"Jordan","JOR","Food imports (% of merchandise imports)","TM.VAL.FOOD.ZS.UN","","","","","29.429339609375","29.7482206025586","30.0037386922911","29.9325747204329","31.2042595968666","29.4157569445532","31.0405793482387","30.1949972638989","31.4710227524733","31.4576688784799","29.170260994174","22.4004170393947","25.8267069417527","18.2666250437697","21.3485051113263","20.1647721980217","18.1558734830066","17.0800081250309","18.2193262175912","17.7060624864841","19.728644147787","18.8074421319868","21.7849058152181","18.9945238957503","","16.9086527995861","25.8204120888579","26.8142731035813","21.2211243422292","20.1690071871431","21.6574032734716","20.5932881567792","","23.5349445727124","23.0990621351525","21.8135136257261","18.7404656910463","17.601922146017","16.8626332136614","17.6482866450496","17.0226907889587","13.61728423743","13.3081149105048","14.9962988265413","16.6496598065977","17.0167400236628","16.2262634150314","16.106219070641","17.3865471120265","17.1295420606004","17.772466733433","18.9454285396076","21.0973767410512","18.6700705737716","18.9063973667867","19.5154898542129","",
"Japan","JPN","Food imports (% of merchandise imports)","TM.VAL.FOOD.ZS.UN","","","17.3352141447202","20.7643475573489","21.6384797259099","22.6966552284957","22.5506072812597","19.4660106425987","18.075936083116","17.4860636466026","16.9185079935803","18.1839541159188","18.5447000699654","18.9167475223328","15.5821087820752","17.8845837278622","16.7504993147157","16.8251952895977","16.8287989179932","15.0861392195262","12.0444358068357","12.9566650564309","12.7197066865943","13.6913880585299","13.8604012829683","13.9215146363514","17.5835782604899","16.6265846474108","16.8842690924034","15.8690468354854","14.5460540397824","15.545234802152","17.081411529623","17.4002395564459","18.0149150033437","16.0701402168553","15.492061722163","14.6480136568811","15.8589353552231","15.1494360756702","12.7955329229744","13.0663950060951","13.254453387045","12.3066158270018","11.5830998869756","10.397420153451","9.00988229766332","8.89967308942484","8.66932540639026","10.4597602112996","9.23605692810236","9.24235589017887","8.90973348309916","8.61160767742411","8.48340277888314","10.0360295110415","10.3478196093369","10.0500590009697","9.4253644311145","9.82142153890579","10.5960495913232",
"Kazakhstan","KAZ","Food imports (% of merchandise imports)","TM.VAL.FOOD.ZS.UN","","","","","","","","","","","","","","","","","","","","","","","","","","","","","","","","","","","","9.8219023574874","12.3663356998089","13.1017585803673","10.1549254149461","10.197291893645","0.66966191099893","8.27830378704379","8.10190835463263","7.98988859735114","7.13682171994451","7.28585486395054","6.9492924055706","6.8558206930688","7.76918757783694","8.50228873803207","9.49279082378557","10.3590938596491","9.35066283472117","9.23050339588288","10.2757201353715","10.8539464711084","11.7263377740231","11.4239341772233","10.5234876747474","9.89973204167782","",
"Kenya","KEN","Food imports (% of merchandise imports)","TM.VAL.FOOD.ZS.UN","","","","","","","","","","","","","","","","","7.87185742934398","5.83990507700207","6.86325535631816","6.3159392850949","7.73496150170383","6.12676250052044","7.70702689249391","9.44661684808839","12.2026350412057","9.69760190737123","9.27444742198956","7.19291984217652","","","9.33278411667154","9.77301009988843","16.9841536283889","13.6096670176983","19.7899682674052","10.0895954436116","12.0314260133013","16.684952387724","14.423158912009","11.8846908038528","13.9479779658172","13.3669391879521","11.268070283505","12.1889429385749","10.3917860456964","9.47550244125543","9.23069578310042","11.0141357977101","11.6387013528166","15.3964663871845","12.0527689863538","","","10.7248484560346","","11.2769623635727","12.3590909072861","18.8997513158","14.0491243128458","14.618165323574","",
"Kyrgyz Republic","KGZ","Food imports (% of merchandise imports)","TM.VAL.FOOD.ZS.UN","","","","","","","","","","","","","","","","","","","","","","","","","","","","","","","","","","","","18.3424098238808","20.880897066759","","13.8035246363325","13.6135452702511","14.4432404933725","12.2621720812044","13.0786831548179","12.7830274392983","13.4568204353356","15.0039630062941","14.3599775452249","15.361131244899","13.081244426715","16.8817567666379","16.865605448581","16.6157805647953","14.5142108519194","14.0740980824945","14.7332721147486","13.9359611308734","11.9006179108854","14.0718428596837","11.1110728622099","13.3224510268346","",
"Cambodia","KHM","Food imports (% of merchandise imports)","TM.VAL.FOOD.ZS.UN","","","13.4979466894236","11.0704969430454","10.8134307061337","6.25581021198311","6.29189458675916","7.981380719942","7.29996642787384","10.0605836364106","10.0744434399909","20.7992700165238","31.1995002665217","","","","","","","","","","","","","","","","","","","","","","","","","","","","9.50621770286955","9.71158691635263","8.95466897463645","7.59680222176926","7.83516537828293","7.45420950149512","6.94416306872132","6.19039613928858","6.95518989044528","8.01761416508479","7.0626781253872","6.56459028257158","6.90584669141713","6.91900173828731","8.01677838178208","7.97743210128303","7.13483939078167","7.77011254207363","7.41186385146233","7.01752754982993","",
"Kiribati","KIR","Food imports (% of merchandise imports)","TM.VAL.FOOD.ZS.UN","","","","","","","","","","","","","","37.0388383525629","44.6258948071196","39.1948770378622","36.1277825814218","34.1127071355433","33.6159259396218","40.0436278706987","39.4607504017068","","","32.1498322834991","32.5402230546758","32.6337209398919","32.4010523183184","37.1968738153134","","36.0397626494054","31.4324154981949","37.0856559007699","26.2891669820267","35.9270072950637","40.6934020176924","39.4010569169204","40.8799197402463","32.289962222385","41.3597244574072","36.7926528011523","","","","","28.7516048632856","36.4267998592715","37.6851043301658","38.3789477574705","40.5246624314864","42.2859112783684","40.7041086328996","45.1059649558177","33.7057790559258","36.2036517320381","37.9587804308012","32.9728590791669","36.5764658989709","","","","",
"St. Kitts and Nevis","KNA","Food imports (% of merchandise imports)","TM.VAL.FOOD.ZS.UN","","","","","","","","","","","","","","","","","","","","","","22.7523084097491","24.6255936798985","23.3038928528961","","","22.9143651021063","19.1846968448439","","","","","","21.9924490412046","21.1787064425607","21.065593349866","20.3134674307015","19.1581523961379","","18.5185334524198","19.0433189632215","17.3545712797855","15.6170441808629","16.5832130329201","19.4254219350114","18.4986012057093","18.6130700245659","18.6907307807352","17.7693210448999","20.9634455877095","19.7179551077277","23.6963647995571","25.5754640447711","21.8985371115173","20.9985946620716","21.2064755936733","24.8700042042157","25.3848981641499","","","",
"Korea, Rep.","KOR","Food imports (% of merchandise imports)","TM.VAL.FOOD.ZS.UN","","","13.9134859516965","22.540976897267","18.1605983844936","15.0646058973233","13.5240950739973","10.659605665284","12.1890999619862","17.5827685446509","17.2247023209261","18.2333954415411","15.5787246485985","15.0118634051201","13.2319580467263","14.1604337772384","8.7318386650807","8.20184718337121","7.78171329832589","8.95147345612763","9.84931760372781","12.0410627475286","7.77237471173709","7.91765842730332","6.75240783389142","5.76687404611886","5.73854796934311","5.00407525806118","5.55619520011292","6.15317278043715","5.60181706971366","5.82241523967088","6.11679718283407","5.81123747846757","5.74793345900719","5.43163982045802","5.90525146843388","5.62400681849711","6.06072133470202","5.57700694613502","4.81152686043378","5.66351732411774","5.95270558107254","5.51718855877091","4.89471211682897","4.4440578207991","4.21526224607662","4.42393465874085","4.47864892232633","4.94009053969174","4.50978671022119","4.83794791656869","4.78836381766437","4.90427583936932","5.13897667497106","5.94130447666904","6.41716714805533","5.91886851260468","5.82380502476146","6.17976337180761","",
"Kuwait","KWT","Food imports (% of merchandise imports)","TM.VAL.FOOD.ZS.UN","","","","","","","","","","","19.7907184578847","20.7578060176207","20.4975735149874","19.9995890583451","17.7887637239417","17.0733473189155","14.2827852879926","11.9816422665157","14.6126037238633","15.557223113768","14.8034991248448","14.6187177679135","13.6057345350301","13.9984083691256","17.4189331026992","","18.0270230199943","19.6408026782908","18.1354274666366","19.3545645853652","16.7388149835091","10.7323108015673","13.3633171666598","15.0601554310357","16.9733087933769","15.5289372542288","15.6643219607661","15.3046388194633","15.0983647051663","16.82172623484","13.8447910406646","12.5974705169025","12.0135689908453","11.8610626821351","10.989504259397","","14.4265293009804","12.9034663117621","14.6148469353135","","15.3224712297754","16.7984035355808","","14.960613155169","15.6160357758704","15.8448330969168","15.0040378015851","15.0544742172287","15.0275120815219","16.4863792824911","",
"Latin America & Caribbean (excluding high income)","LAC","Food imports (% of merchandise imports)","TM.VAL.FOOD.ZS.UN","","","10.2518381437984","11.103808703622","12.2186619928488","10.765496272719","10.4665005919386","10.3590114359964","9.37518767916273","8.72774331839517","9.38675898797813","8.4899343110516","8.93801423995407","11.4275353730114","12.457192801297","10.3862609979834","8.70437068513854","10.6060632227388","10.8402620003178","10.6849520625897","12.9255093586646","11.2768266712678","10.2690926995669","14.4399500425343","12.6739722744697","10.8835354184293","11.272368820543","9.78776197576654","","13.5178581352586","12.3987754531649","10.6585751521453","9.50709472123095","9.08052019945172","9.67507387070521","8.72145397288149","9.81440964724353","8.474139874576","8.6897117271309","8.12135126455933","7.20232667503079","7.65585699736431","8.05315421576922","8.26516988672068","7.43350066861086","6.8096881581952","6.36866443036792","6.82387699863417","7.10371697567281","7.65526260455638","6.90053902214487","7.05519786486577","6.71419441483595","6.7512561687971","6.91511909185077","6.91729546407993","7.92351549167168","7.70925736152596","7.42442501550366","7.40510296489924","",
"Lao PDR","LAO","Food imports (% of merchandise imports)","TM.VAL.FOOD.ZS.UN","","","37.1273873746729","30.4510386194039","30.9441357192357","31.9962476383541","40.8865517363413","38.0953847786517","38.4932538929998","31.3546575773931","23.8513597298245","25.3522976159007","33.8487230778367","33.2268459015626","31.6670014271726","","","","","","","","","","","","","","","","","","","","","","","","","","","","","","","","","","","","11.3499646992904","7.13086015334677","6.1784526981335","4.16644642078463","4.1656326791554","5.26202672069718","13.2536138147358","12.0783902035188","12.3817699618709","15.6827342069202","",
"Lebanon","LBN","Food imports (% of merchandise imports)","TM.VAL.FOOD.ZS.UN","","","","","","","","30.3720204136593","27.1142476867743","23.9468157849939","25.0690811873613","23.536661708377","20.1040115344522","18.2341371476505","","","","22.0886186519402","","","","","","","","","","","","","","","","","","","","19.4201894031712","19.6716571800595","19.2761584878179","17.7728025545885","16.9509943945185","18.7162651607233","18.0838635818581","15.5138620095239","14.8441919299135","15.0045921057331","16.0800962578997","13.9159804363378","14.9214174857914","15.5783507867352","15.4390498762027","15.2686768721151","15.8236947610547","17.2831071139453","17.5815764451608","17.1394824849628","32.9070803805264","17.1805262804998","","",
"Liberia","LBR","Food imports (% of merchandise imports)","TM.VAL.FOOD.ZS.UN","","","","18.442012562326","","","","17.0835540139754","","","16.8827540393645","18.3683459718402","17.0681758979517","18.3512359507257","15.8059298229516","13.8713271060508","12.7753656840172","14.9492437158484","16.9938515292818","18.2258137764967","18.890400357406","22.2830124288173","22.3365448074712","26.075654673038","25.011804089287","","","","","","","","","","","","","","","","","","","","","","","","","","","","","","","","","","","","",
"Libya","LBY","Food imports (% of merchandise imports)","TM.VAL.FOOD.ZS.UN","","","11.7274328518363","13.8675273102988","15.5379023701778","13.7942252423594","15.6441175839723","18.2323577354412","13.7866065527326","14.1789893006849","22.586664137765","22.2578733760157","16.6907686586633","17.8725843746403","17.3382389741397","17.1296181319453","14.7951524941357","18.7149219827159","16.6227620583343","16.7369988185269","19.2923901967781","18.1389783619371","15.9923517169319","17.979362709295","16.1079341780686","17.3413211425355","20.2983523558034","18.0129297915872","","","","","","","","","","","","","","","","17.0369526076915","16.7743632731703","","","16.1396691658012","16.3733441165866","11.7554012223314","12.1710640288822","","","","","","32.9046503688399","","26.2829516231659","","",
"St. Lucia","LCA","Food imports (% of merchandise imports)","TM.VAL.FOOD.ZS.UN","","","","","","","","","","","","","","29.0872358489794","29.2873346492649","30.3528199902048","27.3995963574253","26.0995039629528","23.986626375865","22.0512583355737","20.9870457024886","24.3748247737062","24.9750929393727","26.5310957925234","","25.3468527736125","23.4540945523083","24.3314021169878","","","","23.74983321508","23.7162950309687","24.2648754368963","24.9919132555405","26.7050679986289","25.7691931695197","25.5449061420091","26.0686894554218","23.5946516365441","22.874655734015","26.4870130742102","23.2772760985958","22.1242157142602","23.6253260966313","21.5832108555612","19.6679429211054","20.3906212876877","21.132961869477","24.5595226614112","24.0771231963047","23.26019731776","24.2998612747279","17.9844758447062","24.7952173948952","26.5866257098783","22.6242039142671","24.6458158392162","25.3671376319121","27.0831430257254","",
"Latin America & Caribbean","LCN","Food imports (% of merchandise imports)","TM.VAL.FOOD.ZS.UN","","","11.2294848203325","12.0502635092686","12.9521784689788","11.4979178660793","11.1054057732998","10.9566753667287","10.0989922349029","9.48955381576732","9.87431648094212","9.2699151159289","10.0316028249334","12.5388266384029","13.7367404356085","11.0030343159396","9.95280743927902","10.7751013284852","11.2713124965299","10.920764960311","13.0643782520796","11.5418789346372","10.8062042630671","14.8651147834766","12.9160437565129","10.8421440237268","10.7782275893245","9.5713673618773","","","","10.266694181536","9.37522715785295","9.02899031129477","9.76250917333709","8.92787382345833","9.95096828403754","8.54420230840288","8.83089253603479","8.47294526463368","7.54825245908476","7.92412905470546","8.38774003385117","8.7498104911015","7.82571954931771","6.96066180549291","6.37134788789117","6.93609102108375","7.58500295363865","8.15436315377136","7.46927357196265","7.62292488821206","7.31540718286762","7.50825081451219","7.18353471061518","7.29772422778738","8.21518279908938","8.04040567919041","7.77235482811655","7.77460319206231","",
"Least developed countries: UN classification","LDC","Food imports (% of merchandise imports)","TM.VAL.FOOD.ZS.UN","","","","","","","","","","","","","","","","","","","","","","","","","","","","","","","","","","","","","","","","","","18.1233189936941","17.5273822743162","19.2407157332848","16.5824230279185","15.6031669579169","","16.1534627817851","15.5792205671786","16.2675418612362","16.1173706160435","16.7768209360223","15.6359526437478","15.6290888019927","","16.5529372965302","","","","","",
"Low income","LIC","Food imports (% of merchandise imports)","TM.VAL.FOOD.ZS.UN","","","","","","","","","","","","","","","","23.3776662357271","","","","","","","","","","","","","","","","","","","","","","","","","17.6802938039445","18.4914369687192","18.7843271994303","20.4310381787541","17.6867949174452","17.5919609931255","15.2140661510934","13.7078943029658","14.6578175428846","18.0239693032264","18.6780806514114","","","","","","","","","","",
"Liechtenstein","LIE","Food imports (% of merchandise imports)","TM.VAL.FOOD.ZS.UN","","","","","","","","","","","","","","","","","","","","","","","","","","","","","","","","","","","","","","","","","","","","","","","","","","","","","","","","","","","","","",
"Sri Lanka","LKA","Food imports (% of merchandise imports)","TM.VAL.FOOD.ZS.UN","","","38.7392578513242","43.2483748605673","51.8230596424302","41.4072586429957","47.862869817962","45.652129756818","46.1015992409091","37.8135070783273","46.9801026025258","46.8534289883577","47.6816211069486","","45.951762415068","50.458248022285","36.2786134598512","39.8297762822275","29.7056903922614","23.3143653607634","20.3972598285141","19.3585614666169","12.8232906694384","17.1750253651635","15.2804416963931","19.9609286744532","17.7353729305417","15.6013002878504","","","19.0541527255765","17.4515442677025","16.2262182606057","13.8519703718907","15.7835409478575","","","","","15.2648677003573","13.1481423185071","14.1613176951106","14.0582870578969","13.4462944421829","12.0988405946262","12.3987433530664","12.2952270658244","11.8890135723609","13.7290294913034","15.7432495810909","15.2488895293883","12.8920473468959","11.3958955226654","11.9665973272193","13.2042962708902","13.1240688540652","11.9368574232725","12.9560406860476","","","",
"Lower middle income","LMC","Food imports (% of merchandise imports)","TM.VAL.FOOD.ZS.UN","","","","","","","25.8469406257996","23.4931030042417","21.9708553654147","18.16473873658","17.783890790102","15.4889649049677","14.1687162505819","17.8337346536447","19.7517838872166","23.3114889967631","19.9645176003039","15.8092931067842","15.5783581928836","13.7204257211034","13.3602447223626","13.2505276430929","","13.6806373174105","13.2511830670202","13.0817155345735","11.840880855751","11.817835042154","","","","","","","","10.7948294663668","11.3867578876024","11.2245448875115","12.0099615857782","12.5162351245275","10.7380008410302","11.1019866686636","10.8531111554","10.6535875383236","9.22298438753704","8.26486474943162","8.16919812002278","9.44798570689401","8.42933449521862","9.64488400180202","9.67239774550434","10.8640943348856","9.93725190666319","10.4830502175502","10.9065613656962","11.0603420482375","11.4381810277988","11.4188833142135","10.0472359660612","9.11854425427091","",
"Low & middle income","LMY","Food imports (% of merchandise imports)","TM.VAL.FOOD.ZS.UN","","","","","","","","","","","","","","","","","","","","","","","","","10.6198520859267","8.34100406972479","8.35292568376165","9.03130300226725","","","","","6.98432420013302","5.91535214363213","7.10950725157997","8.166516030205","8.85599258273321","8.51320826326685","8.85860904680224","8.37801551421241","7.70413568118574","7.94444171271319","7.85945797076585","7.96118331587958","7.24422578032143","6.58361251833234","6.21442149318949","6.876905443016","6.99789893665265","7.87623476824549","7.55502531001165","7.75898877775066","7.65164647497194","7.90070867559146","8.1816041345166","8.7019782869099","8.852344665484","8.74967221092422","8.23429045337148","7.98040477815813","",
"Lesotho","LSO","Food imports (% of merchandise imports)","TM.VAL.FOOD.ZS.UN","","","","","","","","","","","","","","","","","","","","","","","","","","","","","","","","","","","","","","","","","17.6171105554725","27.0049502909412","23.0564430966299","19.3398362724309","15.6157531336272","","","","20.1725911622672","28.1439721784559","20.5762301477746","23.5131616630152","20.7509362771512","18.0802384052661","20.4630641615028","19.9848836574362","24.0339848055856","18.3097796284565","","","",
"Late-demographic dividend","LTE","Food imports (% of merchandise imports)","TM.VAL.FOOD.ZS.UN","","","","","","","","","","","","","","","","","","","","","","","","","9.91192439592522","6.42759129520755","7.20878398559057","8.41925356117522","","","","","7.5149990018488","6.31965572489835","6.65258394885651","7.88357360247563","8.56336350410117","7.9022862764572","8.08096678699616","7.51576550387531","7.16830991368354","7.2492314208598","7.03796966039551","6.78021002796109","6.42327459376581","6.00734758750144","5.66233424951636","5.94415586049953","6.56554154880202","7.32836464780756","6.99920258328332","6.93961028567517","7.24470804428633","7.36687262927008","7.60976411125547","8.18361069070406","8.12738216252438","8.19094674505331","7.7569537001732","7.85163645748248","",
"Lithuania","LTU","Food imports (% of merchandise imports)","TM.VAL.FOOD.ZS.UN","","","","","","","","","","","","","","","","","","","","","","","","","","","","","","","","","11.6643723338389","","9.72586804367604","13.0978541453555","12.7904344571735","10.7500823806234","10.5842677141647","10.7730486616666","9.68715025783298","9.24079920011052","7.91696716211946","8.0427909090297","8.13822024885179","8.03115961244225","8.80183870712837","9.38126447813631","10.5711828061874","13.9952445068595","12.4511453119544","11.5342544221979","12.3311525406441","13.3627760873523","13.0150478881868","12.9755861781372","12.867302979129","12.6539801479796","11.6991694640059","12.210967545112","13.4489900907544",
"Luxembourg","LUX","Food imports (% of merchandise imports)","TM.VAL.FOOD.ZS.UN","","","","","","","","","","","","","","","","","","","","","","","","","","","","","","","","","","","","","","","","10.7224342297206","9.79880158473253","9.29590619950152","10.4228264564385","11.1798611052811","10.550601776518","10.2201513075523","9.38341436084474","9.45126052727638","9.42660308613004","11.9154730969885","11.1590740462431","9.67936316739039","10.0305277731742","10.9554927076538","11.7677161937889","12.2578382265994","12.3595425334495","11.937428926855","12.405002734564","12.1342969220969","13.6917344947597",
"Latvia","LVA","Food imports (% of merchandise imports)","TM.VAL.FOOD.ZS.UN","","","","","","","","","","","","","","","","","","","","","","","","","","","","","","","","","","","10.5386168242405","10.4732212132349","12.9489081977499","13.419879169922","12.8232390914875","12.412704845933","12.2892523427299","12.3940666232121","12.870966043995","11.686760700553","10.7444780479335","10.756290503841","10.3969759661707","10.4518150922848","12.6993867342723","16.5571076053829","14.7574718532343","13.4162457407082","13.5921757234388","13.8082000156654","14.5717533266875","14.1679407266559","15.7251607855411","16.0762966584581","15.4825826031806","16.2875658291397","17.8048738258218",
"Macao SAR, China","MAC","Food imports (% of merchandise imports)","TM.VAL.FOOD.ZS.UN","","","","","","","","","","","","","","24.6662630511773","30.4495633585078","24.2562859630594","26.9404425248856","25.5936361132447","25.0250340772647","28.5020613738669","29.3181606294943","13.0726373890335","","14.2521633573774","13.0874862599817","12.2324696004165","11.5765519145413","9.47623436103664","","10.8251495548187","11.8563232558191","10.3241151221741","10.9095217383006","12.2727021220966","13.6580295938547","14.0234843029376","13.157372644589","12.3218483883736","12.0535594802108","11.0670962845133","11.4527191454081","13.4721685160031","13.3706265346006","13.0590752573664","12.1832251450837","12.5588908318035","11.4942053568689","11.763237181001","12.8675079715467","17.1075109774984","17.1390611004483","16.0011959158066","13.9885847183393","","14.8519688288844","16.0423654920844","16.7775197335604","","15.8804523268881","16.5983674582061","14.1847415110012",
"St. Martin (French part)","MAF","Food imports (% of merchandise imports)","TM.VAL.FOOD.ZS.UN","","","","","","","","","","","","","","","","","","","","","","","","","","","","","","","","","","","","","","","","","","","","","","","","","","","","","","","","","","","","","",
"Morocco","MAR","Food imports (% of merchandise imports)","TM.VAL.FOOD.ZS.UN","","","29.3747686781335","25.5174641031824","30.8308408918542","36.4717821268663","32.3769642254137","31.4941696646615","26.669387230192","18.570232255418","20.6646398809891","24.8318089235286","21.5682787332903","27.7896271237655","28.190403655057","29.6083604222591","19.9537813645401","16.9824818639447","19.8070451081548","19.18708842601","19.7939208267467","23.4253406804048","16.298756603584","17.6394509560646","20.5448141259693","17.5048334690155","15.8941293601568","13.4513624993469","","","","","","17.1195622425955","14.4843802523902","19.5284778829837","18.8878013074943","16.6158486303408","14.1917342535347","13.2672177994142","13.7418105275081","14.3721024488698","14.0075464904375","11.0154535757827","10.9116550391033","10.5507885178635","9.30728519342545","12.2680403253089","11.7967397974887","11.235630732891","11.4679758863608","12.6362660541801","12.4603700205591","10.7813885160453","12.2148627593298","11.0162879574122","12.3120814491261","11.2874887329015","10.8302051392285","10.9236518499108","",
"Monaco","MCO","Food imports (% of merchandise imports)","TM.VAL.FOOD.ZS.UN","","","","","","","","","","","","","","","","","","","","","","","","","","","","","","","","","","","","","","","","","","","","","","","","","","","","","","","","","","","","","",
"Moldova","MDA","Food imports (% of merchandise imports)","TM.VAL.FOOD.ZS.UN","","","","","","","","","","","","","","","","","","","","","","","","","","","","","","","","","","","6.45932603938444","8.07747518889426","11.4629421023589","15.0014813532872","7.82219768994657","5.92490989105914","13.0769994452195","14.3328107286001","13.296028808662","13.5416392228513","11.5762855880291","11.5387067699664","11.1730968508203","12.1326980322246","12.4034921017318","15.1859850147131","14.8576531347054","12.774867561548","13.7707809842777","13.7218886851795","12.9243432728639","14.043945925023","14.5175992446707","13.9754360711826","12.6922473250901","13.3316733871761","",
"Madagascar","MDG","Food imports (% of merchandise imports)","TM.VAL.FOOD.ZS.UN","","","13.9773914062395","13.5221327519404","13.3990037037225","19.6621644519831","14.6410426894837","11.4319590320602","11.2370008166332","13.4672224006886","12.4222829825773","15.1067829398856","13.7523617543968","18.4222381745196","21.8127910245449","14.2114266028959","14.0425467056882","14.5450984750225","16.9156580250738","15.1005437063487","8.54426874551669","14.0861710120781","16.2010497006401","20.0096864897815","12.0805476307585","12.5818709224714","","","","","11.180491599109","11.2347986470465","13.3924561791987","13.9792691927243","15.3141398585444","16.2593444449737","11.4134668233824","15.1838981890947","14.4152803164588","13.6732686332529","13.1791903041482","14.3861363803678","15.9475604565603","18.3188710729327","14.585205063439","15.3635531630811","14.5107553360237","14.6137455540019","10.5986401050752","10.6823418787443","13.636231283788","17.7953795615139","15.6454852929413","17.196389615344","15.9527073327381","14.0202938428875","15.4195541127427","20.1473191665742","17.050986015686","14.5711726104704","",
"Maldives","MDV","Food imports (% of merchandise imports)","TM.VAL.FOOD.ZS.UN","","","","","","","","","","","","","","","","","","","","","","","","","","","","","","","","","","","","23.9534962609947","25.6005576772992","22.8005590813406","24.3687880604193","23.3765918190697","23.6159467925972","23.0130282573515","22.6295975661876","20.944773639937","18.2726204373791","15.5568155847323","15.9638744547801","16.5811109834168","15.8699174756806","22.2188076012224","22.3530852707573","20.964244178682","21.1799251918711","22.5044444712093","21.0278612609828","22.0907648556129","20.9333681187469","20.1187385342501","17.2585555593835","","",
"Middle East & North Africa","MEA","Food imports (% of merchandise imports)","TM.VAL.FOOD.ZS.UN","","","","","","","","","","","","","","","22.9539674033307","19.8127351512623","15.5642144637717","14.4782819418523","14.2563752225191","14.7210540682602","15.7512362908616","16.0059639559912","14.259007413924","15.0058222326803","","","","","","","","","","14.1385384746778","","","","","","15.7593416542521","14.7203392502352","13.8595907555179","13.1719493915195","12.9520320446443","12.089171174689","11.2917840556337","10.1671166634898","11.8224271058853","11.1256357692478","11.8121008733653","12.376720565611","13.1229970671464","12.0032272542188","12.877844520609","12.9422594327349","13.2737797756577","13.7412352578755","13.8876032534471","13.9018155175811","11.8133919402157","",
"Mexico","MEX","Food imports (% of merchandise imports)","TM.VAL.FOOD.ZS.UN","","","6.42873877458445","7.94827401787305","5.35733523746981","5.21688843531826","4.69579779768704","4.17434822646255","3.76626866082164","3.73254903698316","7.35723359058125","6.54332771893348","7.87425301035312","11.3380158811025","16.4725098584161","12.9674336137663","7.47310221306234","13.0804703117484","11.3556898788878","9.19641122038662","16.1259602968831","13.9578262000097","11.3747688284096","20.5568131764855","16.0331721682175","12.4438672125424","9.05619877518329","10.7840676722838","","15.9519180597802","14.6365145972461","10.929211696308","8.96679777558455","8.13316815882356","8.31640899867933","6.31994891549659","7.62382308805047","6.06867447784647","5.82735924701405","5.28115141638395","4.7291951218225","5.80757053903952","6.05048603216255","6.54918087678572","6.32029188394157","6.00785144942829","5.85643419980812","6.48451648926173","7.10627734701229","7.35357082667173","6.47214151016837","6.99245544842389","6.16566185030012","6.5878050549043","6.38927059426244","5.8145663208227","5.99907136142108","5.77334278571356","5.48103884770072","5.58159886506357","",
"Marshall Islands","MHL","Food imports (% of merchandise imports)","TM.VAL.FOOD.ZS.UN","","","","","","","","","","","","","","","","","","","","","","","","","","","","","","","","","","","","","","","","","","","","","","","","","","","","","","","","","","","","","",
"Middle income","MIC","Food imports (% of merchandise imports)","TM.VAL.FOOD.ZS.UN","","","","","","","","","","","","","","","","","","","","","","","","","10.5583665037436","8.24959710247711","8.28836980794517","8.97847068880366","","","","","6.97965146650812","5.90714226770014","7.06030045638049","8.02135844560915","8.76010650212738","8.42935509650862","8.78665932321377","8.29584599680057","7.5614057060965","7.77035359338806","7.67693682653586","7.75723207890454","7.07041055821888","6.39941426542338","6.07340505037886","6.76424491149313","6.86131020337351","7.70597801361981","7.3627015732907","7.62326559175811","7.55045495898281","7.80532402629755","8.07092330727697","8.57837783794789","8.77247529079448","8.68322658553974","8.07437761493072","7.89275230351057","",
"North Macedonia","MKD","Food imports (% of merchandise imports)","TM.VAL.FOOD.ZS.UN","","","","","","","","","","","","","","","","","","","","","","","","","","","","","","","","","","","20.74615401919","17.4002960933702","15.9212152830967","19.4217722251067","16.32295658771","15.2963114285444","12.0608990292847","13.8016118638273","14.534723858425","14.0930535774656","13.8244724349261","12.7401424485328","11.6624856629333","11.6208446112742","10.9693173344492","13.2354197461243","12.4172853970496","11.7727860942679","12.9697244816892","12.6960873900731","11.3742659292011","11.6865084928092","11.3637546587307","10.7963737289705","10.0149831078703","9.6106780744365","10.4628664726918",
"Mali","MLI","Food imports (% of merchandise imports)","TM.VAL.FOOD.ZS.UN","","","19.5347366070983","21.2715833068228","17.3993313100399","20.7322272033068","21.4773133748813","18.386115350784","22.2429633617347","15.6871780107313","28.7873341612024","29.1512763580461","22.6277202334871","","56.0838268854258","27.2189651149224","19.1194133744935","12.9375213697958","22.6934363530408","16.1414612186619","19.1128220363224","","20.7986280666497","","","","","20.961150070901","","","","","","","","","19.9361131435554","19.023530107761","23.1458875788983","19.4870609967661","14.0307573183783","14.3209096637092","17.7394509429263","17.9652369506671","13.6899106078829","16.4928664802613","17.2549055068181","14.8063691142192","12.4485024004956","","11.6292932038646","13.7300233053987","13.6844691760277","","","","16.1206376058783","16.8688059657809","","","",
"Malta","MLT","Food imports (% of merchandise imports)","TM.VAL.FOOD.ZS.UN","","","","","","33.6732384443895","33.4159643545171","32.4745012627234","29.2930341086444","27.4205050650149","26.0289861612302","29.727004538465","28.5712325436067","30.1360502239305","27.1655484304632","26.8438825680693","24.1655582731003","21.8789033757812","21.6739162539226","20.0939538480289","19.3618028740129","17.8393045144299","18.1991701364949","16.7985516927517","17.1368698864678","16.4210841557447","14.56312144313","13.5695671838836","","","10.2459380157796","10.5404332775236","10.2810816475372","9.90967998465829","8.98224742673439","10.1162319751028","10.8432505104676","11.991533467074","11.2075708868419","10.5924732028578","8.42495711101394","10.9063180226203","11.5213119755937","11.2778475239268","10.7261609589332","11.5964219656071","10.7914946145447","13.250285397181","14.6778017100433","15.4604452467955","10.7164310488286","9.29695122118451","9.43975991060286","10.3252790307839","9.43503831830289","10.1631598172849","10.3463668589389","12.0439867844104","12.2188322010564","10.0704845378956","",
"Myanmar","MMR","Food imports (% of merchandise imports)","TM.VAL.FOOD.ZS.UN","","","13.4268937901212","12.3226807652836","29.384944762811","14.6971266831103","13.2309039257339","14.4921639939993","5.13816431076314","5.56928710659254","7.04252592102402","7.39944587864101","5.55843372625363","7.41370969728112","10.5463576582551","7.34821182045488","9.74411756542369","9.14689836378907","","","","","","","","","","","","","","","14.6502905320042","","","","","","","","","7.07940840402501","","","","","","","","","7.24333365017581","9.15878803691236","12.1469609065642","8.41640256318464","9.06243025524072","11.1358014138499","18.8181763123592","14.6128013007068","","","",
"Middle East & North Africa (excluding high income)","MNA","Food imports (% of merchandise imports)","TM.VAL.FOOD.ZS.UN","","","","","","","22.1590418373611","","21.649765939245","17.5819767048951","18.1582265123483","20.8023134840525","20.0651323492455","21.331507239491","26.7370585818839","23.4818188243111","17.9061227326728","17.08606050753","","","","","","","","","","","","","","","","","","","","22.3501129672562","19.3500329123821","19.9903942074388","17.4085235977902","16.7158198794657","15.9586945810931","17.0401311478574","15.8611888405223","14.4466991776723","12.2584733868774","16.9597477671915","14.1530636926672","15.6411609428224","15.9788365311495","17.8809957320744","","18.9908644347084","17.7757584651769","19.193014344057","19.1279832217541","19.104214735654","19.98895767949","","",
"Montenegro","MNE","Food imports (% of merchandise imports)","TM.VAL.FOOD.ZS.UN","","","","","","","","","","","","","","","","","","","","","","","","","","","","","","","","","","","","","","","","","","","","","","","15.6845129987695","14.8705934472963","16.5542740822571","23.7392223135332","24.1932515959119","23.7644907508952","24.0665398767195","25.3126436706592","26.6381739405484","25.0400024694151","23.4776342515654","22.661256360577","20.9967879767338","","",
"Mongolia","MNG","Food imports (% of merchandise imports)","TM.VAL.FOOD.ZS.UN","","","","","","","","","","","","","","","","","","","","","","","","","","","","","","","","","","","","","14.2673378768649","16.3192622616956","16.5156762845498","11.7346453576198","16.5617085994331","17.8737301554831","","14.4177423112872","15.5862767752027","12.9678962873215","12.0851386829202","11.8250551937843","","","","","","9.07888233457365","8.98834522472244","12.4699080200439","15.1106576069522","12.4622700199534","11.4080607040532","10.3897910599773","",
"Northern Mariana Islands","MNP","Food imports (% of merchandise imports)","TM.VAL.FOOD.ZS.UN","","","","","","","","","","","","","","","","","","","","","","","","","","","","","","","","","","","","","","","","","","","","","","","","","","","","","","","","","","","","","",
"Mozambique","MOZ","Food imports (% of merchandise imports)","TM.VAL.FOOD.ZS.UN","","","","","","","","","","","","","","","","","","","","","","","","","","","","","","","","","","","17.9346157734621","22.3137562913434","22.0330624338029","23.8012521639292","","","14.0066144857989","13.257737733351","11.812290985857","13.5709344121262","14.7401183259255","14.9657971055512","13.7608110564344","17.767390276362","14.2100700744197","15.422661555271","11.6065466034718","12.3339127610537","12.9572179325588","10.6627646928376","12.5365195071026","","14.9936399014167","14.7680785531657","15.9310035112121","","",
"Mauritania","MRT","Food imports (% of merchandise imports)","TM.VAL.FOOD.ZS.UN","","","5.98132650341152","4.97437009793034","8.26778773557792","8.69814587065531","14.2844665650868","17.1442931037367","25.6981092851983","","23.4131524045353","24.0116946574352","22.6282169636846","","","","","","","","","","","","","","","","","","","","","","","","","","","","18.6830138117669","18.3690372046714","21.848775576065","24.4396361169481","10.777222912091","10.2254337451507","25.0293289231572","25.4755622962972","28.2297717976044","29.0703608438142","19.397910791634","14.4736805480835","15.2317691013384","11.0168785155269","12.0475544292249","14.3122078362788","18.1557550936327","13.8180670391824","18.2390096408086","18.0097260367508","",
"Mauritius","MUS","Food imports (% of merchandise imports)","TM.VAL.FOOD.ZS.UN","","","","","","","","","","","36.3642899693382","33.9935163839789","30.271770626297","27.4533795034831","33.5467336150323","26.7104415603582","24.2274329182766","23.7319192272371","26.4541053861057","","","","","","","","","","10.2247378904287","12.4841757093779","12.3948573663611","12.3438494043823","13.0991094528165","13.8671628011188","14.1657703352259","16.6167288326183","16.209738440656","14.8920176338733","15.7302639370063","13.7672758202426","14.2315185392831","15.7446910311172","18.9417095986471","17.4472789801163","17.504483666999","16.6629153656852","16.4540320429031","18.8086515220916","20.8591067696253","21.5518568333152","20.982011316766","21.2489364416845","21.4831132106385","22.0491189654236","21.1983847569204","21.9617388067098","24.165029730784","23.9865717577924","21.0041130169985","20.760228579189","",
"Malawi","MWI","Food imports (% of merchandise imports)","TM.VAL.FOOD.ZS.UN","","","","","","","19.4235286396009","16.9124015364983","13.6010353030727","12.2939406993011","18.1136668836279","12.3042137753842","12.0452094099443","14.3273272796096","12.2515202733626","9.40526150323816","10.3899785629149","8.11765123963903","5.10484752018856","6.36570898429483","7.51166955159788","10.9502581785325","7.59466184588216","8.19339300500368","7.56199510835205","7.64489350697389","6.60316072529818","7.6322621148547","","","8.6778996143093","8.1591553872637","","","16.6945795905778","13.9258896423704","","","","12.1638232042342","9.8375491741077","11.6347370367122","23.51568823685","17.3600759785098","17.3704343643148","18.2345070254401","15.1498017678089","10.6165111723595","12.0350952479519","13.1363460451413","13.6193372987734","13.18071055456","7.54072717943982","11.3525723107188","9.74497874303632","11.4094931884006","18.6746723578107","12.4532419972272","10.3220589455969","10.9589246341955","",
"Malaysia","MYS","Food imports (% of merchandise imports)","TM.VAL.FOOD.ZS.UN","","","","","29.921762393606","27.1897098690867","25.7552492799216","26.6351997321636","25.0189688851423","23.7964519633124","21.5309879062641","20.1872858465493","20.7633905167351","20.7972921318947","17.9924057736339","18.2032035272429","16.6677135634125","16.7168888376523","16.4375375120908","13.5515594002653","11.8680527508039","12.87098450313","11.6647375596666","11.2293944328069","11.4503332215512","11.7640539977578","12.1793580239384","11.1835109436029","10.6405861481077","8.96346268401383","6.91103659774559","6.35449559809291","6.5152729382548","5.99622131122854","5.23117674887806","4.77840529698096","5.25024399827156","5.3746148743586","5.68331616965234","5.42770752031591","4.33738340914225","5.25227871755226","5.73363820357425","5.04585100225291","5.50910476236322","5.16903955711743","5.21699338515735","5.88761302940324","7.0434598452226","8.0277527375979","7.77311447290867","8.80925974895629","8.42050934777941","7.59021780041501","7.92295977895764","8.74914266320763","8.69098000763678","7.99408759523639","7.46527556587016","7.73664179885735","",
"North America","NAC","Food imports (% of merchandise imports)","TM.VAL.FOOD.ZS.UN","","","21.5340167003962","21.6358209629749","20.4728278408654","17.9472103480988","17.0899446227249","16.5777310908668","15.3790013466509","14.035149853719","14.852667865173","13.4199023351251","12.6966870531839","12.9463960143398","10.7548265092715","10.4108111698884","9.84256185697204","9.6691311238658","9.37119643606725","8.86532480854269","8.09487740851671","7.60035118256412","7.83998303956907","7.70833778488356","7.06803482297525","6.85231025367021","6.98341055364317","6.40727526305585","","5.71659632018859","5.86232627376403","5.99418200945737","5.82739529410866","5.48573906391367","5.20321265773029","4.94216067730634","5.07514551275089","5.08327167154042","4.99600710149352","4.71326483491576","4.124887828494","4.51298656790672","4.8454299158304","4.92731010095784","4.61607998816499","4.45004296287483","4.45698097550827","4.66104404413334","4.74843346923284","5.85874226216844","5.32853012177616","5.39390057253872","5.30295397542583","5.54385314443852","5.90139660960864","6.23676262003488","6.52430128780033","6.45308038980495","6.30383406603768","6.52207796759972","6.77430090829517",
"Namibia","NAM","Food imports (% of merchandise imports)","TM.VAL.FOOD.ZS.UN","","","","","","","","","","","","","","","","","","","","","","","","","","","","","","","","","","","","","","","","","16.8997438305921","13.1218026878938","12.5660788845836","15.0080581041003","18.6010205781968","17.9089360146307","16.2140800337014","15.3955824231063","13.9837911994973","14.8227838302057","14.9078679851097","14.0894647659619","13.0163978523034","13.0651952404572","11.4346267970509","12.3219157377766","12.7579447127674","13.5149880293624","11.2812684735258","12.5438955873995","12.5880287511149",
"New Caledonia","NCL","Food imports (% of merchandise imports)","TM.VAL.FOOD.ZS.UN","","","22.7083481578552","","","","","","","","","","","","","18.7448481914956","21.0377257289497","20.9570412120349","22.7637653811126","20.9348271675183","18.8513617061695","20.4138007501508","21.82445020389","22.7465276693338","","","","","","","","","","","","","","","","15.7772720628923","15.0874057405551","15.3575768086268","15.2411251522648","12.2058782910631","13.6249974133711","13.1506258600845","12.0050542627807","10.6134656859456","11.6547360200694","12.0604925490172","11.0329060983035","11.6473748722557","13.1223820114621","13.5178201333854","13.4275502052482","15.7648685320061","","","","","",
"Niger","NER","Food imports (% of merchandise imports)","TM.VAL.FOOD.ZS.UN","","","24.252569518729","20.0526353095885","15.0004863281556","13.3696303264323","14.1767876140533","16.2127471778603","13.631872419271","13.4447432040584","14.1798002279083","13.0011117548473","15.9058088766592","20.0000892079496","22.2837951642989","21.605119939596","9.93484489316264","12.0818329324792","17.134752573721","11.8101761805152","","23.5220153990074","","","","","","","","","","","","","","32.3583320361926","43.448960242521","38.4047155064475","38.6163918883766","34.5183911760324","38.5463277247556","45.4352336985795","37.8729406068288","33.3370097231316","30.9858485614994","34.2053156102748","27.8487487516202","23.6291303389956","24.8803581975074","15.5486913702797","15.1170146288748","15.8333481785385","31.7171710244909","32.8575048019972","24.7926173161081","20.9864009654407","25.1251760217912","33.1150385784734","28.1596856174087","","",
"Nigeria","NGA","Food imports (% of merchandise imports)","TM.VAL.FOOD.ZS.UN","","","14.129950542571","12.1392642079843","9.23744265677605","9.14200082769154","11.017468240778","10.470268957365","8.1025681287955","8.78448452234804","8.24463632817727","8.62537383183015","10.1405219734187","10.8162252021318","9.53322963625157","9.38006531184191","10.1080358596214","12.8697524630324","14.129781793651","16.8472100615056","","15.5443307366166","","21.5548760978154","21.2878147491077","17.9569212894035","15.7696387036938","10.8598439846965","","","","","","","","","17.5144194576951","18.386889632813","19.5973417547207","27.0232196446158","19.9176960380601","21.7047274781102","19.5776400876136","15.4964791149288","","","17.9553387523989","20.0580123699175","9.77879019817049","11.8280769436116","10.251567067757","30.5695041855702","22.7097430312399","17.8293897002813","17.0271649889326","16.9489161971634","12.8506010052606","16.3157578016668","10.9317931208729","9.91577470197674","",
"Nicaragua","NIC","Food imports (% of merchandise imports)","TM.VAL.FOOD.ZS.UN","","","","","","12.6236200337085","10.6482881907828","9.5954177251319","11.1596589714307","9.33592908156873","9.81080301584","10.537701337667","11.6904012945754","12.6703613724262","7.96322744143235","8.51170680822387","8.82620513654544","7.74339643234788","10.0051074064671","13.8211975523903","15.4343116200739","17.3422539302754","12.2469943080988","12.7394970101144","13.621662984983","9.50314217684989","12.0687500304715","","","","","","","21.5865898589673","19.5183708882378","17.9461676186102","18.6778400317507","14.4492469813282","17.6406323141063","18.6049103163574","15.8637991162577","15.9594907836738","14.9689289544499","14.5943783092136","13.3513639654822","13.2177959961852","11.6292826863341","15.9550049128168","13.8698421435877","17.6375771359202","16.3523181287431","17.2503665667827","15.1301297834995","17.2659039797376","16.6756577811244","17.0407466515511","14.0797898745855","14.0179597122756","14.3596049654348","14.8102371821406","",
"Netherlands","NLD","Food imports (% of merchandise imports)","TM.VAL.FOOD.ZS.UN","","","29.7344070968865","16.6184894597073","16.4123041144483","16.1826163282511","15.8286373465558","16.2090987979342","16.1204704999509","16.026080961162","15.1491921131037","14.9859482601102","15.8193738329543","16.8281283033787","15.5667969610848","16.2577753407232","15.605599236136","16.1342432337877","16.0626205967726","15.3378520234775","15.021988715721","15.5126907785936","15.808617304943","15.5713021457792","15.5249458847813","14.8973455948156","14.9264905598604","14.9422524411994","15.7222733065068","13.2881903748769","12.6166518610603","13.1873947911331","13.9781742122971","14.5706396746986","15.1016918620807","13.9287251644164","13.5886508373063","11.0146513039264","11.4003082795773","11.196889185465","8.59691842302504","8.76916297314212","9.75914632511179","10.2746199525629","9.41141197375442","8.86250952235484","8.4582601507948","9.13224247287359","9.89642284540073","10.9251136542136","9.95712779013256","11.7224692722797","11.7584776016537","12.2716345609851","12.2911293007386","13.2281264962653","13.4135390419312","13.1068659315352","12.2346608070139","12.1967781272298","",
"Norway","NOR","Food imports (% of merchandise imports)","TM.VAL.FOOD.ZS.UN","","","12.1354952988322","12.5474372049764","12.0841257380666","10.7752536724844","10.8553033101997","9.46570066003993","9.93915688378053","9.01451515281955","7.69412031967065","7.18615885008377","7.86340831559726","7.83962578096917","8.07714373226725","6.77626578026334","7.11590479841295","6.75519061595144","8.05618201877062","7.8622615144771","7.52225773192746","7.21809170338469","6.38503849609588","6.89704596014809","6.61948485965345","6.15191162025306","","","6.11344566189046","6.20877764928091","5.89142284811919","6.26845780404949","6.75809130742246","6.71356124033363","6.93772557070359","6.83296981011638","6.97383612216916","6.57760526523423","6.62057048612181","7.11991237279293","6.46543280907543","7.10546240770286","7.50398517028493","7.56351454804612","7.20540345681431","6.81569822458405","6.62144362335623","6.7973399018296","7.20713019105142","8.37971786186264","7.91633771436787","8.31905150509946","9.03285630861555","9.27222502483793","9.36880820955462","9.5081251654381","10.0470639429801","9.13046398502872","9.21545461675945","9.23748486547489","",
"Nepal","NPL","Food imports (% of merchandise imports)","TM.VAL.FOOD.ZS.UN","","","","","","","","","","","","","","","9.8224933135308","2.9343240579113","6.08487544723677","3.82069447193656","7.87179311072844","4.07019817855145","4.33327793784495","9.54635183083245","10.6781762298725","16.0662651906759","14.6265117591591","13.9830590677044","13.928103257115","8.47361618145859","","","","","","","10.7367484719526","","","","8.391868433092","15.7454381736415","11.8582407816918","","","17.2735815746922","","","","","","14.6869312239338","13.6500967020736","14.1795192393523","16.847268496166","18.4274465666616","17.9357260154926","17.9135896514946","18.2328815073493","17.6428564676692","","","",
"Nauru","NRU","Food imports (% of merchandise imports)","TM.VAL.FOOD.ZS.UN","","","","","","","","","","","","","","","","","","","","","","","","","","","","","","","","","","","","","","","","","","","","","","","","","","","","","","","","","","","","","",
"New Zealand","NZL","Food imports (% of merchandise imports)","TM.VAL.FOOD.ZS.UN","","","","","8.88649354661235","7.65666182636211","6.61502666891505","7.02283220188366","7.42914791817646","6.52227876375834","6.90259775517961","7.05511736928152","7.19239038017855","7.29492314307692","7.06569166955037","7.25757287769609","6.23249203559266","6.72637652343038","7.02168627087831","6.19828821170251","5.97683511044239","5.78858167446509","6.72230634919251","6.29355254623162","6.49188322667084","6.21886868959624","6.46698270521747","6.72179160380937","7.70987607310527","7.44439519268392","6.77651004706933","7.82005006852862","7.26186523522237","7.74549467533267","7.51124643252268","7.44919887987459","7.60935139371214","7.77401372480264","9.20103004215946","7.78436649828484","7.72539363500583","8.35043726681559","8.55424398531967","8.15797307027291","7.59012384281528","7.6532725496079","8.09644035294417","8.57888208033383","9.35585928849379","10.678533722449","10.6098872018348","10.5379127624723","10.6484300490726","10.6409214594995","10.7736810855333","11.3631195069162","11.4413384610782","11.5262393308414","11.3255666794491","11.5258176269448","13.3842943548494",
"OECD members","OED","Food imports (% of merchandise imports)","TM.VAL.FOOD.ZS.UN","","","20.9422119311233","20.2103334954136","18.7926022926739","18.1973891306473","17.8173123110814","16.6771153940373","15.5541524475522","15.0569489168172","15.0149513711339","15.2153315298915","14.6090971122385","14.8166515661922","12.985166602743","13.4036269191951","12.1696455411161","12.8304359076314","12.3795793573239","11.3223851077229","10.5403215928252","10.6215350687677","10.5309874495412","10.8815699574316","10.4472445820268","10.0010894008915","10.5032872721737","10.0468764720987","","9.39323260934688","9.07210228627692","9.22496452804334","9.40796554970055","9.36819225251296","9.3629511642327","8.81010272345544","8.82858373261956","8.27718395494957","8.22259724996857","7.92292871993327","6.74263429943369","7.18356329695572","7.50073884122993","7.47337471920099","7.03539998888266","6.78947571232387","6.44330015410241","6.68480464516505","7.01889563409672","8.17677711265874","7.36520855727927","7.5027454329329","7.62487866373159","7.84909743302039","8.088729242806","8.4504181877977","8.69692938266675","8.51894903260629","8.16807167518439","8.27977259397535","",
"Oman","OMN","Food imports (% of merchandise imports)","TM.VAL.FOOD.ZS.UN","","","","","","","","","","","","","","","","13.2855117991226","14.3625365269938","15.3668534440017","17.435771755982","17.4332296792579","15.2090094335858","13.4974469871144","12.6655561603591","14.6892162027269","15.0342802297251","13.4570306980866","16.285850602192","21.2910124535566","19.5143629080594","19.5947904374907","18.1159185160647","18.4009196457605","19.078221314411","18.3161925518862","20.0667583875992","19.7797257624624","17.5681009680824","16.1243925803552","16.4300363212207","22.5178560148405","20.5241723301161","22.2482039704609","20.9354459859728","5.77066504993347","13.3346157772279","11.8131200547494","10.576673231666","9.74253454223567","10.8811142771005","10.9426568463379","12.1069373148947","11.0805821587421","10.3614903564053","9.2021213706734","12.3258535293845","12.2478224105313","15.6415616229908","13.624627524503","14.8266333732697","","",
"Other small states","OSS","Food imports (% of merchandise imports)","TM.VAL.FOOD.ZS.UN","","","","","","","","","","","","","","","","","","","","","","","","","","","","","","","","","","","","13.1588847456916","15.6337804401367","","","","13.1109575848525","13.670731449004","13.5657895598222","12.7065187377149","12.0892764901504","10.9460001202252","10.2339203543753","10.4587783266785","11.3632290313602","14.9239401512424","12.6396911278767","","12.8157659189326","12.9042841292653","12.5672646261643","13.124117203404","13.43232077598","13.420379741781","12.2960513241369","","",
"Pakistan","PAK","Food imports (% of merchandise imports)","TM.VAL.FOOD.ZS.UN","","","14.3419556394781","21.9603851995921","20.4083850672608","20.1622659687086","15.7490104999301","21.5492599787595","19.0093186321648","8.35544036507234","20.9090071407348","19.029161516921","30.1673318872022","24.858375387411","23.1846762675889","23.5963346908793","20.8957115263898","16.9974219951489","19.3193203267109","19.9059789462728","13.02617333861","14.0511045901653","13.5746000959575","14.0266163905235","17.0808503887559","18.8895715651981","17.8497345892955","13.806181173495","","","17.3537852098308","12.1574561622004","15.0793967098079","14.218146154322","","17.5042386549881","14.815686903251","18.5749550397068","20.2850851149856","16.3668955492299","13.7672819411255","12.2088797119404","11.882371649833","11.2870697186668","10.0014614862786","10.400913428462","10.2590316972389","8.8635415056929","11.8504695484374","11.341677906128","13.044965280802","11.9497095676401","11.0599622628997","10.2037450537284","11.7285285564642","12.0975234554292","12.5083504033276","11.8099304075749","10.0377092135093","10.7361852858615","14.9938050774552",
"Panama","PAN","Food imports (% of merchandise imports)","TM.VAL.FOOD.ZS.UN","","","13.7450195471755","11.7924969947815","13.9561036667605","11.5111230485834","11.131382981442","10.0106095865047","9.97063262420597","9.63155956611975","9.9866866902174","12.3335235771732","10.4676584615419","11.2127399484716","10.0738810612858","8.81615890665966","9.36731644569805","9.93605470025178","9.32808534725326","9.80227240916953","10.063966055708","9.03611190003335","9.25063194544233","10.7576446412475","10.4777547917364","12.0519842223504","12.7663341504868","11.2370868951731","","","","","","","","10.7105176613708","11.1219759247748","10.4117858135167","11.5148632741208","11.5318679828138","11.5980190670963","12.1892088801906","13.423919647282","14.1443489538056","13.2881607728003","12.4715076031178","6.91428341119807","6.92805249431384","7.78142184798045","7.94098181432992","7.99939700796572","7.42602717499449","2.8519592719438","3.89537611588476","4.38114284047875","4.21726759777904","4.99712055331405","10.1606485167005","","","",
"Peru","PER","Food imports (% of merchandise imports)","TM.VAL.FOOD.ZS.UN","","","16.4381528764021","16.0917859216741","17.385537072076","17.294693100138","16.4692013164092","16.7824035719931","21.7864676726856","21.7232303879291","20.1389466838078","17.2715389123894","18.1715192582461","13.3666632750456","15.0530559509838","15.7543405171296","13.9680253657858","14.9497134470414","17.4554720365775","20.2457115629017","19.7675211538087","","17.7744314325114","25.1651148671928","23.5360646053578","19.4508533680152","22.7124674586564","19.4661652439196","","","","","21.8667601744066","19.6446337115087","17.6263293858495","13.5489703758908","16.61466090058","14.2334667324386","16.3047773906339","14.6749875224625","11.6506244027622","13.3302302047244","13.4803247566399","12.58642329997","12.7111257677059","11.4479769534954","10.2159881099678","10.4353578305263","9.98442493538778","10.9993201255436","10.3237551084884","10.1760054576274","10.0079233480286","9.84932310148402","10.5188676445996","11.2027031535961","11.6179318860524","12.1234599638773","11.3941786435016","11.3878233499854","",
"Philippines","PHL","Food imports (% of merchandise imports)","TM.VAL.FOOD.ZS.UN","","","15.834687431158","14.4096435880673","16.7262507114659","20.3542130974809","15.8421919185988","16.1450322815668","13.248665382171","12.7912290359123","11.2200175837745","13.6396345402011","15.2590966965683","13.8704908876259","11.1089256198786","10.4928998282708","9.88016530580472","9.52951656107781","7.97792863137421","7.37941860047727","7.81392390358332","8.50155350350287","8.35546598390342","8.86318451385279","8.5386471791245","10.7120100806349","10.2670607477518","8.53995461821167","","","","8.53757312193099","8.4388391163982","7.78415657722263","8.10110292474373","8.34870147709685","8.13143557503427","7.60483646364685","8.80118526748438","8.26239939709591","7.02051280559495","7.64871449009602","7.04762007902919","6.4662367868793","6.74186964470987","6.93340794539667","6.74615419088332","7.30787697883551","10.7813448309462","11.5252120800488","11.0314561672102","10.3058308631721","10.4345385180053","10.2391646859956","12.1719797410486","11.7161641160939","11.61714331199","11.074768236774","11.1920721712343","12.035395955075","",
"Palau","PLW","Food imports (% of merchandise imports)","TM.VAL.FOOD.ZS.UN","","","","","","","","","","","","","","","","","","","","","","","","","","","","","","","","","","","","","","","","","","","","","","","","22.2351263803147","20.7276525898416","28.8662463955094","24.6695893728216","23.4041212717576","22.7276763045792","20.3028142865768","20.736701090757","25.106933994329","23.4457295347585","23.2641710195488","22.9564413065244","","",
"Papua New Guinea","PNG","Food imports (% of merchandise imports)","TM.VAL.FOOD.ZS.UN","","","","","","","","","","","","18.8675988235664","20.1589567883089","23.2138945992936","27.161949288789","21.7600495004806","23.0214679853464","","","","","19.605482683898","19.6621168017644","18.3848034131982","19.6894600792133","18.667663030494","19.4609981535061","17.5692262130978","","","","","","","","","","","18.9229170893931","","18.3028214541916","15.3489554898364","16.447024485721","16.4862653912193","16.6714375354429","","","","","","","11.5589877919708","11.0310396577577","","","","","","","","",
"Poland","POL","Food imports (% of merchandise imports)","TM.VAL.FOOD.ZS.UN","","","","","","","","","","","","","","","","","","","","","","","","","11.6708351319298","","","11.6886545277366","","","","","11.4362876977727","11.2132246613579","10.5884017714342","9.55882551884648","10.123842229841","8.35538611784024","7.68840253733209","6.70737847926111","6.04011844898946","6.30616545238728","6.01583021755916","5.40480578525819","5.6929698327892","6.11542031179314","5.8949500550508","6.21547695730861","6.61920155556411","7.91308090367269","7.64595919210582","7.80261707935408","8.30836978584363","8.63250296362682","8.38583990152448","8.53574034495819","8.95042953790845","8.77339388010457","8.31583826937282","8.86397211273128","",
"Pre-demographic dividend","PRE","Food imports (% of merchandise imports)","TM.VAL.FOOD.ZS.UN","","","","17.7742121973355","","","","","","","","","16.4780463585042","18.2142207961148","19.927690653198","15.0743439020514","12.661135980741","","","","","","","","","","","","","","","","","","","","","","","","14.0970311221406","14.3934571979013","14.2167420576217","","","","","16.6604573818174","10.7809449806161","14.7275029171075","13.9698883189591","","","","13.5988503378765","","","","","","",
"Puerto Rico","PRI","Food imports (% of merchandise imports)","TM.VAL.FOOD.ZS.UN","","","","","","","","","","","","","","","","","","","","","","","","","","","","","","","","","","","","","","","","","","","","","","","","","","","","","","","","","","","","","",
"Korea, Dem. People's Rep.","PRK","Food imports (% of merchandise imports)","TM.VAL.FOOD.ZS.UN","","","","","","","","","","","","","","","","","","","","","","","","","","","","","","","","","","","","","","","","","","","","","","","","","","","","","","","","","","","","","",
"Portugal","PRT","Food imports (% of merchandise imports)","TM.VAL.FOOD.ZS.UN","","","14.4944920553386","15.8517771786","15.9990451454801","16.4816685764697","17.3216921484307","18.9554566346693","15.7008772454599","14.918694775684","13.6586536531962","15.4333171797959","17.2143243563437","16.5921322850544","19.4615873551892","23.0820666044563","19.9769008748859","17.8900279209746","16.5378953213045","16.9922632137982","13.6652942990859","15.7455702699123","14.0275188164573","14.3707864770524","17.0575245444695","14.8198498370063","13.4268232898425","13.2317679026282","12.6673137418038","12.0894117791762","11.5083277539162","12.8102274284172","12.1883300324249","13.6425210640344","14.2538316918722","13.5946935696895","13.3476554631732","12.5434528065316","12.5356833408531","12.3406372755903","11.2258246559916","12.1272298442879","12.5026603396904","12.65194524792","10.2212110583547","11.3807508862546","11.3551465554654","12.0973300514345","12.3142634025363","14.4645688663964","13.5941245823663","14.6153456753046","15.0810682629141","15.4916350064671","14.6389117665604","15.0308011571293","15.3043703902519","14.826591146357","14.1433312381684","13.6401101409113","15.4155244288468",
"Paraguay","PRY","Food imports (% of merchandise imports)","TM.VAL.FOOD.ZS.UN","","","21.3506010300001","23.029057660715","19.071297362675","13.6320163833594","12.9450418554715","15.0515715372004","17.4543442761336","22.1714473318408","19.1273885451904","17.5684999208005","16.7753175844514","12.7921834959685","14.933307597849","14.6958730671513","15.06460016956","11.9089795526074","13.1008866245766","13.3708554505799","11.4327451460602","12.6189347179251","9.86059703134776","9.29402765434424","7.42117663576097","9.81478602169966","9.83187700867196","9.31623750518596","","9.4066304462496","8.02157535242014","11.1180163913364","13.1108240401111","11.4416813729218","14.4986219058476","18.5341592437179","20.6946161188804","19.7429666053499","21.7049769479105","17.0096463751689","16.6695032106498","14.3593187290474","12.3659026488088","10.1156546580406","9.84370019602071","8.6580952189663","6.68779979403165","7.04766261233157","6.58714921197887","8.22199600702614","7.45966695047853","7.37537034997887","7.94998671915283","7.96619371018105","8.19049697447103","8.69664022829927","9.22038419337952","8.75106975370355","8.51893951692091","8.20875389174897","",
"West Bank and Gaza","PSE","Food imports (% of merchandise imports)","TM.VAL.FOOD.ZS.UN","","","","","","","","","","","","","","","","","","","","","","","","","","","","","","","","","","","","","","","","","23.3262867002378","25.8141044268448","27.7022680006968","27.2855497070436","25.5330941050332","21.8755724017185","22.5154487551846","19.9136699494173","18.3586398347419","21.3152308533011","22.494459505824","22.0607097220127","23.8612250346687","24.9613019862252","24.3932400574825","27.2910528548209","28.3235721825588","27.8724638147415","29.175821717576","30.2394421431089","",
"Pacific island small states","PSS","Food imports (% of merchandise imports)","TM.VAL.FOOD.ZS.UN","","","","","","","","","","","24.2909319654806","23.8370680533771","23.94843911501","25.2459813658055","25.6305538351923","23.2806810928727","24.2315515591277","24.1939166122307","24.4434993591253","20.6972528116068","19.5540162031543","18.7417057357602","19.7402386921777","20.1751273856227","21.0364828672362","20.2639504733172","19.5192820135618","21.0479891495138","","","","","","","","","","","","","","","22.6054122505174","21.2149354136247","20.4227382672714","19.2417791874066","18.3122282444534","19.127553706379","20.1923225107288","24.4849858676566","22.0114659805062","23.1684070208466","22.8462962977947","19.6732451063395","20.4002275233051","20.7049840425279","20.9705499039748","20.5834765050308","18.9229498622598","","",
"Post-demographic dividend","PST","Food imports (% of merchandise imports)","TM.VAL.FOOD.ZS.UN","","","22.1289829183695","21.249528250849","20.0802436514661","19.4814466029775","19.0507335567539","18.0149052302951","16.7558772405525","16.1089906921047","15.7489711164684","16.0455710475116","15.3150509910084","15.3171317523414","13.0863580422869","13.7858277097673","12.6364759635834","13.223915381589","12.69813997799","11.6322678999084","10.4909272037957","10.6137917273321","10.6633114887588","10.6860851228993","10.3185958376337","10.0446072967355","10.645327621284","9.99421828846491","","9.0845120295609","8.80847040791521","9.16178799526668","9.23588606762596","9.2030501101956","9.18898308234581","8.63671230640333","8.58063894107925","8.12547125799281","8.12200743958303","7.83967571453524","6.6625191974561","7.08689944597417","7.3834467500972","7.34446129082236","6.88727826431504","6.62900810945967","6.28155047375272","6.47126170271184","6.76985915003472","7.95260569618952","7.16524053165644","7.27123527196624","7.41245337483693","7.62044703542823","7.91472279419807","8.30126563094655","8.54631547267309","8.34221399299206","7.99602671080059","8.06848245488258","",
"French Polynesia","PYF","Food imports (% of merchandise imports)","TM.VAL.FOOD.ZS.UN","","","26.6683159620797","","","","","","","","","","","21.344347363362","19.9379629652296","21.5414996393516","20.7860155743024","19.4042776211372","18.647428365281","20.8674517354759","18.6188349425526","19.0840483191629","19.3422094471605","18.8742213561269","","","","","","","","","","","","","21.6191081914598","21.7879737710854","19.6258881383474","20.7702735085807","20.0397503428279","20.2702716433175","17.797347531791","17.4247648936404","20.7316506773899","18.9532108542968","19.7091308681821","20.845836408209","20.1247054079546","23.5401172208454","23.5375377425181","24.9295780606891","25.281028136846","24.0702868164854","25.2939055037563","25.1475415863645","","","","","",
"Qatar","QAT","Food imports (% of merchandise imports)","TM.VAL.FOOD.ZS.UN","","","","","","","","","","","","","20.337716952613","18.7393131392886","24.4053595869335","13.5143502654232","9.94197106061031","8.15554822412","11.1321515376045","11.7193695232216","14.9566170579064","13.8800595687009","10.658176243964","15.0946867822919","21.7873238638955","18.2381255020466","","","","","","16.9735506905242","14.433257104167","14.6525849911397","15.0998214281564","9.36811756811422","10.8618613081173","","10.3209468099081","15.3098007297516","11.7485363976984","11.3015902812356","11.9345998268466","9.74971796833618","7.46825916203434","6.57893097403124","5.21266187520111","4.79196720283531","6.04920272689091","","8.49506787115147","","10.1916891769144","9.5663984883166","9.89788181411377","10.0528832592572","9.90460714321812","11.183787165127","10.6236795780552","10.8205552119223","",
"Romania","ROU","Food imports (% of merchandise imports)","TM.VAL.FOOD.ZS.UN","","","","","","","","","","","","","","","","","","","","","","","","","","","","","","4.2011183962541","11.8589930410131","13.2163556793949","15.4100585119419","14.4193513054811","9.05582064052098","8.45982507634371","7.27363397276951","5.97966725218409","8.36683093389845","7.43706772323294","6.96621358011473","7.58535972081615","6.37872199321185","7.04261382118807","6.3157748658598","5.98497935697282","5.70070753380557","6.13586232688041","7.08408770819615","9.1125835439341","7.7407832087134","7.4246221332626","8.10183532339178","8.23179893435636","7.97063310493622","8.8520658231247","9.25198875536202","9.27170257304563","8.8320686882658","9.2835032662551","",
"Russian Federation","RUS","Food imports (% of merchandise imports)","TM.VAL.FOOD.ZS.UN","","","","","","","","","","","","","","","","","","","","","","","","","","","","","","","","","","","","","17.9981084282432","18.9557160400232","23.2056753319683","18.7293683336387","20.2261282518212","20.4751855713073","20.8706982360594","19.321205947825","16.534108765837","16.0926746111667","14.360887634702","12.6162058037595","12.0503671852241","15.9782293696943","14.1433477223455","12.333445670528","12.3486037558681","13.2593535640629","13.4656241901315","13.8814938458918","11.8631827679987","11.0570476743559","11.870978942468","11.6970853397965","",
"Rwanda","RWA","Food imports (% of merchandise imports)","TM.VAL.FOOD.ZS.UN","","","","","","","","","","","","","","","","","","","","","","","","","","","","","","","","","","","","","18.8807628771421","18.585316540861","25.3028562117595","20.6521973478926","","20.6929878969759","16.3405754011571","11.6928751118411","15.8401230381633","13.9770325807874","13.0936851275685","16.5724556461598","11.741654846551","13.1738540450411","14.9248835343771","15.7386975560609","15.6591615034186","17.4738425642444","17.0853158257156","15.4230568594626","17.0874256611984","22.5994820846291","20.6205086699807","16.9968154949865","",
"South Asia","SAS","Food imports (% of merchandise imports)","TM.VAL.FOOD.ZS.UN","","","17.4278853841232","16.7320963425096","18.3600377395459","22.4188133700205","32.7250085747007","31.4148855860588","25.0685616637861","22.3610937087192","21.7835131233231","16.2065505148093","13.0126296115144","20.5823869385947","20.787335712428","31.2456478492806","26.7585951573207","17.1161843462138","15.1771437248283","11.3146918064192","10.5750142645452","10.1142784651629","","12.6203091407851","12.1958786220956","10.7645573170166","9.28110257078277","10.138331234315","8.05408745648698","5.02719319409705","5.9989464145432","4.94549150173238","6.10337309675773","5.2713191573838","6.39595811518393","6.36961870385388","6.435030270731","7.27552956283773","9.6307872978412","7.9950036010616","6.32148791172977","6.97919670143413","6.97489204071478","7.27598724343615","5.81928156795989","4.99837064073972","4.72922799103824","5.24191043055527","4.77040611166326","6.14474413920594","5.86771305675066","5.67067266686929","5.39810775778238","5.51107164230322","5.43027279040057","7.14059127688476","7.27612183969994","6.64292965089699","4.91865362394873","4.63197878327549","",
"Saudi Arabia","SAU","Food imports (% of merchandise imports)","TM.VAL.FOOD.ZS.UN","","","","","","","","","31.3287493173731","27.7807590757825","","","","","19.8554240548797","15.6372752937486","11.8153078265286","10.5640669839203","11.3265354676967","12.7068397589581","14.1174925573243","14.4309454339259","12.9293303435526","12.1740705090364","15.5791781871632","14.9407330183652","16.4628801502119","16.054414511523","","","","12.8442339805717","10.4545931838517","10.6638157094359","11.5607669123668","16.1416457862141","17.0786709112689","","15.5044456910684","17.0913421933115","18.4040318167496","15.7445439087645","16.5958245011709","16.8082492160461","15.9874618983428","14.9530741368571","13.6343635944633","13.2842183978432","14.4694404544067","15.0400136817171","15.9456255649117","15.3273657892927","14.0547706897998","14.5375064512986","14.2814709919957","13.7273688409021","15.7765696793322","15.9734665171655","14.463285566743","13.6897352869219","",
"Sudan","SDN","Food imports (% of merchandise imports)","TM.VAL.FOOD.ZS.UN","","","","20.2405450765217","24.2627559918943","24.367375904428","22.6622947820166","23.205844906965","21.3592478665016","13.9969773046482","21.2717789040841","21.0164343563708","23.3123004284564","24.2907868247204","23.9087167720568","18.6703883263342","13.8969639879892","12.7374926584558","19.0089737197005","18.7311811214522","25.868382558773","19.263228054487","21.1502605202364","","17.2654678130329","16.8901031187523","","","","","","","","","","24.384836658683","17.3376101940261","15.6362543038743","15.1495729728363","18.4698174664983","22.7338799158054","19.3382191934243","18.6785001293573","16.3937605458329","14.3889538704034","12.5114088757889","11.9052289664777","5.26398850771612","7.4844685742762","14.9333824194863","25.8755091488773","17.9778410958837","","","","","","","","","",
"Senegal","SEN","Food imports (% of merchandise imports)","TM.VAL.FOOD.ZS.UN","","","32.3358307282206","34.2620266904216","37.59422667313","36.8919767623284","36.0273324630879","38.4223950075462","37.2080691676537","34.8021465753769","28.9410603511555","32.2458928684234","28.5295484743967","37.903070778835","34.8109084243747","24.6959926369056","","23.7510920587846","25.2969558946824","24.0010756772873","24.5645939592926","27.4630852988879","","","","","22.951186640357","21.3607273832954","","","","","","","","","24.7093358322056","26.7874972403979","29.9726797155794","28.583075269227","23.3060482364924","26.7721579084306","26.070214194478","29.5982982623442","28.2581997010509","28.1392529781177","23.3837753137178","25.0577927352958","25.9384229080985","24.1929513667675","22.4086932114029","22.9458520624274","24.1457935058757","24.2283720678343","22.7818489754067","21.6889353595955","23.3512116045803","23.9899938927963","21.0437177378646","19.6091618798502","",
"Singapore","SGP","Food imports (% of merchandise imports)","TM.VAL.FOOD.ZS.UN","","","21.6875164491213","23.4894365242131","23.8084450320983","23.732224187585","22.5770148980192","22.029734159677","20.6435976750612","18.0511706117175","16.398516387496","15.527973339302","14.1878903556375","12.7348255292286","10.3508558536042","10.7614276968247","10.3882269888023","11.501004117895","10.0327186785818","9.66441233907624","8.4770929346715","7.54657251839494","7.80267822723405","7.79800130293802","10.106588596054","9.59313829952455","9.46017393537504","7.97825510948341","","6.76764162782378","6.06103015281282","6.31320106632738","6.35810600398141","5.8753220733032","5.22063580890019","4.57963169560243","4.40831584729102","4.30368437311288","4.3655339147465","3.99855532122816","3.23600287304303","3.65068682041496","3.60257678148161","3.50690966845268","3.05617258711101","2.43087588242282","2.23566450373604","2.52882690283457","2.50866660315706","2.90939901608223","3.12925209298345","3.30791950275994","3.25483597509298","3.33397649160343","3.5317900252175","3.95444607848587","4.06005358918953","3.86436642840012","3.6221843770637","3.69636241986226","",
"Solomon Islands","SLB","Food imports (% of merchandise imports)","TM.VAL.FOOD.ZS.UN","","","","","","","","","","","27.1822890707314","20.987662722488","26.5951725768399","27.4378607842522","25.7696839288267","18.89082183404","21.6637878796998","21.6665708954359","21.5362333586206","17.4943980211133","14.4863085957466","14.7717546047365","19.4537792517805","16.6962803326618","21.2378615630227","21.0384324673098","21.5854241781186","18.9008429328099","","","","","","","","","","","","","","","31.9765549761872","23.7437030687182","22.3186124050305","28.1972329880294","23.3686909083333","20.0349279262827","23.1161852587644","30.107039913711","26.1017964375812","21.0831963717319","21.4242615296938","20.1958546708398","23.6567713699227","24.146311740454","24.1195901146394","24.5728388787083","22.1945813003693","","",
"Sierra Leone","SLE","Food imports (% of merchandise imports)","TM.VAL.FOOD.ZS.UN","","","","21.754432140056","18.0899157062668","","","","","","","","22.3261572646242","28.5029802590313","25.592311682556","20.1920748768512","21.9757927163063","","","","","","","27.5743818422","20.7292760721117","","","","","","","","","","","","","","","","32.7205914951577","","22.529513399096","","","","","","","","","","","","10.965671460904","20.718841529074","28.4812392867532","32.567509854228","32.2868042965723","","",
"El Salvador","SLV","Food imports (% of merchandise imports)","TM.VAL.FOOD.ZS.UN","","","","16.4360396246187","14.7861845575116","15.6572220567691","16.3186760359683","14.7581097130993","17.6284241776233","15.4474477328763","13.909402782694","12.5659637506667","10.6398302417692","12.1531681291439","10.3419481553323","12.1759326244216","11.1922919412234","10.3142745478705","11.5191139543658","12.7958427673638","17.7327459734976","16.4835982181793","17.8881222737269","16.9975031060686","12.9708096919466","15.51342177846","12.5532644890629","14.4335507504869","","","","","","","15.1080326732619","14.7648132659807","16.9964638605663","16.8238001249406","16.4648127705612","18.5342181666438","12.3651905829786","12.8005961495804","13.4981753282863","13.4804351910724","13.6788311181089","13.745410676343","13.5815212459875","14.3812268669803","15.0167534418074","17.6622478191667","16.7005711354135","16.8508844446923","16.1669144683292","15.3047486859371","16.3796839887161","17.2560388227466","18.3597763785254","16.95716389576","16.4670820365792","17.8504839581049","21.579845333767",
"San Marino","SMR","Food imports (% of merchandise imports)","TM.VAL.FOOD.ZS.UN","","","","","","","","","","","","","","","","","","","","","","","","","","","","","","","","","","","","","","","","","","","","","","","","","","","","","","","","","","","","","",
"Somalia","SOM","Food imports (% of merchandise imports)","TM.VAL.FOOD.ZS.UN","","","32.2379382243434","","","","32.441624491527","","","","33.6672186832715","37.7133465400128","26.2022864516588","22.7090430549496","20.3652078383806","26.0108300859212","24.9095658089798","22.7207252218","20.7249403643955","18.8306285078644","32.4895360368475","20.2691451979675","22.4442358215445","","","","","","","","","","","","","","","","","","","","","","","","","","","","","","","","","","","","","","",
"Serbia","SRB","Food imports (% of merchandise imports)","TM.VAL.FOOD.ZS.UN","","","","","","","","","","","","","","","","","","","","","","","","","","","","","","","","","8.89618336811779","","","","14.237377444594","14.1672405581521","11.6006659026084","10.3109364698987","9.34003806061218","12.7119763448689","11.4221504331589","","8.22858405616336","7.07805423916672","6.61556260760111","5.77715621044371","","","","","","","","","","","","","",
"Sub-Saharan Africa (excluding high income)","SSA","Food imports (% of merchandise imports)","TM.VAL.FOOD.ZS.UN","","","","","","","","","","","","","","","12.4062918976072","10.0403040459303","9.26265931942664","10.2274784875078","10.6492608134973","10.560199046093","","10.0315891197578","","","","","","","","","","","","","","","12.5163822315308","12.2242544652562","12.7796032580287","13.9157665733893","12.6321374835386","13.2567215206492","13.3359210667274","12.9897417257853","11.7529548006254","10.4389905712861","11.5626213916837","12.0937457488188","10.690732362989","12.114041664528","11.8026032374546","15.3388193525104","13.798747663314","12.4861430663403","12.3518248612281","12.064054902002","12.8814411794057","14.0633357311906","12.3076390660058","11.2585159438584","",
"South Sudan","SSD","Food imports (% of merchandise imports)","TM.VAL.FOOD.ZS.UN","","","","","","","","","","","","","","","","","","","","","","","","","","","","","","","","","","","","","","","","","","","","","","","","","","","","","","","","","","","","","",
"Sub-Saharan Africa","SSF","Food imports (% of merchandise imports)","TM.VAL.FOOD.ZS.UN","","","","","","","","","","","","","","","12.4923592120081","10.1265353688468","9.3258169747208","10.2856754390562","10.7057428842117","10.5944221701525","","10.0804318806646","","","","","","","","","","","","","","","12.5453591372091","12.277448406507","12.8244027425104","13.9480770643682","12.6231804828619","13.2900843312408","13.3969530801766","13.0517157889306","11.8195237182051","10.4968227679964","11.6180003786833","12.1275809494968","10.7136590620671","12.114041664528","11.8205949180947","15.3373820346345","13.8247184622595","12.5400783762281","12.3942579092929","12.1086985086112","12.9005897269339","14.1005876486841","12.3635019998496","11.2925932407424","",
"Small states","SST","Food imports (% of merchandise imports)","TM.VAL.FOOD.ZS.UN","","","","","","","","","","","","","","","","","","","","","","","","","","","","","","","","","","","","13.8233854771494","15.6493431500693","","","","13.328911490909","13.9284785865389","13.9254432247983","13.1564451153998","12.6376078262407","11.6158794071249","10.8620479465048","11.1550104309364","11.8369938702742","15.430149554911","13.551961215494","13.8404819575318","13.457858383177","13.3613974043927","13.2560387895202","13.9665874716356","14.4502100211098","14.2629922598989","13.2237250738378","","",
"Sao Tome and Principe","STP","Food imports (% of merchandise imports)","TM.VAL.FOOD.ZS.UN","","","","","","","","","","","","","","","","","","","","","","","","","","","","","","","","","","","","","","","","17.7402204105498","30.8237678617422","36.5911181154036","41.6953121240088","38.4475173883189","38.6677414094989","38.4535753059682","30.6310770188119","28.3347479955804","27.3385934111441","35.9073596768838","29.833041800788","32.4200326520005","30.3643663962153","30.6320171932476","32.3602154702411","31.0454186121133","32.2623406210783","29.7309521709001","29.211990853334","30.9368931550659","",
"Suriname","SUR","Food imports (% of merchandise imports)","TM.VAL.FOOD.ZS.UN","","","18.2324373833641","","","11.7472705681457","","","","","","","","15.8150969791808","11.8701721759525","","","","","","","","","","","","","","","","","","","","9.3368822645829","13.9912555837575","14.1429275243357","14.8530498463973","14.4642358453678","15.4953631983119","14.0450659467867","14.2252721841191","14.7612978417059","13.2984015538541","11.1056539426275","9.53330531530247","9.70705929224063","11.248223104642","11.6640994585439","14.2607477176759","15.1669073747696","14.349486802979","15.246117411119","11.3187843047319","13.6950222990567","13.4156134421939","18.8939113591373","15.5518298252722","13.4185418527824","13.1254154182388","",
"Slovak Republic","SVK","Food imports (% of merchandise imports)","TM.VAL.FOOD.ZS.UN","","","","","","","","","","","","","","","","","","","","","","","","","","","","","","","","","","","8.74970428681125","8.89927791589874","8.17678477228274","6.93669249483807","6.46514179451947","6.57807337001782","5.61579356747849","5.72114555000774","5.44341390368372","4.66448143126575","5.06087436324276","6.0510977153684","5.06348631289616","5.33530163387907","5.53195277278658","6.9158047384346","6.37846218904405","6.41525639567438","6.49895403572474","6.24306490881992","5.9857121308103","5.64801757338151","5.92027857680348","5.69860206165091","5.56868653680269","5.73453672600123","",
"Slovenia","SVN","Food imports (% of merchandise imports)","TM.VAL.FOOD.ZS.UN","","","","","","","","","","","","","","","","","","","","","","","","","","","","","","","","","9.00735912623847","8.40627760902703","","7.78596963299575","7.84348501093605","7.45569606304011","6.8186743727761","6.34392448469769","5.96133803192286","6.17186046065449","6.15486710338491","5.92666995913626","5.94153759413003","6.15183396194944","6.12464365213207","6.46643964874876","6.94423205578974","8.89383414343769","8.00619745189365","8.14914556927936","8.04708093468928","8.36323284660638","8.37037416711157","8.67331734128624","8.70970056665502","8.15806722520185","7.71495110872074","7.23925908602134","",
"Sweden","SWE","Food imports (% of merchandise imports)","TM.VAL.FOOD.ZS.UN","","","12.9272768593549","13.0834545906428","13.1361210008931","11.9936815338569","12.7978796797373","12.1917664277123","11.7267523572642","10.6514526636997","10.8116906718993","10.5826081935945","10.3776866505487","9.99019568073321","8.14555003413827","7.94625421160084","8.45827725582005","8.84127848051046","9.21864768275659","7.66755408602899","7.10227496941328","7.07626683631564","6.95267702003614","6.97949233874351","7.14396755104596","6.58278872724411","7.35603903889946","6.62917023191699","6.57205126033892","5.99899221684142","6.12998463122167","6.98170534674029","7.42316317690396","7.6493658243679","7.82531426455401","6.67826065277864","7.19520604613869","7.22617664797949","6.80115512251338","7.1844697843621","5.92291785856526","7.04768861725124","7.71812897412303","7.78986717154282","7.58092286542762","7.37507902920936","7.41730646406004","7.42355120515336","7.85856885663632","9.87475451679029","8.77215598641989","8.56269335098188","9.15446865088922","10.4184818867306","10.6360522456032","10.8488982001955","11.3675565720262","10.6937404990307","10.4047475257866","","",
"Eswatini","SWZ","Food imports (% of merchandise imports)","TM.VAL.FOOD.ZS.UN","","","","","","","","","","","","","","","","","","","","","","","","","","","","","","","","","","","","","","","","","18.7318764923188","17.3054625958741","17.6452868261358","16.409532818847","16.4411566731346","16.8067693795332","15.5525480144067","20.5578829340847","19.5679577117849","19.1425117335068","19.7352576438937","17.0604325067858","19.0767462434949","15.4226833207466","17.1945066971229","17.73410020561","18.6971701608692","18.4818860927038","18.8200190038709","18.2907187998518","",
"Sint Maarten (Dutch part)","SXM","Food imports (% of merchandise imports)","TM.VAL.FOOD.ZS.UN","","","","","","","","","","","","","","","","","","","","","","","","","","","","","","","","","","","","","","","","","","","","","","","","","","","","","","","","","","","","","",
"Seychelles","SYC","Food imports (% of merchandise imports)","TM.VAL.FOOD.ZS.UN","","","","","","","","","","","","28.8281124958258","24.1910750031415","28.1372780014933","33.1380596361923","29.4500127214244","24.5983731238844","24.2783962766919","24.3287411493781","18.792015272903","20.8579919302969","20.7248177873603","21.4049864753367","19.0341374914468","20.775593646079","17.8916311476823","19.621846268878","21.8037182157913","","","","","21.8808932722901","19.964463722222","21.255631503223","21.2380860686334","19.6667832003412","25.855480267989","23.9708678853542","22.18693367979","10.1388444830577","22.5660811812637","30.4136765768773","30.2065266112976","27.3049355631085","23.814743203958","26.6387975304285","22.1435899659862","17.1658582988161","","17.1083968657473","14.9326091746074","20.8735000411464","27.730568629564","23.8570909364612","24.508537064066","18.3752987307784","24.6980110450149","27.6389931492228","19.0199563293537","",
"Syrian Arab Republic","SYR","Food imports (% of merchandise imports)","TM.VAL.FOOD.ZS.UN","","","","","","","","","","","","","","","28.1413272607369","21.3772714447375","17.1788477957216","11.8492050248834","18.0198612934977","13.622927972958","14.0985749620066","15.6267449476162","14.4648514832858","19.8048106968698","18.8218436437095","18.9602258808754","17.1602664664097","16.3939812028152","","","","","","","","","","","","","19.3297234892833","12.3515658825649","16.2981987316112","18.9484429551537","16.7154923222995","17.778940866532","13.2252836214438","12.609667194842","14.0205473295625","22.8614817424319","21.0381564423677","","","","","","","","","","",
"Turks and Caicos Islands","TCA","Food imports (% of merchandise imports)","TM.VAL.FOOD.ZS.UN","","","","","","","","","","","","","","","","","","","","","","","","","","","","","","","","","","","","","","","","20.0040894188371","4.76683596915343","7.43163583880242","6.43781356053872","5.08525511967736","4.03766272252087","14.0279536184192","13.3136447854373","13.0900125867354","13.8771068572757","20.8883719332901","","25.8073712551702","25.3431682152729","","","","","","","","",
"Chad","TCD","Food imports (% of merchandise imports)","TM.VAL.FOOD.ZS.UN","","","16.367769878283","16.2409451644914","14.8534056641397","13.2481910202587","12.9206709903988","15.5540066278588","13.2858126229124","20.8726589963097","20.6250574160525","19.5873940364572","24.2417266170167","27.8911707676736","23.3001027435021","14.515227053303","","","","","","","","","","","","","","","","","","","","24.2729146423595","","","","","","","","","","","","","","","","","","","","","","","","","",
"East Asia & Pacific (IDA & IBRD countries)","TEA","Food imports (% of merchandise imports)","TM.VAL.FOOD.ZS.UN","","","","","","","","","","","","","","","","","","","","","","","","","8.69538769060855","5.29369973587462","5.70481505110371","7.51220063734746","","","","","5.33183086987409","3.7230074184796","4.81596453783269","6.67124998287284","6.10327928611935","5.3939743157113","5.47895617551683","5.24366993082429","4.77348917026974","4.86002341715846","4.62787959459105","4.81196475808465","4.80683195777064","4.2955548123411","4.06306374212119","4.64715853166428","5.3980221248658","5.83232214007621","5.53751677063787","5.6984293576691","6.13697999631696","6.14224643148023","6.54788589095343","7.27806540753077","7.2024692702958","7.28841663280535","6.79074858535904","7.20260986411949","",
"Europe & Central Asia (IDA & IBRD countries)","TEC","Food imports (% of merchandise imports)","TM.VAL.FOOD.ZS.UN","","","","","","","","","","","","","","","","","","","","","","","","","","","","","","","","","","","","","11.9594015894455","11.381946603672","12.0653955223836","10.7136670288338","10.2109481849052","10.5868000645492","10.5088887045689","10.1727027384182","8.99465726288286","8.83718753984008","8.15714589561896","7.84816665148875","8.23312840479117","10.240969666129","9.45201171778679","8.85561422534027","9.11935562771266","9.62749051496962","9.87949777259411","10.1970396504802","9.85876921560866","9.41928556530875","9.37254052936533","9.74299260380302","",
"Togo","TGO","Food imports (% of merchandise imports)","TM.VAL.FOOD.ZS.UN","","","28.7576773345756","25.2541883479576","22.243363986064","17.7052400562359","23.1169375468584","23.2415063739752","19.3431583060948","22.3467522834907","23.1121868847942","19.6801618832477","19.1476683884048","19.971050157939","16.4120080037459","14.191990672246","15.7086873275759","18.4749494509908","10.0550131648597","13.5906447516585","16.5386964159464","25.7342072659789","","30.8568348121567","","","22.7170430541697","21.3760959817904","25.9754720465025","","","23.0571183095141","","","24.8032575609934","18.3878022005834","20.0527707759045","17.9839692591529","12.8118635761067","17.2719400539665","18.3773280450188","22.7769359094111","22.1250762560044","17.1155288446436","18.1388978474055","15.5315633580549","","14.637111669141","10.1452328462736","12.8785115933571","13.299449480564","13.2979112429789","14.6596915714575","12.3877787619903","13.9121246758898","15.0701766808315","14.5383365246815","19.3969298795478","18.2943088633806","19.4660483867205","",
"Thailand","THA","Food imports (% of merchandise imports)","TM.VAL.FOOD.ZS.UN","","","7.94688778841393","7.59758583412238","7.68015267545227","6.97368649018466","12.087012657947","6.23561092748066","6.75854178831108","7.08889105317735","5.39252828527172","5.97999627553419","6.09661938378429","4.48739093169985","4.11968307313715","4.34000667539813","4.53101563958628","4.6300581856537","4.34223015869422","4.14251287701565","5.23106288923418","4.41373727739248","4.72154720130326","4.11283953908561","4.94949030914612","5.17489103403261","6.85536133659387","5.20706290142024","5.76067485184371","5.49121316273461","5.01023921802328","5.40389686970116","5.51735136830149","4.68134544174365","4.31947090429699","3.76136052743437","4.13172657271736","4.82305107738418","5.59400325847932","4.97529281494267","4.36823203679912","5.01674644094297","5.04115476108551","4.95349627681406","4.47855572681604","4.02002524906897","3.89321672990578","4.16695582075055","4.77401585139116","5.3521046467913","4.75017533789664","4.77731611687719","5.13352565303377","5.15291894632691","5.56237063120625","6.32532807344726","6.83357263949062","6.34209615850424","5.99558839191616","6.47417311223522","",
"Tajikistan","TJK","Food imports (% of merchandise imports)","TM.VAL.FOOD.ZS.UN","","","","","","","","","","","","","","","","","","","","","","","","","","","","","","","","","","","","","","","","","10.2117192522587","","","","","","","","","","","","","","","","","","","","",
"Turkmenistan","TKM","Food imports (% of merchandise imports)","TM.VAL.FOOD.ZS.UN","","","","","","","","","","","","","","","","","","","","","","","","","","","","","","","","","","","","","","24.4032777023992","8.38870151326342","18.5989589029273","11.7431295237881","","","","","","","","","","","","","","","","","","","","",
"Latin America & the Caribbean (IDA & IBRD countries)","TLA","Food imports (% of merchandise imports)","TM.VAL.FOOD.ZS.UN","","","11.2294848203325","12.0502635092686","12.9521784689788","11.4979178660793","11.1054057732998","10.9250361308947","10.0681951849269","9.46018140048254","9.84723751403173","9.23978817835866","10.0009915717214","12.5111499041078","13.7421400545609","11.0022586157551","9.94810950793972","10.7533545215362","11.2503024577542","10.9052802423047","13.074643465838","11.5617155942999","10.8187104858628","14.8991945048991","12.9387341851861","10.8489577966087","10.7839867650904","9.56016407617403","","","11.5723822883811","10.266694181536","9.35048379938569","9.00803358633402","9.74226232528908","8.91071449580052","9.93676895303253","8.50406632187379","8.79316626746357","8.27860609983562","7.36789040904189","7.72615789311634","8.16015229104763","8.51154713025278","7.56825858436739","6.74532939393617","6.22925782985356","6.86388040466782","7.51446652656156","8.06549741329422","7.3689020664723","7.53883993985576","7.22301198752554","7.41830836630836","7.09745126826731","7.1920929652659","8.11569904163497","7.9437568830225","7.67172042726475","7.70777552129224","",
"Timor-Leste","TLS","Food imports (% of merchandise imports)","TM.VAL.FOOD.ZS.UN","","","","","","","","","","","","","","","","","","","","","","","","","","","","","","","","","","","","","","","","","","","","","19.0737170401447","17.6316372878805","","","","","","","","14.3562078193364","","","","30.2229462486336","","","",
"Middle East & North Africa (IDA & IBRD countries)","TMN","Food imports (% of merchandise imports)","TM.VAL.FOOD.ZS.UN","","","","","","","22.1590418373611","25.3901953100527","21.649765939245","17.5819767048951","18.1582265123483","20.8023134840525","20.0651323492455","21.331507239491","26.7370585818839","23.4818188243111","17.9061227326728","17.08606050753","","","","","","","","","","","","","","","","","","","","22.3501129672562","19.3500329123821","19.9903942074388","17.347429102892","16.6245969337824","15.8409489385375","16.9282662624238","15.7555858758324","14.360415762034","12.1393426866751","16.9249605169172","14.1035361761055","15.5616829976872","15.907695521792","17.8291669184694","","18.9168304946487","17.7055709540413","19.0925979687857","19.0175378983604","18.9914692113887","19.8640755494156","","",
"Tonga","TON","Food imports (% of merchandise imports)","TM.VAL.FOOD.ZS.UN","","","","","","","","","","","","","","","","34.4019227812921","35.803066798578","33.7336139427013","35.1124892633858","33.1777982640823","30.2599624934894","30.3652270538706","27.4881924657816","29.9797389413252","30.2725146918496","28.5274508427075","28.8662478326162","27.3991679412156","","","","","","","","","","","","","23.2257503070675","21.592458796877","19.7604417085277","19.7682072179416","21.9699959448871","20.4886579611428","22.0511456619065","21.9647046511142","28.5588309198051","33.719725852243","29.1353475811432","29.8080163563037","29.0183611936206","29.7525521840702","27.1820062867531","","","","","","",
"South Asia (IDA & IBRD)","TSA","Food imports (% of merchandise imports)","TM.VAL.FOOD.ZS.UN","","","17.4278853841232","16.7320963425096","18.3600377395459","22.4188133700205","32.7250085747007","31.4148855860588","25.0685616637861","22.3610937087192","21.7835131233231","16.2065505148093","13.0126296115144","20.5823869385947","20.787335712428","31.2456478492806","26.7585951573207","17.1161843462138","15.1771437248283","11.3146918064192","10.5750142645452","10.1142784651629","","12.6203091407851","12.1958786220956","10.7645573170166","9.28110257078277","10.138331234315","8.05408745648698","5.02719319409705","5.9989464145432","4.94549150173238","6.10337309675773","5.2713191573838","6.39595811518393","6.36961870385388","6.435030270731","7.27552956283773","9.6307872978412","7.9950036010616","6.32148791172977","6.97919670143414","6.97489204071479","7.27598724343615","5.81928156795989","4.99837064073972","4.72922799103824","5.24191043055527","4.77040611166326","6.14474413920594","5.86771305675066","5.67067266686929","5.39810775778238","5.51107164230323","5.43027279040057","7.14059127688476","7.27612183969994","6.64292965089699","4.91865362394873","4.63197878327549","",
"Sub-Saharan Africa (IDA & IBRD countries)","TSS","Food imports (% of merchandise imports)","TM.VAL.FOOD.ZS.UN","","","","","","","","","","","","","","","12.4923592120081","10.1265353688468","9.3258169747208","10.2856754390562","10.7057428842117","10.5944221701525","","10.0804318806646","","","","","","","","","","","","","","","12.5453591372091","12.277448406507","12.8244027425104","13.9480770643682","12.6231804828619","13.2900843312408","13.3969530801766","13.0517157889306","11.8195237182051","10.4968227679964","11.6180003786833","12.1275809494968","10.7136590620671","12.114041664528","11.8205949180947","15.3373820346345","13.8247184622595","12.5400783762281","12.3942579092929","12.1086985086112","12.9005897269339","14.1005876486841","12.3635019998496","11.2925932407424","",
"Trinidad and Tobago","TTO","Food imports (% of merchandise imports)","TM.VAL.FOOD.ZS.UN","","","","","","","","","11.67685937485","12.4326234138584","11.2552549265963","10.0649061739191","10.1733275636556","11.8442531818492","7.62396564041156","10.0642877719686","7.63138186513829","9.97998075344622","11.1110635445812","12.787054524451","11.0717078493583","12.8812487677027","11.8357538418568","17.3689436709581","22.1101076464891","22.8925571813265","17.5452941159783","21.719215859319","","","","15.4268298753991","17.2128794686169","14.6012994136879","19.2990386485313","15.6750276292825","13.5352231802612","10.4582157763617","11.3004752890962","11.2993881152495","8.31345695056","8.82664180779782","8.78770409610056","9.47884293346955","8.64333755902926","9.02544870727253","7.78150725208839","8.08554539380592","8.25760307203152","10.063375437068","11.1920277203315","9.11661997654794","8.62710620541577","8.13411185851064","9.52584497699551","11.4202182021904","","","","","",
"Tunisia","TUN","Food imports (% of merchandise imports)","TM.VAL.FOOD.ZS.UN","","","25.0898504762515","21.2571774394449","18.6436547250594","16.2044175155589","19.7453670242565","27.2966148187436","23.69452199071","25.4278891245241","27.8608396739673","22.7986534547613","20.7130265158103","20.9339418585787","20.6930845603377","18.715668803445","13.5557420617186","13.4906190755108","13.4735592045809","14.7227401343564","13.6840965612013","14.2664219194109","11.6377318178532","15.8514767281234","15.7481855394036","14.0958530210496","14.3756763108057","11.9277032730519","","","10.6283197337028","7.99193230683415","8.30882582709448","8.31175214901461","9.82130867176509","12.5414040804603","9.6636528718994","10.8034564728673","10.3023495465159","8.29874145241983","8.24182512058847","8.32658983619424","10.209303077641","8.3989545199664","8.61546611283753","8.45575733032845","8.20484602367602","9.80534918461665","10.2066048978849","8.55539544349406","9.35129745936937","11.321383914787","9.06700329334908","10.6275599801063","9.70314696496172","11.17822646405","11.1407486165064","11.0509036710582","10.473501391405","10.5084625481011","",
"Turkey","TUR","Food imports (% of merchandise imports)","TM.VAL.FOOD.ZS.UN","","","12.7747837866833","13.8169579895431","6.77456909173478","5.97685406416812","4.26360994883262","1.45301589564307","0.872249451672279","3.16723780955195","7.6313481796965","2.01446400453109","2.03324153897883","2.27033456250145","9.78318892080306","7.42924543630787","2.83382615859954","1.32487891191428","1.37514213772626","1.77091120147575","3.50438149836299","2.77030906854316","2.60785896734055","1.83780351085629","5.72668207191192","5.24082307057178","4.9369605708467","5.18794080837767","","7.96344242647596","8.32096510813665","6.05089157604798","5.95271409337351","5.62602862381084","4.95667186405414","6.99518786543737","6.47763124993798","5.45234933703433","5.03403487541503","5.00953757314176","3.92945354980633","3.59130627299828","3.71146330712161","4.02567762300612","3.16762691230328","2.81249281753769","2.49769750122496","3.03856985181171","4.21006212110855","4.33377152778554","3.99512236133022","4.42316775020305","4.4050116446943","4.30420444636009","4.97515920604841","5.25598739886971","5.38691347824541","5.27772183999117","5.61304275134891","6.83317484446757","",
"Tuvalu","TUV","Food imports (% of merchandise imports)","TM.VAL.FOOD.ZS.UN","","","","","","","","","","","","","","","","","","39.0150895958314","44.1958695417874","49.5191319864613","37.5816037271408","35.1030375739443","27.1739880958252","","","29.8713040974868","","","","","","","","","","","","33.754448424994","27.8338156303306","31.5902308734993","","24.0716980927788","24.8797169728877","","29.8184452187741","30.6955092017274","25.2247455936298","","21.5311969149475","","","","","","","","","","","","",
"Tanzania","TZA","Food imports (% of merchandise imports)","TM.VAL.FOOD.ZS.UN","","","","","","","","","","","","","","","","","11.3820311942124","11.2277596597058","7.56356293706745","4.93123554373679","13.3315460301814","6.65653652693838","","","","","","14.7729846021206","","","","","","","","10.0403202653785","15.5719594343971","16.8348566748","19.937891690888","16.2380974034151","15.5588556999273","15.1880359151488","13.8026962658223","13.5291591939109","14.9662328717895","9.59258046940123","12.0642862545435","11.7292566174071","7.79151826099822","8.92913287798347","9.96480192235686","9.91027150026039","8.83794866202078","7.85585906557016","9.46755762025425","5.62720794545837","10.7607528437382","10.2785538991548","7.24022429491254","","",
"Uganda","UGA","Food imports (% of merchandise imports)","TM.VAL.FOOD.ZS.UN","","","","","","","","","","","","","","","","","7.87623268431885","","","","","","","","","","","","","","","","","","15.8914127213221","15.7945555448167","14.4215671968689","21.151206340745","17.3574711236088","14.0154870277892","14.0580567298868","12.2267192293843","14.0222059999308","16.2100755983485","16.2770402261925","15.9345491998594","13.6065147035144","12.4919845264068","12.9713219347649","12.4424606880135","12.4094134430192","13.4632532292712","10.7911568601724","11.4544326052816","13.5656939567921","12.1359119353115","13.3347067224626","14.9376121163762","11.7987808043066","","11.5039205088729",
"Ukraine","UKR","Food imports (% of merchandise imports)","TM.VAL.FOOD.ZS.UN","","","","","","","","","","","","","","","","","","","","","","","","","","","","","","","","","","","","","7.86525661863351","5.06467442573012","6.9727333256332","7.42371009963201","6.32036659137521","6.88101175311892","6.38222169580749","9.25788288072261","6.39620762389552","7.1885143340303","6.77268139416797","6.54447958046552","7.29505094319865","10.5214422534984","9.19763139153369","7.39763155687628","8.53462950989745","10.2777628608761","10.7567630057524","9.00143814904699","9.61564228618646","8.41159979285072","8.57439675790146","","",
"Upper middle income","UMC","Food imports (% of merchandise imports)","TM.VAL.FOOD.ZS.UN","","","","","","","","","","","","","","","","","","","","","","","","","9.69996604335104","6.68666683755298","7.11045582055623","8.04202462741637","","","","","6.69440550657647","5.34505075047895","6.06220611765842","7.20824177353479","7.96188266189211","7.46290738367237","7.67145429950704","6.86128111521676","6.45224128102034","6.613517375311","6.58139465513911","6.74035017087526","6.35051953061436","5.77525394051397","5.34436970388979","5.88074880616255","6.35520081642061","7.05316661535464","6.53348645088825","6.46147227894205","6.74311263099358","6.84405964868886","7.09358769168373","7.68086023663158","7.84098211381688","7.71463210057241","7.4194853801804","7.5354678883518","",
"Uruguay","URY","Food imports (% of merchandise imports)","TM.VAL.FOOD.ZS.UN","","","","","","","","","","","12.6797014129278","12.3744509460409","13.5383484249832","","9.25657427383001","8.07782735012984","6.43950632365876","6.24953902556074","6.63726454217029","9.99481472981415","7.86669271701452","6.74586066789757","6.01915220863388","8.38855774201567","9.15538705858428","7.00231298326135","9.03382647441343","7.88744814891413","","","","","","8.18176239223718","10.8945609983774","10.4139064302812","10.9256211479603","10.4661485853841","10.6828528082881","10.9398698806312","11.4914141305491","11.4433598013525","14.4788062981177","12.6263890767193","8.6151477718477","8.09452205600954","8.08122347321676","8.66471632594236","7.94061639034909","10.103007975529","9.51547910716782","10.8806171922246","9.37248050451287","11.2810221516182","11.0775468961528","12.8445245856031","13.2998122605689","13.3150276481294","14.5838051591036","15.2848980126641","",
"United States","USA","Food imports (% of merchandise imports)","TM.VAL.FOOD.ZS.UN","","","23.5529412252051","23.417680770982","22.2839570188224","19.6109606737163","18.7417870407214","18.2047284590419","16.9121852230896","15.270191176698","16.124107249655","14.5383669197079","13.6801349173059","13.7576801708969","11.1839990047221","10.8350449084436","10.1802974719302","9.92821648135698","9.62169603055356","9.17929511957847","8.21976083743851","7.70980087623955","7.86553893007574","7.84581865189515","7.17184949901978","7.03205406638735","7.14664696671624","6.48048006886337","","5.71130962138627","5.80746640047511","5.91463736972724","5.72090127904871","5.32643627498304","5.03528231040926","4.77976969314125","4.92434364605042","4.98481660002539","4.88207534288116","4.59167749164559","3.92515759512508","4.24520882218111","4.59614092906046","4.66677652520533","4.37188328255649","4.20217607983639","4.18360678451427","4.34641198953585","4.39689582038734","5.43239860670576","4.94657490638714","5.03802471518591","4.89914276151934","5.14581037439152","5.52276573664542","5.83172123490707","6.11930491379426","6.08834028814113","5.95676252502502","6.18022466545531","6.77430090829517",
"Uzbekistan","UZB","Food imports (% of merchandise imports)","TM.VAL.FOOD.ZS.UN","","","","","","","","","","","","","","","","","","","","","","","","","","","","","","","","","","","","","","","","","","","","","","","","","","","","","","","","","","10.7797031183961","9.43829670470503","9.26005461905925","11.2243935271044",
"St. Vincent and the Grenadines","VCT","Food imports (% of merchandise imports)","TM.VAL.FOOD.ZS.UN","","","","","","","","","","","","","","","","","37.2995773848321","","","","35.2023096949365","","","","","","","","","","","","","25.4424847720446","22.6585684349974","22.5120829318685","","25.3913974754997","25.3520482386391","22.9916244077063","26.6625174539928","23.1463744513353","24.8659769611271","21.6007028653541","22.0137337246888","21.5207948445723","20.2218299763957","21.7644004150498","23.2033303771612","23.5165773243581","22.1561771374123","24.1796790320439","24.6543010748447","25.1922752031295","26.1232580394952","27.9822501624961","27.2177974970463","28.0694389900809","26.2867995225954","28.401366979015","",
"Venezuela, RB","VEN","Food imports (% of merchandise imports)","TM.VAL.FOOD.ZS.UN","","","16.1137355091855","14.8978857488796","14.3243312373181","12.2427755901261","11.8547895170071","12.660981596184","11.9590852377297","11.3015931051964","10.4039729765608","9.66568386610342","9.44982005529189","13.2503727479835","11.9766796719088","12.2316876772386","11.5755274666705","11.9412903223879","11.7656833595306","12.2377849216237","14.4787957629893","16.862259758417","14.0448280484306","20.0752921307684","16.4461827600595","12.8837847641326","9.37362042611309","10.7690790350677","","","11.2023311843078","10.3679083396533","9.94631165321007","11.4470125752599","13.3225735906743","14.2903012388924","15.5756625071921","10.935405583505","12.1841835478373","12.7401157388712","11.6864214244932","11.4976792259446","12.5944281399709","17.2704154767581","14.8214597867624","9.92688905654486","7.52054635950129","7.11654303180035","16.2330486157661","16.1662638404124","15.4737712883421","15.8733379109498","15.6371512486757","18.4102892076313","","","","","","","",
"British Virgin Islands","VGB","Food imports (% of merchandise imports)","TM.VAL.FOOD.ZS.UN","","","","","","","","","","","","","","","","","","","","","","","","","","","","","","","","","","","","","","","","","","","","","","","","","","","","","","","","","","","","","",
"Virgin Islands (U.S.)","VIR","Food imports (% of merchandise imports)","TM.VAL.FOOD.ZS.UN","","","","","","","","","","","11.5579516857283","8.03672092305859","8.03985025336027","6.65448792786447","","","","31.6392863776496","11.3136222983766","","","","","","","","","","","","","","","","","","","","","","","","","","","","","","","","","","","","","","","","","","",
"Vietnam","VNM","Food imports (% of merchandise imports)","TM.VAL.FOOD.ZS.UN","","","","","","","","","","","","","","","","","","","","","","","","","","","","","","","","","","","","","","4.94704678116554","5.11401561376527","5.86925344085312","5.20525400523697","6.26144090094189","6.16751147853204","6.2187912988121","5.87801958279415","6.29410751798666","6.00349602680757","6.25911424613699","6.74434151442923","7.864055268417","8.5878770802939","8.47397454839047","8.3258040793846","8.25761169284778","8.56781703355129","8.41699164656291","8.73754468363251","8.019619821865","7.92785036546084","7.53345618668013","",
"Vanuatu","VUT","Food imports (% of merchandise imports)","TM.VAL.FOOD.ZS.UN","","","","","","","","","","","29.0870376066691","28.7962549882643","24.3934614200425","29.9502073423022","30.2199497983873","24.9475753078995","","","","","29.5055184969162","29.6749613074073","26.5450191910027","25.8263320439721","31.1874105011029","","","","","","","","","21.4260944179552","","","","","","","21.8645297936778","","","","","","21.5427001653289","21.3246316593031","","20.2203103152791","23.1701181056469","24.9641297275148","","","","","","","","","",
"World","WLD","Food imports (% of merchandise imports)","TM.VAL.FOOD.ZS.UN","","","20.511774611645","19.8961041364443","19.1199510591696","18.6125156344034","18.5840680094981","17.5952692181242","16.5235957503907","15.6539626656293","15.3404545939419","15.1892333203477","14.6424985741923","15.1148759665055","13.7160749697364","14.1864239380719","12.7958496052174","12.9479782355073","12.5163471405302","11.5096636142108","10.7842089238236","10.7590779465992","10.6453917756489","11.0624351443714","10.5518899414277","9.65812521130427","10.0868007250343","9.83897053536843","","9.040372675147","8.75296962150807","9.04236959149592","8.74672553049741","8.42420704403454","8.67037648834575","8.5762250891087","8.77170393448891","8.25746002240778","8.37985082669841","8.08811581325649","7.09772391727431","7.43132660348818","7.57814564518964","7.54493142641526","7.01408200695935","6.62528918030078","6.27793775568485","6.61071330219911","6.89410789851643","7.94535147083377","7.40830865716493","7.55178547225735","7.58257066937893","7.80666438459313","8.0487470305927","8.46440552647061","8.68756742739207","8.54348040535048","8.14691290478028","8.10457342343085","",
"Samoa","WSM","Food imports (% of merchandise imports)","TM.VAL.FOOD.ZS.UN","","","35.3804439461617","38.7466880119425","33.8099476247696","36.3712065167281","49.7923442701321","39.9371430513874","40.9432388242117","33.3929670662263","28.9623604524776","33.3171953466609","31.7321785264639","31.247130940489","38.3029542636714","34.5956897912367","37.1404942278313","30.0910868779162","28.6577044683525","23.9402447355609","24.8340750866872","21.1705717835238","25.1234016595608","23.5185560453462","","","","","","","","","","","","","","","","","","24.3801214633579","27.0144995717726","27.4020243465716","23.3250324956919","21.3245974831869","19.787063686107","24.8217756365741","25.5186726322595","30.0868883019847","24.5356366378038","26.0814981608283","25.7461496257297","27.2908218104813","24.2726407853076","26.8523656227643","28.2215960290368","27.7720225291656","28.4323656451975","25.4713065429824","",
"Kosovo","XKX","Food imports (% of merchandise imports)","TM.VAL.FOOD.ZS.UN","","","","","","","","","","","","","","","","","","","","","","","","","","","","","","","","","","","","","","","","","","","","","","","","","","","","","","","","","","","","","",
"Yemen, Rep.","YEM","Food imports (% of merchandise imports)","TM.VAL.FOOD.ZS.UN","","","","","","","","","","","","","","","","45.4874927357924","","","","","","","","","","","","","","","","","","","","","","","","","","33.1452402706601","28.6559459021299","27.67925478201","28.4809065829111","28.1777042900333","24.8080669205914","24.972766217939","24.6972382863684","27.8316593192267","30.7352652831732","31.5241443680642","32.4761390283104","28.6187734770653","39.7165500158187","45.9041253168198","","","40.1803524461485","39.0913664484072","",
"South Africa","ZAF","Food imports (% of merchandise imports)","TM.VAL.FOOD.ZS.UN","","","","","","","","","","","","","","","5.3957257677202","4.92824535291276","4.8472765872224","6.33922552803627","4.74728679120625","4.93968124773714","2.91542594444797","3.52503047254676","3.48101433124095","6.52383568719764","8.03747994085779","6.10895246519328","","","","","","","8.40312116158197","6.17220906343409","6.34422583091298","6.6828072955597","6.39838885649561","5.54856215146623","5.24007066174769","5.42150529350399","4.68584418898625","4.35460037690876","4.97409042536012","4.97803316819058","4.96272133282915","4.45358919883243","4.36740647169694","5.16879968024029","5.25924600482149","6.52906300596553","6.62733451414686","6.84792678167832","7.15985216371714","6.55170787751628","6.29231498346814","6.97820251926846","8.35925863371817","7.87838430521379","7.07452776003356","7.23422331504131","8.401901191754",
"Zambia","ZMB","Food imports (% of merchandise imports)","TM.VAL.FOOD.ZS.UN","","","","","","","10.3170786057449","8.40968839814127","","","10.5971463393379","13.5725145225099","10.5233320674062","8.55010762044082","10.2088628923492","7.7616628330573","8.16428722800222","7.59268451644104","8.11905045820965","8.57487419739351","","","","","","","","","","","","","","","","9.85116249791585","10.9627207508765","8.50555325520772","11.7539342877294","10.0339731917449","7.71875385705693","8.90169458861382","10.9170489712646","12.8091114362065","6.99595611051906","6.27914029941864","7.74466326880398","5.42352266632328","5.62661923631786","6.46200760597213","4.71923953101005","5.04673288892987","5.60643246755094","4.21359105722321","4.72594355187734","6.04506312917699","6.14396056752049","6.12024615970449","5.28567053687424","7.1854924489436","8.69766027292398",
"Zimbabwe","ZWE","Food imports (% of merchandise imports)","TM.VAL.FOOD.ZS.UN","","","","","","","","","","","","","","","","","","","","","","","","","8.11936921647754","4.95904460944504","3.27457652984667","","","","3.68033099090342","2.23416861955625","17.7705023463193","11.1475739370192","4.82702545947947","5.97608929601991","10.3422047633978","7.15098253129825","","8.79256732538273","7.69021677634361","5.14226579458636","13.200800830231","21.0100852476005","23.6762840047402","12.795442383618","20.8914909544788","11.3777466924453","19.4631731015329","13.2103716772353","17.9116950088619","14.6919662299417","18.3803264462256","14.6264133619313","15.3611537859348","17.0111454412978","19.9439315765398","14.8943841673165","11.8875689384381","8.0601876291433","",
