"Data Source","World Development Indicators",

"Last Updated Date","2021-07-30",

"Country Name","Country Code","Indicator Name","Indicator Code","1960","1961","1962","1963","1964","1965","1966","1967","1968","1969","1970","1971","1972","1973","1974","1975","1976","1977","1978","1979","1980","1981","1982","1983","1984","1985","1986","1987","1988","1989","1990","1991","1992","1993","1994","1995","1996","1997","1998","1999","2000","2001","2002","2003","2004","2005","2006","2007","2008","2009","2010","2011","2012","2013","2014","2015","2016","2017","2018","2019","2020",
"Aruba","ABW","Food exports (% of merchandise exports)","TX.VAL.FOOD.ZS.UN","","","","","","","","","","","","","","","","","","","","","","","","","","","","","","","","","","","","","","","","","49.9558708661416","45.0748709458676","44.0939870494095","46.8718805701389","35.8613840448959","1.18542974235897","34.3766659335553","20.2325886166466","26.188566812868","75.9912791640348","82.2470954774073","77.6860122275799","74.968215078819","74.6730231596363","68.2935880674196","59.0342317165632","50.346781623236","44.1068343260307","41.646370611864","43.6268850808441","",
"Africa Eastern and Southern","AFE","Food exports (% of merchandise exports)","TX.VAL.FOOD.ZS.UN","","","","","","","","","","","","","","","28.702416035701","","","","24.0660675388396","18.3502486000488","14.893171711728","15.3912399194566","","","","","","","","","","","","","","","","","","","17.306763671182","17.1412450563421","16.9110727533612","16.3830334661074","15.346543409816","14.5007947062405","12.8885836993295","9.48322719347998","12.6841111949046","11.23306994656","11.0793568913068","9.28231594054137","10.1310165358548","11.8439843939821","11.0608654491725","12.4382498435637","12.9070095375956","12.8746082788732","12.46523267116","","",
"Afghanistan","AFG","Food exports (% of merchandise exports)","TX.VAL.FOOD.ZS.UN","","","31.9470263425352","26.5191195162239","32.6032644912823","41.0674612740749","35.6494932322441","40.8758669399891","41.8283306892529","38.1484310185785","36.0646488583384","27.0212778139966","37.2380701578545","48.6209869747101","43.9132390487261","36.4285790011076","35.8671796746646","36.0656113061744","","","","","","","","","","","","","","","","","","","","","","","","","","","","","","","52.5240811767024","54.6793195830966","40.0470709660653","39.1451752009078","17.4372227678394","13.6385047989984","14.4956237464036","48.4561085378175","56.9188752183133","","65.8965628978435","","",
"Africa Western and Central","AFW","Food exports (% of merchandise exports)","TX.VAL.FOOD.ZS.UN","","","57.8800373637274","55.7270376271793","54.4247203249937","49.8027712691943","45.2334087761708","48.1332559993638","54.8407438008873","44.3175914723151","37.3520326965599","29.1126899939902","25.1045223148393","22.1892366861505","19.4843833083415","18.4216856419055","17.0942476357695","19.8692087585085","20.8141962869607","21.5267130050273","","17.4946943529717","","16.1058580403327","9.54991022941612","9.27820700295149","","","","","","","","","","","11.3616827328961","9.40365873299538","10.6655854403311","9.92447926756236","9.20678323335794","9.72346682052254","8.87761236068399","10.2557895658641","","","8.14303469147036","8.6674179627289","8.75954989455688","11.5568926135082","10.5956559497327","9.61082161138716","10.765540363061","10.1331757837423","9.61746057124551","11.8788775051478","12.250156251978","11.1558100654557","11.1535947693312","9.78953846680956","",
"Angola","AGO","Food exports (% of merchandise exports)","TX.VAL.FOOD.ZS.UN","","","65.4948250283107","","","","","","","49.6879365782789","44.6914173841939","45.4215406441069","42.0728397647753","40.5979116169701","27.629100995664","","","","23.2765767097271","14.3422470079383","8.69300388031106","5.23992346722768","","","","","","","","","0.234865204394267","0.305922032815841","","","","","","","","","","","","","","","","0.0973082531799098","","0.0811537682127195","0.054445159884038","0.0387043596246223","0.0631199240339422","0.0734540911945984","0.0851709530224955","0.314687389090197","0.605231812859336","0.422552709861459","0.339628133981116","","",
"Albania","ALB","Food exports (% of merchandise exports)","TX.VAL.FOOD.ZS.UN","","","","","","","","","","","","","","","","","","","","","","","","","","","","","","","","","","","","","11.0931924918206","11.1106507877978","9.82044431818301","5.52977337734796","6.62795190197749","5.78985653392675","3.56458201253854","5.62901128428925","5.79731260967209","9.76458919983876","7.94445974938703","5.30440256077302","4.33398211749593","5.66901702390689","4.50730701001624","4.1596013315431","4.62273480006288","4.54802602225408","3.00290920278718","5.64320499416085","8.26601556448342","9.68598041588214","9.07472022473736","","",
"Andorra","AND","Food exports (% of merchandise exports)","TX.VAL.FOOD.ZS.UN","","","","","","","","","","","","","","","","","","","","","","","","","","","","","","","","","","","","6.50849504865162","6.4759250830353","9.48420329304032","10.7273028507146","10.9177284293098","8.1987590163772","4.92858266583827","3.95143813795803","6.33199892386512","11.612928297178","28.8589023240436","30.2580095264274","2.10286961437142","14.6703788240672","10.3242070921165","0.824917150287035","0.646873750495658","1.18959059456585","0.476053019067834","1.23638645475137","1.0998142107207","0.790486646888988","0.710340060796701","0.568385870571454","","",
"Arab World","ARB","Food exports (% of merchandise exports)","TX.VAL.FOOD.ZS.UN","","","","","","","","","","","","","","","6.59506119841855","6.31056093784456","","","2.99173397060667","3.04646944962873","","","","","","","","","","","","1.5761559709983","2.13092897748025","3.96471093586658","","","","","","3.11925890107445","1.98751658519486","2.1427060947647","2.28010986612284","2.15138126795019","2.19122464392511","2.84482124897572","1.90104639803046","1.89607757100368","1.94214084102739","2.68012224822632","2.4240734151845","2.17392728970809","2.31326409569896","2.28709625392435","2.58601673251438","3.9085394100023","3.11683473268185","3.36179693233412","4.50878814624923","4.4105117422681","",
"United Arab Emirates","ARE","Food exports (% of merchandise exports)","TX.VAL.FOOD.ZS.UN","","","","","","","","","","","","","","","","","","","1.21361266694696","1.87441595741752","","","","5.86911589254474","","","","","","","","1.94319429485319","3.67493823730829","7.56320261060369","","","","","","0.884048802066568","0.571437830931945","0.811991621403645","0.642647300213983","0.841162591390838","0.852279520957668","1.09002318296894","0.88383649051113","0.889205337320246","0.816996179047525","1.13910490140005","1.38784702364875","1.32693477837301","1.48346733252165","1.23046734215002","1.47701576688815","1.91155294992918","2.24593181791235","2.03083625769119","4.20723882153237","3.00337287402885","",
"Argentina","ARG","Food exports (% of merchandise exports)","TX.VAL.FOOD.ZS.UN","","","71.5167223633344","72.1241541588727","77.2266517724288","81.6353758360789","77.9182522915024","76.8299597678787","72.7400804506803","73.8757029594811","74.3184088352766","76.6992729476363","71.7539030834867","69.9073242543211","70.517253346656","68.8689882099692","68.2431551244986","68.7878167390924","65.446102521047","69.401213547257","64.9548396689522","66.8359508767248","62.5132745031883","74.9687054919103","73.4018510897571","66.0707880476956","66.6284777507564","61.0593445750818","","","","","61.0130433964766","55.2876092343831","51.8166376977356","49.7881907475278","51.9243431309429","48.6027501111139","50.5997700697432","49.1711930000543","43.6244523735379","44.2313342975993","45.6788253892065","49.0294871977296","47.7752069830924","46.464867640411","44.5977443215927","50.4037620965632","52.5963047857027","49.5585979873236","49.639895808739","52.151922303518","52.1628344068289","54.3964098823728","54.346183406447","59.9397423992323","62.8534166501818","59.8249232905339","54.4531680056896","58.7665374092182","",
"Armenia","ARM","Food exports (% of merchandise exports)","TX.VAL.FOOD.ZS.UN","","","","","","","","","","","","","","","","","","","","","","","","","","","","","","","","","","","","","","10.7651598557727","","7.65372297215671","13.4938256902999","22.6316832558336","13.4156622588404","13.8862195542516","12.3838069317306","13.3613635427771","11.4742593097946","7.92290592006435","18.5513892308046","18.8589645039774","16.1764021073502","18.0828120365256","24.3514771216801","28.4375545824898","29.7812614026326","28.7269515841652","30.8370164911476","30.5178351511042","30.1677089812262","31.6981243529953","",
"American Samoa","ASM","Food exports (% of merchandise exports)","TX.VAL.FOOD.ZS.UN","","","","","","","","","","","","","","","","","","","","","","","","","","","","","","","","","","","","","","","","","","","","","","","","","","","","","","","","","","","","","",
"Antigua and Barbuda","ATG","Food exports (% of merchandise exports)","TX.VAL.FOOD.ZS.UN","","","","","","","","","","","","","","1.4931423444832","1.6225931559801","3.03464023819708","","36.0673242360036","17.4507231479952","","","8.70119480224155","","","","","","","","","","","","","","","","","","16.5340830393743","27.2273694026825","","","","","18.679498229766","","37.9702388092215","","48.3050837693822","50.654320061777","58.689528949777","56.8403419695816","37.7938963457954","25.6778831813873","52.1045892042161","54.7812207065544","52.2717323901558","42.7533388162064","77.9266050674273","",
"Australia","AUS","Food exports (% of merchandise exports)","TX.VAL.FOOD.ZS.UN","","","","39.8346474957375","39.7859421982777","39.5769854203446","36.3553638686411","41.3669043112733","34.0922913925492","32.8049835924639","34.013536231507","38.3387630373528","36.9111571644683","31.9349827916758","34.5433057090814","35.6423023743124","32.6953222064549","31.7595902340097","29.4919537078208","33.7723574644005","34.4300931973302","30.9855820389911","30.6341723630904","25.0187660648647","28.6704877205042","24.8343781512626","27.3465803253478","24.1812089474581","20.9359104586469","22.3074888773581","21.1184923002457","19.4567024709607","20.2839560279395","22.4197828929998","23.0716504200323","20.5204322955242","23.096554089928","22.9599301473084","20.2460021888008","23.0979399459233","19.7329920353743","20.5933416064631","20.7996640502923","18.2709640627415","20.7204182561256","16.1321568548701","14.5343437897045","12.6320405849921","11.5441901491415","12.9946108080878","10.5858044414759","10.8752765627745","11.9823389130914","12.4049154539791","13.3019483994184","16.1915204538553","14.6721387780092","13.6692292413532","11.8402229798837","11.0735748628275","",
"Austria","AUT","Food exports (% of merchandise exports)","TX.VAL.FOOD.ZS.UN","","","","5.55781488093198","4.69559480990127","5.4531837262518","4.7554754434059","5.8710417287511","4.73277952629499","4.57743460422446","4.67164343769715","4.84058091540926","5.5024273751552","4.52598246008905","3.82796689392966","4.15453979452601","4.26249422624998","3.75838172165734","4.03132730504573","4.0128101005826","4.15833292245852","4.39259879575785","4.66041372594959","4.56361799636398","4.65975540150534","4.28411957791563","3.88330017334415","3.47037411817569","3.49970099243237","3.68443382845117","3.31911497770665","3.25565456851624","3.34045816521263","3.51476245526176","3.75473319072651","3.84395972964709","4.51005914147522","4.76792377779912","4.80780358727842","5.42321942407299","4.72534827227104","5.12483610701989","5.28783781737682","5.98414338204417","5.82457676525111","6.16984880198757","6.03593553988264","6.17155630750584","6.53563169944003","7.32854480187725","6.87266733805575","6.91374307049488","7.172426284122","7.38679605487335","7.40850837587826","7.46235406299573","7.71425129855097","7.63765887171193","7.46947466808198","7.79821166892877","",
"Azerbaijan","AZE","Food exports (% of merchandise exports)","TX.VAL.FOOD.ZS.UN","","","","","","","","","","","","","","","","","","","","","","","","","","","","","","","","","","","","","4.37136768529811","6.92296832032364","7.50717710800822","6.29239648199638","3.16351770544605","2.31306992924409","3.02939208280151","4.84056698161315","4.25926378095469","7.47941699098115","5.02906629697011","8.3376881551188","1.1111042456426","3.5728574185602","2.78351998201325","2.69659868503389","3.47769507187042","3.6492913291811","3.82234651631544","6.0566620985011","3.8929690690574","4.27292185995285","3.59606858400833","","",
"Burundi","BDI","Food exports (% of merchandise exports)","TX.VAL.FOOD.ZS.UN","","","","","","75.273836479008","","","","","","","","","88.3748663755586","91.6414139768823","93.254353035102","","","","","","","","","","","","","","","","","30.2292572732904","51.1636033521949","59.8372339244102","66.3733622044748","98.2962321234812","99.1127796322039","70.1175266726928","85.8219477229024","74.7387313359193","81.4536107020982","45.0800199213349","44.0615789896583","45.1207269470412","31.1809369760396","35.045649554702","36.9371361526208","50.1777742511627","72.4468146312641","50.1648189055865","37.4885194032586","26.598156850606","59.1465423239044","63.5539616543992","66.2355736942558","59.997950954705","55.0003316087537","44.6045880270135","",
"Belgium","BEL","Food exports (% of merchandise exports)","TX.VAL.FOOD.ZS.UN","","","6.04277474399065","6.89017015478183","6.17028867656039","7.07277255877036","7.15954598481563","8.24856142663308","8.18505204639056","8.06017177555525","8.38885798826004","9.2860270271655","9.58089342986154","9.62255562335909","8.8627966503426","10.0989710987626","9.4890103031989","9.65807510842093","9.54916799875522","9.26815047874059","9.38537077443856","10.7379708667016","11.0195671973451","10.1765527058137","10.8690535533175","10.2724320536213","10.2365592186664","10.2602182700758","","","","","","","","","","","","10.0399494993009","8.91653478703759","9.17188242023965","8.55740326154138","8.69334243716118","8.32979420951883","8.05974159644903","7.80436164794129","7.94673220964044","8.58664412924345","9.62482530357428","8.84668822750683","8.82315638469053","9.18940847733582","9.09484850048561","9.37470764270446","9.6635701010341","10.1554428377909","10.1461639234562","9.67313671797007","9.83442132944892","",
"Benin","BEN","Food exports (% of merchandise exports)","TX.VAL.FOOD.ZS.UN","","","93.327550081991","89.5890052280226","93.2980268413284","88.6608591885794","76.6175858561168","67.7561867507699","74.3629879786611","73.8017051023553","70.9091825252553","74.3083705440573","62.0716460230046","61.2489260887434","43.359276070646","","","","","70.7011533736054","61.8226895530177","","35.9555892157304","","","","","","","","","","","","","","","","15.3057855760866","16.1083315409964","20.0528508768833","19.0624038417329","30.9589519745319","18.5907825318844","18.332911787217","25.8985192888046","39.3160841942934","38.0416297041752","30.1095077502565","49.2970151838307","67.5990369430592","38.0634238305646","40.3415909890541","36.9454704657028","29.8589217930345","22.6841646310689","33.4302314831756","29.8023200246565","37.0948193725964","26.3474291724116","",
"Burkina Faso","BFA","Food exports (% of merchandise exports)","TX.VAL.FOOD.ZS.UN","","","84.4012354097883","75.7122648537846","76.101880109687","83.3204750233262","81.4872399192138","74.8558711505093","76.5969475493508","65.392292896867","67.8855504205305","72.6381904829245","67.898657761854","67.8797755892115","71.855210451029","74.8242613924562","45.2488504546714","51.0987490435554","55.5304757486698","49.089707024862","41.3274111420831","39.8825278825877","40.8537927678045","33.4974160582261","","","","","","","","","","","","22.5376782807586","18.8024090377865","15.4522704380641","15.8388440130562","15.8513752539241","18.7685630684954","21.3539699993842","19.4428911914734","18.5598169338571","18.4078597372363","16.3674968047749","","23.5611753845197","24.6398337213184","13.9914754619437","10.4706775358579","8.68811033392305","8.14123360087131","12.5337587962682","11.7840144624125","16.8408813729243","12.8766421936463","13.2152193450288","14.5432954720317","9.89393114523868","",
"Bangladesh","BGD","Food exports (% of merchandise exports)","TX.VAL.FOOD.ZS.UN","","","","","","","","","","","","","","","","","","13.0466082591986","13.682972008726","12.721089004775","12.4512643375286","15.6958712890363","19.970054937077","19.2818386551984","17.9833288464203","17.9185228344897","20.1958493243101","18.6408188549024","","17.885666971444","14.3318908401949","12.6443668272252","11.0308885097812","11.8412193444076","13.6091841817934","10.4488155205505","10.0919399058308","8.36005793473836","7.22967218283357","","7.61291665750379","6.06966941597294","6.82145396379277","5.78812281014859","6.18429964017595","6.22182176823361","5.92828842730961","6.51994536456121","4.81908049937602","3.6948870908895","4.02974910211919","3.85995640005219","2.6439933995634","3.9502046768759","","2.70599278676995","","","","","",
"Bulgaria","BGR","Food exports (% of merchandise exports)","TX.VAL.FOOD.ZS.UN","","","","","","","","","","","","","","","","","","","","","","","","","","","","","","","","","","","","","18.0976481995934","13.6333564721793","15.0285391780459","15.2732454171347","9.81157846134688","9.62336004765464","12.1290633033382","10.1597906408755","10.4156798737148","10.4891474418232","8.57102960330437","8.64151971312577","12.4151300996716","16.617378156673","16.0696107649984","15.5350352324734","15.3308529659739","17.585421854982","16.1210391113196","15.5056712786887","16.6825842253148","14.6093426574202","14.6884045643776","15.6613905162205","",
"Bahrain","BHR","Food exports (% of merchandise exports)","TX.VAL.FOOD.ZS.UN","","","","","","","","","","","5.22919530470648","3.51976453426907","3.93460109150994","4.19611244969906","2.05046494454718","1.51149999743461","1.68170581771421","1.47388331156984","1.23719245806845","3.14346284693357","8.73438288568948","1.28493243784552","1.90803705995412","0.997902517189235","1.00372310568035","0.949265109699448","1.15349898050248","1.09329584895597","","","","","","","1.98916993695607","2.41019203635101","5.69335841306155","","","","0.637048360183334","0.607900146508297","0.631869078270411","0.716924733585394","0.550728763595194","0.437185084798505","0.368366737292636","0.383930408792423","2.05782502610849","3.42634935818297","1.85127993090966","1.69087475087006","2.59250907475178","3.93128226092687","2.33100665445389","2.8177190975297","3.2719712018198","3.45574446239019","3.41910883423219","","",
"Bahamas, The","BHS","Food exports (% of merchandise exports)","TX.VAL.FOOD.ZS.UN","","","","","","","","","","","","","","","1.82818980901873","1.60660232433042","1.91164760001034","","","","0.681927116500522","1.42602960111996","2.19669263705468","1.39164648739183","2.46843380310754","4.37261152178241","5.23939033063881","6.02768875358885","","","","","","","","","","69.558291203307","60.9904779993233","61.3992633648465","49.4281028721858","52.6657726456152","57.4053506810893","55.6620392908941","50.2385175518797","35.128868037723","34.3062877689831","28.4346303638808","30.8829702121969","20.1351956405674","25.1472707538574","23.5093362725831","24.3746103066396","25.173494542978","20.123751916834","28.3012610920937","18.691982885991","18.2280212008699","16.0964870868668","","",
"Bosnia and Herzegovina","BIH","Food exports (% of merchandise exports)","TX.VAL.FOOD.ZS.UN","","","","","","","","","","","","","","","","","","","","","","","","","","","","","","","","","","","","","","","","","","","","3.54806409946549","4.38171643800732","5.77060067629833","4.93242033641662","5.39239257157692","5.97800459677872","7.69296403605785","7.32414855052787","6.8195959891315","7.43034707981667","7.47114364100799","7.02059191929485","8.53679464029818","9.35112470056163","9.09401431525514","6.9058228132774","6.89965615081567","",
"Belarus","BLR","Food exports (% of merchandise exports)","TX.VAL.FOOD.ZS.UN","","","","","","","","","","","","","","","","","","","","","","","","","","","","","","","","","","","","","","","8.5243620082277","7.46625753820725","6.75194129524807","8.01083906303938","7.67726787178316","8.26326575107411","8.34876875873583","8.25631331486834","7.48674089092106","7.25797730395625","6.73737093896169","10.694124154428","12.6196411003409","9.15429446892938","9.81015301042001","14.3788977347233","14.7809314189583","15.6383743097336","17.0609160855354","16.5070506392958","14.963909864886","16.1908180319792","",
"Belize","BLZ","Food exports (% of merchandise exports)","TX.VAL.FOOD.ZS.UN","","","","","","","","","","","","","","","","77.4176061719352","63.2023818051989","61.8782557270823","65.1415501400646","76.2301564653029","79.420260420138","","79.8062427510002","99.4513484074607","136.10844042412","100.846034616378","88.7008459331704","85.492001624715","","","","","78.4117555680063","76.7413114955541","79.4543536143007","86.4665068628086","79.3930088188427","85.4918200726032","83.7497257898837","10.9040074851746","87.2591593095688","34.5868484402732","21.5233339965966","89.6409273349605","87.9603526698208","87.2984333976843","73.7967625330456","65.6391893627533","57.2894490398884","69.8818590787279","60.8610146892458","53.4928318295177","68.6168121777086","76.9446307291827","63.9637785460135","70.4344181662779","71.2142581784859","87.4463023871179","87.0866808812119","89.8079478720542","93.6149321595708",
"Bermuda","BMU","Food exports (% of merchandise exports)","TX.VAL.FOOD.ZS.UN","","","","","","","","","","","","5.62536381161712","10.9505209597851","8.40812038665264","5.14441195704989","0.889426453667138","0.815698038938417","0.544185088408002","0.439038822256064","0.360193592111094","0.922847028736265","2.28238705257092","2.15929735343872","2.42686507887694","0.944943748615099","1.69705357188268","","","","","","","","","0.709051045901296","1.50226705481066","","","","","","","","","","","","","","","","","23.5409415200407","1.99308622745586","23.7966141290375","44.8376153822066","66.14360588401","47.7541622218592","19.299310308708","14.4770501143536","",
"Bolivia","BOL","Food exports (% of merchandise exports)","TX.VAL.FOOD.ZS.UN","","","3.42916954946345","2.26594951762439","2.53191483059681","1.80685151846837","4.57163660943014","4.7707549701487","2.62195117091016","2.4210812287338","2.69073198634859","4.50778487398396","3.76969183289908","5.39571086280832","4.59982346854178","5.35032756848852","9.79972942385746","7.00452704649389","6.13798275623874","7.41516619501858","8.0170966735238","3.28694295607556","4.4181161127847","4.23145040558127","2.58406765170252","3.74439769401842","9.16732175793032","9.49802017822959","","","","","13.9096319853073","15.0722430259145","20.2138304680515","19.1322306984425","28.6328287611969","29.3470245693337","27.5332968183192","24.5487596003826","28.4247770777753","29.2208671962677","31.6721621676578","29.5891271815497","26.9490282779849","20.2267742917703","14.2199094005691","14.918387153602","13.9162066815921","19.1893366282183","15.0581608670715","12.5265962235451","13.2219879814425","16.2486177416884","14.2246700958667","16.2779005916271","","","","","",
"Brazil","BRA","Food exports (% of merchandise exports)","TX.VAL.FOOD.ZS.UN","","","71.1492702853386","73.75692538064","69.2942091293152","67.3380646160567","68.9148590942565","68.0054225021258","68.7669676592221","64.6203396768154","63.250158532868","59.9259809391986","62.7107768345501","61.7435166047286","57.8889466041662","54.08409353435","59.5912497482459","61.5943011265199","51.9676790617163","46.544717380751","46.2633216405115","41.373800806008","39.6311656684802","40.3111434729673","38.7654904795721","36.7737093487038","34.4142519733537","32.2939207340769","","27.2574869801362","27.6883307686545","24.9305704541775","25.4000855313584","25.2688059972978","28.9418032890941","28.5099615661989","29.8988013632821","30.9664994980283","29.6175199784671","28.7338632317001","23.2364728342679","27.4725847081467","27.7626401163879","28.5324118669803","27.8816714191857","25.6748714047216","24.919964870428","26.2218607446934","27.4338676318978","33.8905886100195","30.1293925358972","30.2255029886356","31.8392290764447","33.9243188799634","35.026734186494","37.1384995858981","36.7089585764997","35.6442963779256","33.6613151724035","33.8736469021591","",
"Barbados","BRB","Food exports (% of merchandise exports)","TX.VAL.FOOD.ZS.UN","","","","","","","","93.2477374979369","87.9454145773001","76.2132131671389","72.9799256933391","73.7219533640414","63.9219213338036","57.7834607650694","62.136306344054","69.0584067886959","51.2861763157952","49.3983767070569","39.7488934500717","35.7474541536157","46.9886181200806","29.9835632705733","27.8809124654123","12.3042639114585","15.3818962112253","15.738879573089","18.917509775229","28.858707188563","","","","","44.0526205834256","37.2318799995709","38.2274936639876","39.4489611277496","47.4858044285205","45.1456026932397","39.3096526463882","37.5641544140394","37.8241973512624","42.4234599063456","43.1351333869839","38.1139874032165","42.1913825291937","39.1030839844257","30.5697637209037","30.3939531028908","38.8657786764104","39.1438981705675","32.995540695747","31.7752683581384","31.5199337991393","35.057637651266","33.1820083268598","33.6079979978175","33.6191290425358","36.5583993550562","32.7813170716423","20.0437898236634","",
"Brunei Darussalam","BRN","Food exports (% of merchandise exports)","TX.VAL.FOOD.ZS.UN","","","0.0785492401342332","0.0216744109917267","0.0204515120250043","0.0454719461273739","0.0140080946886009","0.0389185132541704","0.122856939163238","0.315229037164299","0.341912165761774","0.423620712692154","0.34281203065346","0.217639754147644","0.0744988432622294","0.0638970595258658","0.0356580419850054","0.0283323576283963","0.0134562689572066","0.00583235617266954","0.00376943989343631","0.00598940068159842","0.0052155509539653","0.00518791003185082","0.00665924898079115","0.0063170218975397","0.00604735555888672","0.00357200759865551","","","","","0.0002380912749771","0.000288020607539695","","","","0.0559926566332479","0.0511101440803876","","","0.0109248557672129","0.0204776620180088","0.020107907301127","0.0400693823833121","","0.0890936172097553","0.0642336809457262","0.0351354784579638","0.0236468453928909","0.0372907815343406","0.037599697643069","0.0463585020148965","0.160572457468374","0.389845860752727","0.111827946297261","0.167621451678223","0.192164607581223","0.0875820125967035","0.15172842640886","",
"Bhutan","BTN","Food exports (% of merchandise exports)","TX.VAL.FOOD.ZS.UN","","","","","","","","","","","","","","","","","","","","","","","","","","","","","","","","","","23.1205695632318","23.2654448660724","","","","15.0920487442313","13.3322656897127","","","","","","10.6426980648438","12.868965970006","10.2391370086657","48.3156324522938","6.09473191676637","7.17027914012638","8.45291870625746","6.936412173101","","","","","","","","",
"Botswana","BWA","Food exports (% of merchandise exports)","TX.VAL.FOOD.ZS.UN","","","","","","","","","","","","","","","","","","","","","","","","","","","","","","","","","","","","","","","","","2.79117535473549","3.18026121692859","3.53933715062575","2.36363075711762","2.49355468695881","2.57920428363551","2.67790377691077","2.82428016147155","2.84330335724522","5.03314655574706","5.16522024117564","2.37672183285881","2.09040284473335","2.34493327646547","1.8805820655302","2.28489896192027","1.70376258744098","1.7552474324843","1.89136323707963","1.71446203125847","",
"Central African Republic","CAF","Food exports (% of merchandise exports)","TX.VAL.FOOD.ZS.UN","","","35.9439700873014","19.1194441620378","31.8866652181325","20.739831593315","26.2461225636067","24.1524110650806","17.4995298539652","17.8910745094535","26.2812495963324","27.2722298105991","","16.7303207274652","31.5054497125058","25.6512201356399","37.3013036501712","43.0149315641141","32.4893684141365","29.2482053650331","30.9821262838229","","","","","","","","","","","","","5.27172522712825","4.17185137079992","4.21129045968656","1.25394857778932","2.17688175734016","5.71381583355454","12.2726531738269","10.6474180988367","2.71132625253555","2.12618564769347","1.38571351663634","1.88970694229923","0.835466373510684","0.249827200319048","2.69954221889991","1.44090824789445","3.54237133380463","1.52408972316671","1.2080835067689","0.431090999936319","0.125905983190355","0.10284898598996","0.521337955136677","0.350551284452141","1.38350578026846","0.208240815133424","","",
"Canada","CAN","Food exports (% of merchandise exports)","TX.VAL.FOOD.ZS.UN","","","20.0672462633172","21.9903545929533","23.1553609232752","20.8180710542246","20.3251541112881","15.4467772537474","12.5982262394862","10.6231222923086","12.2045973121388","13.2760327930236","12.8934178966984","14.1714395982652","13.3716563204162","13.6197041381463","12.1684080757457","11.6518594417649","11.4299138013493","11.4062259114723","12.3174301246545","12.8517175834076","13.418269969852","12.6774506137471","10.9833132202015","9.2881438276435","9.25661601066318","9.40443310094982","9.38073314368337","8.02855203182942","8.58783163577954","8.93924809384943","9.36502132766352","8.07317842220124","7.74085793238511","7.61208289374895","8.1013901382011","8.25480963485504","7.84668384618406","6.93821049008968","6.72725021945709","7.81753125396381","7.4369718793139","7.35518843941416","7.70600421707315","7.09289727105154","7.35855752952968","8.03589282474114","9.05300013047292","11.1922947814486","10.0908410664126","10.2024818524665","10.2080226352456","10.316558671295","10.9864354590922","12.2650926388761","12.8537927254541","12.4827186553761","11.9258282530736","11.9161922002201","",
"Central Europe and the Baltics","CEB","Food exports (% of merchandise exports)","TX.VAL.FOOD.ZS.UN","","","","","","","","","","","","","","","","","","","","","","","","","","","","","","","","","","11.5227576924277","11.164458072514","10.5463815047105","10.6382249309441","9.6206347884526","8.2745441233736","7.14137132868899","6.06936675749243","6.29230048779498","6.07120108029739","6.03752618171498","6.02975090422233","6.52422842281448","6.30339360669515","6.69249449732439","7.15478535564652","8.38690176310325","8.03617513381446","8.12416504941384","8.96785919848137","9.36714981270928","9.09218549919569","9.12522881325531","9.12323837428441","9.03453828409991","9.15327375020169","9.0280401403916","",
"Switzerland","CHE","Food exports (% of merchandise exports)","TX.VAL.FOOD.ZS.UN","","","5.2092520837166","5.58523486440911","5.49368641742431","5.5073432247874","5.43819217754189","5.44086055766079","5.66724225243688","5.75973211068503","6.43978609955676","6.4678513034323","5.31101178623263","4.72705226282048","3.90482921152234","4.03815288294302","3.98496795638867","4.07800955230666","3.68806665015811","3.40321529957806","3.23898372342013","3.37367583047841","3.53679679650437","3.54721136907439","3.3628657026554","3.25703467734717","3.16163460696452","3.08716472969945","2.80233235564104","2.75063269384721","2.75209171494103","2.91670547667296","2.94359372415879","2.96958259079914","3.06015161873375","2.97993056653869","2.92451232619346","2.78941152120634","2.64892179168137","2.63339383432583","2.51098847238387","2.50883510625203","2.44543803003242","2.55097478310109","2.59818060716851","2.62911189349242","2.77083809117692","3.0644466289493","3.42435370275105","3.92478835645304","3.73788026654237","3.67207788375493","2.69435956936769","2.54796948361157","3.03230344695882","2.99568081906181","2.88094187738078","3.03039516775186","3.0478065788214","2.9952100945047","3.00523830587303",
"Channel Islands","CHI","Food exports (% of merchandise exports)","TX.VAL.FOOD.ZS.UN","","","","","","","","","","","","","","","","","","","","","","","","","","","","","","","","","","","","","","","","","","","","","","","","","","","","","","","","","","","","","",
"Chile","CHL","Food exports (% of merchandise exports)","TX.VAL.FOOD.ZS.UN","","","6.62149481309228","6.29873388112218","7.0697247315513","5.21745472175274","6.05614180642438","4.37429612055228","5.3245864907754","4.49580933067956","4.54358467515545","8.65487061004982","6.16192942325495","3.79193856428377","4.49467548029291","10.3186070801628","10.0139287008945","14.0178203132482","15.4104163663281","13.0420496498778","14.9117837667595","17.9285926535861","19.7608412950266","19.3376955174926","22.3804750361688","24.2202985066645","27.1216456165122","26.5557997967326","","","23.063521151321","25.8767106514672","27.7112939814973","27.3324997832978","26.0143591272667","23.6611222116228","26.8135634704272","24.7218793428696","28.021689791142","27.4965997936072","24.2890242058557","26.1230531280605","27.5030771334529","27.5970182526932","21.4463248784364","19.1248361722918","15.0588676998618","15.1085958022588","18.7880085805318","19.8686474853064","16.5316169080278","17.3918796865123","18.3065969744706","20.4374053598511","22.3080088073151","24.2534050743804","26.1249921913447","24.1115175409555","24.2297019701074","26.1934267058262","",
"China","CHN","Food exports (% of merchandise exports)","TX.VAL.FOOD.ZS.UN","","","","","","","","","","","","","","","","","","","","","","","","","15.270338764703","12.5662305455292","12.4172290099535","14.5895959828337","","","","","11.3454656706466","10.8349466595005","10.0643214272187","8.26668027226874","8.22749958086814","7.13949408965145","6.62733032876259","6.01937259767926","5.44109189282891","5.34469417113335","4.96429041632981","4.39081304846039","3.50822431553219","3.23318603274755","2.87574897195115","2.71796284095466","2.5083974583961","2.93917996462057","2.79842417644277","2.85335774641883","2.74883853386535","2.715363035425","2.7107758627159","2.77868735502767","3.1561811026256","3.04846221459923","2.90088960598067","2.87640252479701","",
"Cote d'Ivoire","CIV","Food exports (% of merchandise exports)","TX.VAL.FOOD.ZS.UN","","","75.4414372373013","73.0985592307822","70.4791511273279","64.2488974207282","67.3008791952263","62.0602522672013","65.5802195234588","60.7900507721444","67.7349091801307","65.964897013196","58.1693098874821","51.9117984014883","63.0450700689589","62.4891480607403","66.7675245055139","71.2099376721254","74.0888552322645","68.3988242178509","","64.7285916275985","60.2674905195664","58.4875820990871","","67.9925254011343","","","","","","","","","","62.7734699299865","62.3024466427964","58.0801376996079","59.1453669553872","54.9694532063196","49.8649912870133","53.177900649237","58.4467754248778","54.8603978767471","45.2715250569902","38.2238764929337","35.0536743512874","39.4818351368485","40.2387377019368","47.1787988368831","48.6351987269313","48.0286593688021","43.9958778074988","38.1517998343666","47.8124644154639","53.3127473327914","58.7162327031185","55.3419968121881","56.5222899694329","52.8960843006211","",
"Cameroon","CMR","Food exports (% of merchandise exports)","TX.VAL.FOOD.ZS.UN","","","58.9849660192971","62.0001992337714","63.8494888817369","59.6532306565881","62.1089587372796","65.749956468948","69.3499458494566","65.6868294948107","74.9544461757645","64.3469028922957","63.1966279760174","62.3870271389044","69.6300618067842","66.8685691353773","64.703784091611","72.8491601203531","74.247225981527","52.7674831986751","47.9550040995982","","32.8655892526262","","","","52.4814074621537","40.1359581185235","","","20.4478312402161","","","","","27.0374227611662","24.2868503339391","22.3686160628878","","","14.9408759887666","16.7976487396565","20.5968505451619","19.6817783302755","18.7619997956049","14.6643884892014","12.0174962415369","11.5442038313611","32.2854904937398","47.8259107755343","24.4311256404985","40.0823199820022","17.1344942570804","16.573019946068","17.4843100976661","26.0218139257946","45.1220438949048","21.9367410797114","","","",
"Congo, Dem. Rep.","COD","Food exports (% of merchandise exports)","TX.VAL.FOOD.ZS.UN","","","95.1525948346835","","","15.5087476664156","","","","","11.9843894162488","","14.0396407088297","13.6652346206034","11.987549653092","17.7083395387182","25.6668144733184","27.9023146639881","32.5093034733134","","","","","","","","","","","","","","","","","","","","","","","","","","","","","","","","","","","","","","","","","","",
"Congo, Rep.","COG","Food exports (% of merchandise exports)","TX.VAL.FOOD.ZS.UN","","","9.44919133790777","8.84661265671345","6.36823682429901","5.35994100977149","5.49165202141523","17.5869069826956","7.81519991250916","","17.5147807885996","17.4846702264435","12.5890376079888","2.98919014428814","3.84977049933755","4.73211435436904","4.25963777758471","10.1115388730126","7.01787985303608","3.08718688861878","1.01897860569528","","","1.19344492178287","1.55195020971831","1.45558685863392","1.5600986483249","","","","","","","1.25029355496257","0.908911365885844","1.00726088588743","","","","","","","","","","","","0.364611499523767","0.398823808663819","0.432491681776278","0.482828013763457","0.146859654996518","0.209504428761755","0.147893631331477","0.220915396948777","0.207337814498209","0.257303350684483","0.330935756976374","0.212165493343515","0.388129732303257","",
"Colombia","COL","Food exports (% of merchandise exports)","TX.VAL.FOOD.ZS.UN","","","77.264586110154","74.498053367406","77.0783550617862","72.5943418686929","73.9226463456035","72.9867605137731","73.4155259365168","68.7615103127944","74.9995590262094","70.1473820072285","64.1204804066081","62.5441681669296","57.9788306583674","64.736355395941","68.4966084290235","70.5424929947777","74.3745150894755","70.6610863635426","71.7953340898171","62.8469236418975","63.337485369019","61.13376564955","62.0426869216848","59.2776469693373","67.2240199337153","41.7736955301625","","","","32.4468729410714","33.1197167677659","29.9221607019084","37.9012907011475","30.8402170567403","26.6986807372862","31.9304529291586","31.5983370695717","24.0657469710014","19.0076815950643","18.1518854452368","18.502868004608","17.4024243790649","16.8631684577415","17.1572403783928","15.8213545489838","15.2599482377108","14.3603386404757","14.7775942160801","11.2625693707226","10.1676441725174","8.71154706253837","8.81747728038274","10.6114380525811","15.4254160992994","17.430007406493","15.5107565327678","13.670013202459","14.5855670096207","",
"Comoros","COM","Food exports (% of merchandise exports)","TX.VAL.FOOD.ZS.UN","","","44.209353242614","","","","","","","","","","","","","","","","","","","","","","","","","","","","","","","","","76.3893147137121","63.8856188102487","61.5227839262585","62.3279633178036","88.9888996315354","88.4842598096592","95.9786797428273","97.2103639650614","97.4849464802415","96.2561110546151","86.8784775197139","86.2470472574019","13.7849703905133","68.4409562638297","73.3749676799355","65.9777912048086","77.9660142962415","84.680935194381","71.9731413318025","62.6237027813502","72.3271656709878","84.982850530598","79.5841849696392","63.8116676221118","43.5282796232499","",
"Cabo Verde","CPV","Food exports (% of merchandise exports)","TX.VAL.FOOD.ZS.UN","","","","","","","","","","","","","","","","","","","65.0982220166154","72.3404455389136","83.7871403037313","","","","84.2524069852711","","","","","","","","","","","","","22.1416377119178","15.4628499607694","16.8780784205899","10.1609781572148","3.47131397669531","6.13187589846505","6.398571406792","10.3825847849149","44.1658251404186","62.1249762066331","40.8195033558662","","72.633726175104","81.6089409919669","83.7497856306471","87.0898099793368","86.0895416949434","86.0617298446039","86.1398979372469","83.5701100775533","77.3238664437462","83.4565612273993","80.8882881424362","",
"Costa Rica","CRI","Food exports (% of merchandise exports)","TX.VAL.FOOD.ZS.UN","","","","","","82.0341154988912","78.8608272269793","79.4416853267271","78.0513120729198","79.4021508155065","79.0307500862772","75.8028127833438","78.1282608710513","75.7810880815779","72.1801793934885","73.0568343644795","70.3742241453374","74.4050738621892","69.2127338188465","74.2609015468559","63.697071220781","65.8519654596211","69.3094279291579","69.2823285142415","72.011431675498","71.6460662045555","73.687687386569","68.9320747678736","","","","","","","61.1930384532984","63.4318869217932","65.5995180015451","50.360478745551","41.4310971296965","28.5875329260356","30.0289782731338","32.465121882472","31.2973520437416","30.0970070313689","32.3498973802313","29.681993557402","29.5926633094499","29.9979653040004","31.8634075716406","24.6819082632306","34.6179965812811","35.0565119941495","33.9012706494075","34.355967309234","37.007083130469","42.5298947971472","44.3728712512758","43.2681152482489","41.0945137387279","39.1221435245022","",
"Caribbean small states","CSS","Food exports (% of merchandise exports)","TX.VAL.FOOD.ZS.UN","","","","","","","","","","","13.4967703493613","13.0767836570579","14.9870535570309","13.2807168102459","11.9136191553256","16.4888259667326","12.4030115543619","12.1318840174511","11.9657745988654","11.9184352520196","8.36659177968214","8.55865250939204","8.1925237585723","9.03870909833787","9.13643080047452","9.6173325809169","11.3343645806183","11.5190565296489","","","","8.75788446345629","12.6867588403007","14.2977200195058","14.852023301846","15.5054315814403","16.1318677331951","19.9196910679861","19.8270806870879","16.7801963948992","14.7258794151974","13.3077351400417","14.3599330872356","14.2121845290277","13.3649972583878","12.5259064523969","11.0331077691947","10.307957941935","9.98396148973649","11.6146258037052","10.4010473858016","9.64653552303823","10.6220248295225","10.3239004699859","10.2559928368898","11.7796659509743","","","","","",
"Cuba","CUB","Food exports (% of merchandise exports)","TX.VAL.FOOD.ZS.UN","","","","","","","","","","","","","","","","95.3527749699521","92.6158282959248","88.99237384767","91.9533224220173","91.7030498181794","88.4647480170865","","","","","","","","","","","","","","","","","","","58.729449717313","49.9929731410126","59.0533987683171","53.2598035847814","40.1274784302707","30.1795600596847","23.3329562382701","10.5260958904856","","","","","","","","","","","","","","",
"Curacao","CUW","Food exports (% of merchandise exports)","TX.VAL.FOOD.ZS.UN","","","","","","","","","","","","","","","","","","","","","","","","","","","","","","","","","","","","","","","","","","","","","","","","","","","","","","","","","","","","","",
"Cayman Islands","CYM","Food exports (% of merchandise exports)","TX.VAL.FOOD.ZS.UN","","","","","","","","","","","","","","","","","","","","","44.0505646945581","","","","","","","","","","","","","","","","","","","","","","","","","","","","","","","","","","","","","","","","",
"Cyprus","CYP","Food exports (% of merchandise exports)","TX.VAL.FOOD.ZS.UN","","","","","","","","","","","49.7852014617321","60.7754724650123","63.2204836361781","59.8072081765235","53.7553672772401","44.8149172859132","49.7491002831401","47.0492666056221","42.8611881326288","38.0930110188993","33.5520053125221","32.9448614874461","37.3049625931129","32.9330759769035","34.9139801466785","32.1177811000851","36.6940864291609","32.1616911941824","","37.6667195402834","42.0398067466367","40.7959669446165","37.8470500897738","38.2917760233609","39.2177848544712","45.7419664194325","43.0114033619121","36.3537822640882","38.6410425628209","38.7146582090268","33.3062120522803","33.3600769548139","35.430710353645","41.4585384490123","46.154824425853","45.1380912203074","39.640669974295","39.7874236285166","37.7881744482247","37.1072385438947","34.4423229303036","37.1165437732871","33.6921242510653","36.1315370865921","34.2731451423946","31.3848235943607","32.2409458847876","27.7388886874119","23.764610935065","31.2425606385228","",
"Czech Republic","CZE","Food exports (% of merchandise exports)","TX.VAL.FOOD.ZS.UN","","","","","","","","","","","","","","","","","","","","","","","","","","","","","","","","","","8.11703313874529","7.07199174541465","5.97631095940655","5.46919251873948","5.27185036138492","4.55242576567833","4.16754322989655","4.14807934733398","3.7944155929072","3.37495267878925","3.4308625975407","3.43758622138779","3.97974511653713","3.50737255130485","3.85705048296616","4.03734078998824","4.52768975214584","3.87883758105067","4.08058162382372","4.72948291496403","4.93324989783825","4.8446965915094","5.06531355260056","4.95283874904524","4.49396607943691","4.1239124158911","4.20880405596444","",
"Germany","DEU","Food exports (% of merchandise exports)","TX.VAL.FOOD.ZS.UN","","","2.05156067730494","2.13894794606447","2.27439600591364","2.56756699148525","2.19881201109995","2.57494235731386","2.6693833360906","2.89100201451629","3.19141745290266","3.82207659342342","3.68928786543404","4.20346954856489","4.21935703833167","4.55444090035666","4.34135881431312","5.33641419300818","4.86429096635362","5.01547203871525","5.27837114760509","5.81781244021665","5.56723215101821","5.45551372762906","5.48600404189082","5.2264329286284","5.12502642359299","4.91536537355579","5.03977369802093","4.94492718243923","4.78724273053314","5.29736462197613","5.41979746609659","5.46838981235505","5.37937789078632","5.07615551428159","5.22942030665889","4.89264324962408","4.90209324520142","4.67671686585406","4.16351771056607","4.56496399048333","4.58109001958419","4.31019256273766","4.12983311456094","4.51804027143224","4.36160710545856","4.30707569626103","5.14499890791644","5.993502733967","5.46522946262795","5.47370584671279","5.61294098830146","5.91995882009792","5.81063777771349","5.6270451933881","5.70920570853098","5.61192908007994","5.32636516616618","5.44909020297153","5.90660188373119",
"Djibouti","DJI","Food exports (% of merchandise exports)","TX.VAL.FOOD.ZS.UN","","","2.04510898254384","","","","","","","","","","","","","","","","","","","","","","","","33.2494521180035","29.1662495895209","","","","","","","","","","","","","","","","","","","","","","0.43130753279008","","","","","","","","","","","",
"Dominica","DMA","Food exports (% of merchandise exports)","TX.VAL.FOOD.ZS.UN","","","","","","","","","","","","","","","","","","84.90329287971","81.6669368744176","71.0797654757764","45.5937602978614","56.6132243072676","","58.9136586551186","","64.4280393364085","75.1930473767317","77.2238499433138","","","","","","67.1297063578503","58.7821671163716","51.6262709726355","48.7483697022939","50.0569219702723","","43.8952961906712","39.4096509098146","37.6646452225593","42.0493651380236","35.7937064647136","38.3246100195827","35.825728023948","35.1495032964565","35.2001538150041","40.5065249673014","50.7887651063947","27.1299514069009","","13.7435169623252","","","","","","","","",
"Denmark","DNK","Food exports (% of merchandise exports)","TX.VAL.FOOD.ZS.UN","","","53.6462952671582","52.7290214544756","50.8069642695118","49.2974659086238","48.2368374176355","45.3321797703907","41.2034100488399","37.7505301627016","36.684989716864","36.6966639852172","35.7249145916124","36.6428651496982","33.6968009749801","34.9316713995994","33.8449536127887","34.1167895011076","35.9934784214849","33.6967744548023","33.1417731600106","33.4414451486094","33.9981733047321","31.3132399999134","31.1139880498353","30.3243407407053","31.0158347209612","29.571398018446","27.6670163037397","27.5924242022689","27.1562920246412","27.2218792111657","26.1249659503892","25.7284190492593","25.1097913189993","23.988057977959","22.9622903827576","23.4000290531198","22.5410060208062","20.7666071939839","19.713249530877","20.1564756927786","19.388994251505","19.3015531299598","18.6019152399631","17.6420568214626","17.5388575296301","17.3035533105155","17.0979932517697","18.9389220334945","18.3304046869062","17.6273347188562","18.1776212590134","18.5615723683583","18.4413943110981","18.2959416626199","18.7937394288313","18.9891207754275","17.9212304218823","17.6604292809237","18.5129140538784",
"Dominican Republic","DOM","Food exports (% of merchandise exports)","TX.VAL.FOOD.ZS.UN","","","","","","","","","","","","87.8319327073542","76.0333168634602","73.2687517387575","79.0414822468658","82.4276086871614","74.3495351371649","79.0121473709797","74.4378263234449","70.8181125466339","73.1609501582303","79.1743238486468","82.1577253993668","75.3102311013362","","58.558069012623","57.6511359584077","46.9047681979253","","","","","","","","","10.5284554556533","10.800008272038","","","","40.8057247279063","14.1203525071993","12.9441690356505","12.120390454116","12.0695635279433","14.4794991755011","14.5561276428715","17.2848286800481","23.8556388925","27.5196214197893","24.5115920359056","23.1323863669427","21.995085400797","22.3027193830202","23.7649331442327","23.1585180811134","22.8995421162609","23.224699593657","","",
"Algeria","DZA","Food exports (% of merchandise exports)","TX.VAL.FOOD.ZS.UN","","","","","","","30.9696049778828","","16.0908125321452","20.5470070641704","19.9832749794304","12.3527636116198","","12.2965851729428","3.88236928379305","4.07076413721227","3.05312032713631","2.28947163240855","2.40957802704026","1.13644824572607","0.770226833423191","0.931555184108841","0.623873045191646","0.338795919609691","0.405205815367655","0.55060279785805","0.335035799433773","0.364621785561494","","","","","0.727504839479144","0.979174707865611","0.400567078825082","1.17971339978443","1.22345413763458","0.268184667758013","0.341639301574309","0.223124461208307","0.163458380562733","0.148606444057863","0.231638365592645","0.209587695365939","0.193619706686166","0.153082861462964","0.160467556161383","0.163014152574384","0.160304788045373","0.257257534597595","0.560649373653065","0.488433088608141","0.445064950240349","0.614279708145452","0.539747166610679","0.681904275735559","1.10285298391263","1.00117835655827","","","",
"East Asia & Pacific (excluding high income)","EAP","Food exports (% of merchandise exports)","TX.VAL.FOOD.ZS.UN","","","","","","","","","","","","","","","","","","","","","","","","","18.7439822478634","16.2542321736241","16.1007928601509","16.7269480345452","","","","","12.8087477575335","11.8046848884436","11.3283782560067","9.69596706209656","9.5417144441619","9.29426634100044","9.0672692700352","8.22316102017858","7.10113307197597","7.21800642791987","7.16681195915598","6.74072904305312","5.95375833305866","5.49149102892687","5.16490060200324","5.50670578714487","5.98059371617233","6.35489954809388","6.10339692264759","6.53623099942525","6.35356934836917","6.01469855742114","6.26597750538957","6.28295509845119","6.69892133824702","6.62650755156385","5.99438574000623","6.02274835889582","",
"Early-demographic dividend","EAR","Food exports (% of merchandise exports)","TX.VAL.FOOD.ZS.UN","","","","","","","35.7884410092054","36.3772476954456","28.6071222036731","27.1285708419144","31.8495151353637","32.4403031717161","33.1165409234532","28.9267003168318","23.5716876754243","24.1002948895559","22.9300812740262","23.4371599346403","23.1510485034084","22.5034636623844","18.7003879797908","17.7471260278891","16.3037194500814","19.0738506927683","18.7699259021926","16.1067675673921","22.3168597519111","19.4545288321372","","","","12.2690795067829","12.7778596391274","12.9961434560631","12.9615882407312","13.574805704388","13.2771903800932","14.6549252134523","12.8369670406156","11.5986603335288","9.65759830439734","10.1784986060198","10.0373202172465","10.1948974654202","9.79125134250488","9.66901447748073","9.10342590194417","9.99166664180304","10.1641706951383","10.8976224995154","10.2461728123189","10.2282583200801","10.7089396094609","10.7489675789558","12.0219858274628","13.2004822744259","12.9130564408904","12.9967702963223","12.5987871064892","13.7752210010945","",
"East Asia & Pacific","EAS","Food exports (% of merchandise exports)","TX.VAL.FOOD.ZS.UN","","","","","","","","","","","","","","","","","","","","","","","","","12.4550938749764","10.9457769107008","11.0367491662032","11.038658567917","","","","","8.43301097526956","7.96467320550413","7.73423941456324","6.76175243149288","6.7981971369282","6.61918016056577","6.26771990801485","5.92498804262362","5.13550762177216","5.32657056682651","5.28184083497673","4.91764777316216","4.6443363749838","4.19909838358664","3.91537460965841","4.06598402199488","4.28306008021806","4.62898939821273","4.6812490221642","4.93016544763574","4.84717397724376","4.79414345442033","5.15499361154022","5.49271839714596","5.33892257302205","5.08122599598787","4.74167162380439","4.79061157333426","",
"Europe & Central Asia (excluding high income)","ECA","Food exports (% of merchandise exports)","TX.VAL.FOOD.ZS.UN","","","","","","","","","","","","","","","","","","","","","","","","","","","","","","","","","","","","","8.26955524668289","7.25808590118168","6.54277778262508","5.95817963707936","4.52205479022316","5.13983856221454","5.30642633949978","5.05514184945939","4.55123006852696","5.01626208267492","4.64407711121678","5.15770455466661","4.86680605137232","6.86681825666633","5.95167199156646","5.85525416931315","6.92054810967622","7.43066839507034","8.13798225607245","9.28215744144142","10.1457165379851","9.72182965277509","9.42479703602009","7.90146584854241","",
"Europe & Central Asia","ECS","Food exports (% of merchandise exports)","TX.VAL.FOOD.ZS.UN","","","18.4869605474625","15.885110795191","15.2971081963389","15.1802301966826","14.8923985312555","14.807508348418","13.7874081079132","13.5072091041243","13.2606475207647","13.3384260954261","13.2736426766737","13.245835129144","12.0368147907807","12.4550198792154","12.2621031672699","12.6002737377096","12.5644805966446","12.1430363123075","11.9218168364433","12.4177868916124","11.9957068407753","11.6618180566137","11.2677828067123","10.8972945673622","11.350229405285","11.2318355059542","10.493197635792","10.4931045535151","10.1853114140479","10.6731115758913","11.2250561022091","10.9350459306207","10.7000787215103","10.2057532677145","9.58078958954355","8.84599937086829","8.58355590185654","8.34203497638122","7.08852336537248","7.32570836248985","7.53427123124003","7.58168597090868","7.21878907232985","7.24913724159602","7.01184352106417","7.24429369303603","7.61000154378591","8.81507154572348","7.94244287703824","8.05830549360626","8.64498517160159","8.69598585538733","9.1132582783795","9.34492981358362","9.71324189272477","9.5480682113243","9.17632297896856","9.22513069713363","",
"Ecuador","ECU","Food exports (% of merchandise exports)","TX.VAL.FOOD.ZS.UN","","","96.4452801066973","95.7393432460993","94.4871940679928","92.1546048758509","93.4417980069324","93.7796623421939","94.2853301284096","92.9615301462568","94.1207185516756","93.1851253503409","76.1999459013765","41.9967552654508","34.477076768413","35.524064013531","37.1519413704975","46.7281252615101","49.9747712031608","39.8205431489899","32.6851193663023","33.1592150845679","31.6649666512777","24.3026009806746","28.6699088345811","32.1126881055075","52.5417856126611","55.4098332257632","","","44.1290129291499","55.1603066540559","49.8920487395145","47.1324055290356","53.9726897723176","51.7575714359849","49.8425701596121","57.0436163528129","62.8376566751393","52.907362212108","36.453492358919","41.9938094686813","42.4946792523657","40.6863737167929","31.3663730348457","28.2230912551968","26.9592968284816","27.1164631927972","25.2330881757105","35.6904665359697","29.8936374096992","29.8199418138244","28.0965269581008","30.5615209416987","33.8001263469739","45.990593594337","51.4162199348837","50.0223888573058","46.414909544458","48.0538090976006","",
"Egypt, Arab Rep.","EGY","Food exports (% of merchandise exports)","TX.VAL.FOOD.ZS.UN","","","","","","14.5914175529843","15.3057116683615","20.6180352855783","24.4611683190563","27.3230161771333","21.2821031903539","18.3883458494508","15.3154874688214","19.1460185852863","16.5539342184757","17.4085196160531","19.7194501818154","18.6007761083997","15.8480054131351","9.59614668940928","6.77762526238047","7.18261140657419","7.41614160752847","7.61870429788419","7.34004495255941","5.59523266018318","6.82492881904422","11.3723631334309","","","","","","","8.29846346645567","9.89547154926275","10.6100029191625","7.64153332541407","12.1786292007739","9.02263986192162","7.99695319783576","9.96207399289207","8.75393398758621","8.50181117314725","9.76909693083327","8.75229081898031","6.52907405268721","7.87642659782855","10.7296670307806","16.7803332701968","16.5421172006494","14.2059163777183","13.7284235683839","15.8995100906461","16.752628348816","20.6168873733641","20.2488009117791","17.6054747876106","15.7935869480794","16.5605168970426","",
"Euro area","EMU","Food exports (% of merchandise exports)","TX.VAL.FOOD.ZS.UN","","","18.7213841991449","15.5794794849119","15.0910583690344","14.9536618499253","14.1366656362543","14.584680719235","13.658835171294","13.3308208741921","13.2605594307085","13.2950747364285","13.1431964368604","13.2606581112193","11.9716857008374","12.4956959628461","11.9465223629274","12.0596743390962","11.9311837396216","11.6159977149234","11.4435893955507","12.0759554187751","11.724573613909","11.4382825042375","11.3358081247946","10.9889082398665","11.1542385428991","11.2504372421969","11.2358011446449","10.9466120225544","10.5990518078341","10.9193461654491","11.2640680391456","11.2231606313467","10.9409054884611","10.4129723034461","10.2161288943611","9.3844220141963","9.29513222393087","9.21595497657745","7.84821859265368","8.08254507927034","8.38118259956284","8.44462452165186","8.042176681694","8.03269056656126","7.82786478952429","7.97201052493999","8.56336526901314","9.63796148273366","8.62764744343775","8.89487055214324","9.43762820138672","9.41334907401848","9.7606371188307","9.8657823454957","10.0650948751158","9.95530983614852","9.57172799246984","9.68818044275042","",
"Eritrea","ERI","Food exports (% of merchandise exports)","TX.VAL.FOOD.ZS.UN","","","","","","","","","","","","","","","","","","","","","","","","","","","","","","","","","","","","","","","","","53.9147462660051","26.1456810544527","39.3123286625764","41.9866584953993","","","","","","","","","","","","","","","","","",
"Spain","ESP","Food exports (% of merchandise exports)","TX.VAL.FOOD.ZS.UN","","","55.5006437010734","52.085099782735","52.8524240803439","47.1724394219543","43.5591769590415","44.9803445305429","36.5892897522823","33.2638713009129","35.1180395709624","30.8443049912754","27.9438441475352","29.2937562768918","24.046797834483","22.2264407653548","22.5190332752583","21.1672661037447","19.7068041459027","20.2940356454635","17.9786997811889","18.5373219997414","16.1265012994305","15.7444325630386","15.6461411700065","14.8879147947938","16.3380931879952","17.7835236832295","17.2249030904608","15.7603295074084","14.7279596282888","15.4322952630495","15.1923011419197","15.9089401170072","15.8375760039318","15.425367842163","15.5216518064403","15.8496324998484","15.2544997014721","14.6038160372133","13.5491486297942","14.5691864568819","15.0548112696856","15.0685285144654","14.5010597588314","14.1039109394394","13.5490005395714","13.4850568353799","14.2842924935456","16.0209268025585","","","15.2932994634585","","15.7430091633907","16.4896931886765","16.9908613780795","16.8085034675394","15.8678857242765","16.4237974224528","18.9617061404805",
"Estonia","EST","Food exports (% of merchandise exports)","TX.VAL.FOOD.ZS.UN","","","","","","","","","","","","","","","","","","","","","","","","","","","","","","","","","","","","16.0917226993512","15.4266258926919","16.2542370693444","15.6395990825106","11.0237304594886","8.0270517515576","10.0779974030381","11.7273547901966","10.6419632221097","9.32452940908766","8.09073813126767","7.53270662150665","9.29287113299447","9.2287213209508","10.1487875797563","9.89272334087754","8.91540456938305","9.37937585653035","10.166457209613","10.2673654587123","10.1702569822214","9.98202658826164","10.1401077484848","34.0711501757826","","45.969525132969",
"Ethiopia","ETH","Food exports (% of merchandise exports)","TX.VAL.FOOD.ZS.UN","","","","","","","","","","","","","","","","","","","","","","","","","","","","","","","","","","","","72.5351764548267","","78.5581410449847","79.5885820992233","73.9379446530281","66.5402098316493","61.1328903171677","68.8707920278118","62.0322854394381","66.7017831088423","75.7602064013034","70.8576615878355","58.2574095630986","66.4980849662356","71.1439576423856","68.0426216726657","74.6577694020573","76.2726683071951","73.1015144985803","79.3866737173787","77.4803449126458","83.6514029991971","84.9351537521902","88.5155671701576","","",
"European Union","EUU","Food exports (% of merchandise exports)","TX.VAL.FOOD.ZS.UN","","","18.985461463519","15.9836386735573","15.2718833741029","15.1050360841766","14.8508468013162","14.6573662542674","13.6928573319358","13.3060945307119","13.2030479984437","13.2824554320968","13.1012116112226","13.201796923176","11.9805067746523","12.5023067445663","12.3453569081188","12.4446271580394","12.3367676372103","11.9789894570266","11.8422594788104","12.4990877429873","12.1927927640436","11.8252586876056","11.6023838882681","11.3507444583703","11.4676238330471","11.4919406419628","11.2636951017042","10.9146754666087","10.5427780162338","10.8942264591174","11.5866889220988","11.2861483892944","10.9830510572448","10.4795663224587","10.3342444719655","9.5377851247723","9.27302106671614","9.0561325655102","7.75931112167694","7.99426530082074","8.20990911584063","8.27088542075626","7.91409064758987","7.93632541698973","7.73138500583706","7.88422978372071","8.45283338404054","9.55353793079151","8.64675067767099","8.86402173099956","9.4363974506534","9.51211758069045","9.78723990773396","9.88483176323404","10.0803408199071","9.96620823736852","9.58569484275651","9.83227166302147","",
"Fragile and conflict affected situations","FCS","Food exports (% of merchandise exports)","TX.VAL.FOOD.ZS.UN","","","","25.2754649356518","","","","","","","","","19.0999339494212","17.3587854015941","13.8102420772705","14.3853130401739","12.8372981727187","","","","","","","","","","","","","","","","","","","","","","","","4.6923023084411","4.17751353330431","4.87537890933736","","","","3.2720482562248","4.24156779550858","3.30309234183833","4.75684634228448","4.05117255770094","4.76113649351491","5.55529909650215","4.95394462735048","","","5.52948369694944","","","","",
"Finland","FIN","Food exports (% of merchandise exports)","TX.VAL.FOOD.ZS.UN","","","","3.66333063562617","4.4153332061472","4.01069523251587","3.93701075803617","4.06797283697304","3.51599644058735","3.70959832991533","4.24058174594418","4.96504260261074","5.01481964150366","3.86495496492245","3.47889575561453","3.47617593662448","3.81357745077482","4.12276329032994","3.11992649518061","2.87159083378468","3.09364079151423","4.32579518883733","3.34806391733838","3.76387893120253","3.63275767783118","3.37322524524744","2.66640347750554","2.31434687234731","1.96269735201489","2.07416509556548","2.45155753744638","2.53011530659318","2.56951138807417","3.17194147865878","3.44333165750452","2.38925969139076","2.85498279538931","2.88150508997082","2.35114698359137","1.94416208272335","1.69229452691035","1.93057305270829","2.00390101911007","1.99889361966711","1.9675811816268","1.88464472830408","1.84834272170883","2.04733963961657","2.20263865873235","2.32692388898334","2.60578772552057","2.84653150042829","2.91899074318513","2.96384371861374","2.71364326588881","2.43710474780302","2.50240126143528","2.59071051944627","2.32730805509185","2.58162486443338","2.97625071994688",
"Fiji","FJI","Food exports (% of merchandise exports)","TX.VAL.FOOD.ZS.UN","","","","","","","","96.1095329789235","94.3383323889694","95.3237519355938","95.642620059535","95.6285949033353","95.9086608455671","92.9904007109151","94.9831070814664","96.9298665254007","94.9414930468632","96.3337368605237","94.340894367901","95.7221707986127","95.8574177714853","94.5797473671253","93.3468926911422","93.0452742212383","90.9458461428425","88.4670592278023","88.0393112561074","85.1076260932428","","56.5973641752925","51.6365272959044","60.0266605815838","55.8310696658209","52.6515795037291","54.3633020034149","","","","","","41.2429884403512","44.2473794526417","49.1236308233549","47.9128612599327","46.3122652056509","59.7410062206763","63.8826430575065","65.6747279404793","67.6650099304431","66.9606828039969","54.4509523949161","54.9705910641469","57.3133486759009","58.8853372736527","61.0934163829529","58.9691020468201","57.705483778782","65.5072904866106","57.8806112054448","42.6311597838847","",
"France","FRA","Food exports (% of merchandise exports)","TX.VAL.FOOD.ZS.UN","","","14.463805376507","15.9924709823921","16.4958357078165","16.3842503940446","16.2839349245012","15.9656382022266","17.0817788644392","17.6511677577723","15.8031909786676","17.5120304116685","18.3401946229021","18.9525862979597","17.4078055102252","15.6364346114638","15.2558774703047","14.571186502177","15.5514827540644","14.8405153965374","16.0519879185781","17.0040804395312","16.5003848064612","16.9126859693993","16.3911816657163","16.3177971949473","16.2977144294009","16.1765080954453","16.4600946763373","16.2517403400467","15.8075514791212","15.3212020365852","15.5280634740229","15.9366912698358","14.8191575992353","14.3674119813595","14.0166463013319","13.6452391815862","12.7633434899655","12.4189868973975","10.971656873403","10.6299792682711","11.2258517067468","11.6176245627125","11.013873990336","10.7052391879654","10.4566091691654","10.915336577261","11.5633296210052","12.3995081513111","11.9637211983532","12.6515820104583","12.5678371977338","13.1514398818012","12.6684874422452","12.6447325220924","12.4319611857419","12.5457741611797","12.3120933890898","12.3511915001067","",
"Faroe Islands","FRO","Food exports (% of merchandise exports)","TX.VAL.FOOD.ZS.UN","","","","","","","","","","","","","","","","","90.0355425123756","92.7729288560246","92.3667949200627","86.9425176507987","88.2214684711828","89.1762162177686","94.7905336014931","96.7200988484835","93.5394121084712","91.9760997800007","91.3872287552128","78.4438081486809","85.3151120143145","90.9245262369295","92.250982292348","93.6908830669824","89.7075074876593","95.1019722383035","95.91205307964","","91.1436389555324","91.2828255191889","91.1800802673574","93.4206605658571","89.8508946128777","95.6431045177552","96.1324212608258","92.6797374745455","91.6803901642334","91.6326528292536","91.7758590866802","90.4088784547804","79.1594700527506","88.0469190701389","","","","","","","","","","","",
"Micronesia, Fed. Sts.","FSM","Food exports (% of merchandise exports)","TX.VAL.FOOD.ZS.UN","","","","","","","","","","","","","","","","","","","","","","","","","","","","","","","","","","","","","","","","","","","74.7321395926516","82.4117043876239","79.1438292477599","99.2193114294153","98.5039352340378","97.768480336808","98.9658038905421","99.0978632102571","99.0203289063244","99.2487265979743","99.3848720329704","99.1909328698673","","","","","","","",
"Gabon","GAB","Food exports (% of merchandise exports)","TX.VAL.FOOD.ZS.UN","","","2.54996024580168","2.00823255317537","2.3647999511292","2.01210699856887","2.2034018620395","1.94956281395974","1.94975108329417","1.68886044180252","1.75050578519544","1.31011084532109","","","","0.289317835243632","0.157913930427865","0.680927243600284","0.20462970347847","0.328061456816976","","0.622587668792473","0.418434054524366","0.417073988495346","","","","","","","","","","0.172756349690744","0.10324160676476","","0.183653828468597","0.411019157093412","0.515852333479162","0.70412687322841","0.844667131932374","0.817874643444993","0.640560613263303","0.505558324978855","1.24990971793586","1.12410630233567","0.838987297574694","0.636209490523714","0.412868013180932","0.755747212054405","","","","","","","","","","","",
"United Kingdom","GBR","Food exports (% of merchandise exports)","TX.VAL.FOOD.ZS.UN","","","5.99412687510439","6.46542882642616","6.79364230668585","6.45483888443402","6.61529507921544","6.7015259236251","6.55143962311018","6.03868147023682","6.50836287583948","6.52827501066218","6.90240666429803","7.19246294013713","6.661867098453","7.37519320171484","6.76102559791645","6.92272916649593","7.98091640083446","7.07229493086331","6.7696099394313","7.34280142273519","7.25905884468375","7.16124454507132","6.87768910499015","6.59483859048265","7.89652683688706","7.44528896030502","6.94004332870292","7.12190004878509","7.0115431609558","7.97123672120906","8.13723907567533","7.74057681665272","7.55299030454623","7.61029295882664","7.01610833480393","6.64737159437065","6.40258279682501","6.08286418678788","5.28603899121592","5.09666727026779","5.40005655208821","5.90253464690258","5.67336016235085","5.11620092593381","4.64404360947325","5.49278214937193","5.48715895920087","6.48499820620619","6.12218631819376","5.91768112437844","6.191259996279","5.63814118807659","6.36091676755326","6.17566999096411","6.83366061196133","6.64400675557235","6.33004523263535","6.66646682176964","7.0957982042749",
"Georgia","GEO","Food exports (% of merchandise exports)","TX.VAL.FOOD.ZS.UN","","","","","","","","","","","","","","","","","","","","","","","","","","","","","","","","","","","","","29.2931213622966","31.7354169280105","33.9125031811149","26.2654843975504","28.0308077479976","25.4645262181591","29.765781990309","35.1997117347582","31.0345437388266","34.9029868188322","24.9426087326948","23.9992636346794","16.5079094189121","26.2766269316004","19.2304062662097","20.5006705743002","27.5802212756482","37.7720956032344","39.8991345181897","33.6219176039721","35.6384945478467","30.9408659928199","30.632255747903","37.1930873996605","",
"Ghana","GHA","Food exports (% of merchandise exports)","TX.VAL.FOOD.ZS.UN","","","72.9146897422264","76.727621974972","72.475762653442","73.8291604513613","70.5164505195168","75.0685640320813","71.2714915813704","63.1236808250467","77.7471143246992","73.1367218994701","67.1775126202326","64.6146739098504","74.2256049270946","77.774535042125","70.2524328960498","75.5324258884701","76.6650560976541","81.92358386205","78.4229931028054","51.3315590580708","61.6177127618286","63.2385165693088","89.5982240322859","","","","","","","","29.2810084755961","","","","40.8977819998973","37.4188783508645","56.6015735925429","51.030319304385","30.1455745492457","33.2685990468478","","40.1737817595415","52.0139106724686","37.1333356601733","41.9422251952546","36.7226255512781","34.9150837046938","25.5868415343578","21.6255988073969","20.2034173851481","16.6766833866178","18.3996440259554","26.9518401339979","34.7618505012333","29.9767509644143","23.8521150624195","26.0573687317526","21.9804915129139","",
"Gibraltar","GIB","Food exports (% of merchandise exports)","TX.VAL.FOOD.ZS.UN","","","","","","","","","","","","","","","","","","","","","","","","","","","","","","","","","","","","","","","","","","","","","","","","","","","","","","","","","","","","","",
"Guinea","GIN","Food exports (% of merchandise exports)","TX.VAL.FOOD.ZS.UN","","","","","","","","","","","","","","","","","","","","","","","","","","","","","","","","","","","","7.41436397929467","3.61426166102397","7.30668816129032","3.57514353584962","3.27489966228155","2.50363340293336","1.94683351237485","1.50450263994319","","2.7648294795407","9.19822587412924","10.9667022931787","3.25502779109926","1.69274905755107","","","","","1.81143693181784","3.36190360286029","4.50363924588296","4.3259009901766","","","","",
"Gambia, The","GMB","Food exports (% of merchandise exports)","TX.VAL.FOOD.ZS.UN","","","","","99.8315363312094","","","","","","99.7940791945505","99.664683147666","99.5090835580082","99.528059840152","99.4633522620531","99.7392724050431","99.1643447886582","99.0802998996585","97.8498025766097","97.7065716430536","98.9317227710498","","","","","","","","","","","","","","","59.7034897536421","63.8929155910698","68.0663139317127","90.0398649687377","84.5015316591447","87.5006523977724","92.2067095829676","97.8645604126096","85.9495761666851","96.1881529078095","96.7340513587541","94.144710893805","93.8532900742355","75.1737291041452","81.2880149356136","88.9757477448313","83.2179512429282","54.0891225352681","91.911955505646","49.4441022113445","82.4691526979466","86.8558888364661","73.390209797813","86.2427246979966","44.0674096104444","88.3215858475815",
"Guinea-Bissau","GNB","Food exports (% of merchandise exports)","TX.VAL.FOOD.ZS.UN","","","","","","","","","","","93.5875051301112","90.7094480860249","90.1649983345349","","","90.6542221800936","86.1439982598218","","","","","","","","","","","","","","","","","","","","","","","","","","","95.4377801688284","98.7947537985076","98.6600271526531","","","","","","","","","","","","","","","",
"Equatorial Guinea","GNQ","Food exports (% of merchandise exports)","TX.VAL.FOOD.ZS.UN","","","","","","","","","","","","","","","","","","","","74.6833142343692","87.7518329028006","73.9343959705812","65.0777648302541","57.8669430102818","","","","","","","","","","","","","","","","","","","","","","","","","","","","","","","","","","","","","",
"Greece","GRC","Food exports (% of merchandise exports)","TX.VAL.FOOD.ZS.UN","","","58.7710759411954","67.5177189104737","65.4454395726782","66.4211453322154","62.5579825536504","61.0322048053381","53.1682645198886","45.974782933327","41.1975030371978","42.2311374205691","42.4177503259517","30.5465605614448","30.5348364624036","32.3212325267756","31.7954808362962","32.6295681497415","32.5469184950796","29.8212740961763","25.7562224001957","26.5141590402543","29.3470572276759","33.1203354843138","30.4377658437465","28.1705763027874","31.5706502743194","30.0539208010092","24.6195123088293","30.5281673545718","29.5100792073497","30.4977986706659","33.537755343683","29.764197260975","29.4544079291173","29.5385997173526","29.606932566358","27.0521479299147","27.396005301694","27.8966202021133","21.7674801498561","23.7802677824712","24.0068285221491","22.0352812654774","19.9633969063665","21.9733647019703","20.2856011756357","19.9479399089477","19.2997108450102","22.6838631524528","20.1598991083246","18.4549757163658","17.0969519097744","17.7549173506525","17.4143477436674","20.7827127910704","22.6961842768154","19.7687513146985","17.9977997331806","17.5601457123675","21.7272858869253",
"Grenada","GRD","Food exports (% of merchandise exports)","TX.VAL.FOOD.ZS.UN","","","","","","","","","","","","","","","","","","96.0971833454125","95.4000431846014","96.8329534106695","92.2331548033073","","","","95.5064590979835","95.4541626250873","97.0401158088183","96.6505180622802","","","","","","80.2101295043","84.1197622609584","84.8777896422693","86.9900335830875","78.4582883263697","55.8345527443513","85.1835414245913","35.3989365550979","48.7771518167312","75.4945734285373","76.3074698994749","81.4193822122577","80.3093285979362","73.7043405074143","43.1442923558798","58.4137730494178","","","","","","","","","","","","",
"Greenland","GRL","Food exports (% of merchandise exports)","TX.VAL.FOOD.ZS.UN","","","","","","","","","","","","","","","","","47.3478772728021","52.4917309618332","54.943061087182","55.5030779515283","66.6940291578575","70.5668296371708","60.9552717355121","64.3475893128423","60.4833164451219","77.448399579138","81.076616268198","83.3435774145454","78.6147605896718","77.9825641196729","96.0708457538507","95.3159597194067","94.6898471972882","92.5337972084442","93.6525097489273","95.0703504438468","91.0572557291384","91.8086134479003","93.8788592516214","94.6229990777714","95.5145279167173","88.9611922679817","91.4647815744294","93.2808942312951","90.7175440896712","87.4107471998028","84.1789465652726","73.7614244043324","77.6163965295187","85.173900030114","87.7201476855858","90.3394722316718","90.6977986972075","82.3173399865845","91.9108231407361","92.7757561819582","88.6337383906919","89.9799388151653","92.3440191382662","","",
"Guatemala","GTM","Food exports (% of merchandise exports)","TX.VAL.FOOD.ZS.UN","","","","","","64.4384481972728","61.8387433233521","58.989100943093","55.2859892799348","55.6929856915578","58.6549265687502","59.800925825453","57.6690993145317","58.098961699949","56.1486571914441","58.4679617804971","60.0198268776231","64.7285984465693","61.1040787801975","52.1182309466107","53.4461269294939","54.0394951196047","57.9999411108261","59.9562661866673","57.8496534867602","62.2751005631028","74.9327682692926","67.9188776618154","","","","","","62.8125327899061","62.0381432437553","65.1789674995997","60.5534538949631","61.1371003895078","60.7869498307675","57.6723911632718","56.1810283472268","51.2015388269541","48.1905193764562","47.0185686423078","45.2311473435757","33.8221143709804","49.7989031781042","37.3271301101046","37.6746383711834","44.2776230991144","42.0382684003081","40.5419460043754","44.0942725081391","43.8080571302767","42.3465486214281","42.763896634617","44.9421854070035","47.6372959590658","47.3058154297067","48.1840931902534","51.4249134287962",
"Guam","GUM","Food exports (% of merchandise exports)","TX.VAL.FOOD.ZS.UN","","","","","","","","","","","","","","","","","","","","","","","","","","","","","","","","","","","","","","","","","","","","","","","","","","","","","","","","","","","","","",
"Guyana","GUY","Food exports (% of merchandise exports)","TX.VAL.FOOD.ZS.UN","","","","","","","","","","","42.0262193049395","46.8887593328345","50.0778461912273","44.3819881418288","62.279022983047","63.6981617511931","49.8213621510694","41.7094736169059","48.3925629052316","47.3701915981171","","60.7407414922093","","","","","","","","","","","","","","","","44.8620352688429","45.4484557046819","50.1205352604904","43.5661304406739","44.3571345747134","48.2416343139091","47.5261913420308","42.4277497256172","54.8486615510982","51.5715748088898","44.3549832486905","45.6664800274088","43.4585838413724","39.7970616675357","36.6627463036722","29.2989182560858","37.5080585210478","41.1947968268025","40.5019846221054","32.5050203647234","33.3675427609264","29.3606362515457","","",
"High income","HIC","Food exports (% of merchandise exports)","TX.VAL.FOOD.ZS.UN","","","18.6173413209585","17.142333574607","16.9955244706238","16.2592865176776","15.8093886639447","14.8818396006191","13.0872242714881","12.1995202045723","12.4833142513013","12.5534967072371","12.1622081578288","12.7801443080789","11.3807427051429","11.7652186344027","11.278938879188","11.4600395838896","11.0840061945606","10.8281179040654","10.8447568679043","11.1224539610847","10.7753760709121","10.6209434169331","10.5467127411783","9.55308874286419","9.94340947256014","9.68512731569238","","9.08867857941287","8.87244909222062","8.50044015982076","8.75995851127831","8.64750054331602","8.47497428452263","8.1807032385161","8.17220998374666","7.78822761987239","7.26950718005179","7.01160184004612","6.11121732279324","6.4102511361229","6.54316368701518","6.56126702425197","6.31298111651031","6.13918206322817","5.86978402101186","6.10934883004779","6.56047707354759","7.42405272796398","6.96492267313319","7.0652884717445","7.45548769304954","7.44904899993212","7.86580312213161","8.12351721297141","8.25791528755495","7.98197389203926","7.68886418067664","7.82284385110767","",
"Hong Kong SAR, China","HKG","Food exports (% of merchandise exports)","TX.VAL.FOOD.ZS.UN","","","6.21905629842375","5.44014335682377","5.03350489076943","4.09266567387396","3.42552240039396","2.85074660260386","2.59222991887282","2.36725082312325","1.97325364968268","2.09353760210709","1.92475761934633","1.73660447422896","1.53010302159014","1.78301362223578","1.83276854507012","1.95651082331938","1.89029807298893","1.64916521762242","1.37454194932781","1.51271155829936","1.62424480301163","1.69938758541227","1.47776030661071","1.90220105979829","1.80318697534402","1.6793884343363","","","","","2.46383495619498","2.46974979649361","2.69295460991444","2.61588078359125","2.78889882382924","2.91442674260843","1.88151444474555","1.65636389235239","1.54024025929132","1.63185565886666","1.92200431102074","1.8722301051512","2.10155632807538","2.10376659336523","1.95511366923801","2.65564085709703","2.90844922777573","3.04986607607573","4.08560385158832","4.14164847970282","3.51608727203052","4.22345186012628","5.82426720812754","7.4874039318264","3.74623863664075","2.09192973865466","2.14470197590508","2.05982291806412","1.48777169661057",
"Honduras","HND","Food exports (% of merchandise exports)","TX.VAL.FOOD.ZS.UN","","","","75.5408732014104","73.7394184135689","76.1530950316881","77.5596236128051","75.9479438536294","73.371578530657","71.4988135221716","71.7700910386345","78.9542919808079","74.0661436449716","66.5223639642946","54.2748837972568","58.4657111979273","69.7213545741556","72.481416986993","74.1729606560946","74.0889768118523","75.1044855661117","76.3631735381796","78.8261427712962","77.3762663889478","80.6893429652325","84.7323525133245","89.4355132952857","89.1441522727437","","","","","","81.8175721910744","80.0191907613044","86.8758954733026","70.0571611045965","65.2547072832406","72.1446022391106","62.3937770540642","65.3356749321305","66.2728533115239","61.5336320053658","61.3085485768162","62.7790804663466","64.4969230105027","57.3989133430513","52.1207152037953","","55.2591694738429","54.110634094926","64.8905798678421","54.4855460205506","","52.7578271158667","59.1975565821156","60.8038709408377","62.8026159664919","59.9319435060137","71.0664040571222","",
"Heavily indebted poor countries (HIPC)","HPC","Food exports (% of merchandise exports)","TX.VAL.FOOD.ZS.UN","","","","47.7188367148756","47.8649151641408","44.3160327508919","43.2385866972476","43.2920861319573","45.1342956838783","","42.1331834394039","43.4249786717813","39.024301687554","36.4716366193326","38.4925961227977","39.8326560010439","42.8488656240276","46.017000532277","44.9573516746322","42.7194955759464","","","","","","","","","","","","","","","","41.1249779016333","44.7421932727389","44.7399468708072","49.1420955787703","48.0488730495595","36.2419628060928","35.1345469070176","36.9293276488229","35.7767200669096","35.0889001583584","31.4421353733143","30.365520737791","28.7030839712357","22.9960856819487","29.1328010022126","26.1663459555017","26.9756887920557","26.3675405592724","23.9056644145101","29.0192384844922","33.154390843683","34.8249022534142","33.9043218553598","34.2827335657114","","",
"Croatia","HRV","Food exports (% of merchandise exports)","TX.VAL.FOOD.ZS.UN","","","","","","","","","","","","","","","","","","","","","","","","","","","","","","","","","12.6486249425216","12.1570007766283","11.1780671566765","10.7513681085268","11.3904715838758","12.0682646552098","11.3849754314877","9.50375373961599","8.88848654487461","9.77587459217329","11.1231476779081","12.1556795589267","9.02199245932951","10.4600671240907","11.3560014479799","10.4577436036","9.75750128758009","12.7895598106888","11.2992572971165","11.4477209902081","12.6681065042622","12.0843474305297","12.3254074915353","13.1821374760279","13.9382771269579","13.3505029063299","13.8210303444898","14.1683580028861","",
"Haiti","HTI","Food exports (% of merchandise exports)","TX.VAL.FOOD.ZS.UN","","","","","","","","","","","51.7061971418008","53.7427867505614","51.6645454918488","52.5579855827723","45.0241594085823","42.2786178356308","44.5717947883491","50.7768731932579","48.353179716173","35.7076751632362","","29.5053276241105","","","","","","","21.9692922474854","27.2304116544244","13.9041455799002","14.5798525088285","16.6054568773203","13.8265689876193","24.4235258405221","37.4753160888169","22.3428834919238","15.4617974604654","","","","","","","","","","","","","","","","","","","","","","","",
"Hungary","HUN","Food exports (% of merchandise exports)","TX.VAL.FOOD.ZS.UN","","","","","6.97945487274651","6.38631817145299","29.5149574939415","5.99414300580078","5.64087683888093","5.08805700653949","5.2422163472216","6.32081363132135","5.2329726573058","4.73489968071092","5.46802794529849","6.01469018125912","22.8494341293361","22.8071351024891","21.4617423044276","20.7213041223506","22.2397066350448","25.0826593624857","24.6285812853374","22.7798543838402","22.3849605931373","21.0111917171381","19.7778226721292","18.9513922656426","","","","","23.8727780775272","21.6288013708951","19.7250184698972","21.4364283180988","20.1905932241635","14.0078277852529","11.2576851462434","8.60648085697108","7.34820310888679","7.80853807460158","7.29964306582283","7.10124739161712","6.60538508073777","6.24826898078279","5.73617542519448","6.45248320477441","7.15332371522547","7.86173645843238","7.58903941906898","8.03107198681811","9.1187792329724","8.90867769372444","8.31443448569339","7.97480752734069","8.11925503223159","8.36126384666518","7.76984395972106","7.97634253723519","",
"IBRD only","IBD","Food exports (% of merchandise exports)","TX.VAL.FOOD.ZS.UN","","","","","","","","","","","","","","","","","","","","","","","","","20.2291095477824","19.4068634639152","20.3798884008822","19.1353878186423","","","","","14.6458729080808","14.1648822509461","14.2529113489055","13.4003632045612","12.4498367828475","11.9998215252638","11.6402639665261","10.5935611059682","8.8790996002738","9.46026917097007","9.43675577805054","9.31398136026085","8.47357551566548","8.20522790849704","7.69239387466831","8.09854352616728","8.50532164680476","9.4099123444049","8.7103797232696","8.78563048050915","9.15334598421413","9.33708944136245","9.89080572847761","10.5569972551244","10.8745393649004","10.8826572874198","10.2524585034925","10.5196632838686","",
"IDA & IBRD total","IBT","Food exports (% of merchandise exports)","TX.VAL.FOOD.ZS.UN","","","","","","","","","","","","","","","","","","","","","","","","","20.2706951884233","19.4521676972432","20.2956469385967","19.0207036458415","","","","","14.810363911908","14.3395883478075","14.5955310260971","13.9741057384765","12.8200778299544","12.3834623524213","12.0901113748964","11.1104879789055","9.26729745149085","9.78002605632157","9.73798873832554","9.64767554909464","9.00134431785521","8.66799279900756","8.00953369765555","8.42993702109745","8.75875115549042","9.78869586974268","9.06369585406503","9.11309912235241","9.4706592962981","9.60166618901063","10.1964644922737","11.0101410989003","11.2458533926803","11.2231047909783","10.7185470718421","10.8931969254191","",
"IDA total","IDA","Food exports (% of merchandise exports)","TX.VAL.FOOD.ZS.UN","","","","","","","","","","","37.4214125296464","34.5488732764208","28.9705646483318","25.7968110192355","24.4167115641394","24.8740428991013","27.1939482059786","25.2294166117065","26.2348045503285","23.6003761924152","","23.6044974854668","","","","","","","","","","","","","","","20.8301923853009","20.8172505499786","22.0367022997152","","16.8123869461914","15.8439346298692","15.6256768188418","15.904396537322","","","14.2925448196652","14.8295460673227","13.5298342123857","16.8872718075494","15.4994432127713","15.3066468903677","15.6244489684753","15.0306449972225","16.8985021439834","20.0403368496287","19.4785034949167","18.2810520466244","20.6722362145217","","",
"IDA blend","IDB","Food exports (% of merchandise exports)","TX.VAL.FOOD.ZS.UN","","","50.9022809082593","48.9662336408745","47.6372552113884","42.5416162383844","37.8675324258982","41.818678312929","49.4422795859788","36.9521134552334","28.4168351197488","22.9864233213844","17.5277873745344","16.468364386256","13.222042145357","12.4923509149394","14.6297502806562","15.5012472636415","15.6842206756456","12.5896058697322","","10.8943274446302","","10.8627708896675","11.7791071702145","10.6414705730164","13.6763942270828","10.6845901805971","","","","","","","","","7.6632135738625","6.55109027399375","7.15524293750694","6.9545206948102","7.2519198727499","7.26483650274631","6.28166195958621","6.46862747870551","","","5.45300410445159","6.28482316520101","7.75467508513437","10.1809358145505","8.71905231454676","8.06614429389887","9.20847101570419","10.2225148468705","6.45494970265278","9.11027185206937","8.87795696479747","8.30941334212289","8.34308710491403","7.84549369270854","",
"Indonesia","IDN","Food exports (% of merchandise exports)","TX.VAL.FOOD.ZS.UN","","","16.8253820056535","","","","","23.5191711992169","23.9236428537831","16.2688783090221","19.5607290603566","22.1276840775996","16.9975147705317","12.5842487197617","8.05640157716112","8.05807497145751","9.11998387072742","12.2335998098062","10.8467900518227","9.6033539845112","7.6483092415601","5.0764274699859","4.86241477859482","6.1649268689195","7.27386055996462","9.96392439224463","13.5894862227275","12.183781999262","","11.9016792132732","11.1125606109756","11.2106886979131","10.1907649513246","10.7845206353891","12.7072191099321","11.390517634552","11.1840126438948","11.3745038916171","11.2932973524773","11.7503772431933","8.8956445383396","8.88201450667709","11.4527832534225","11.3303272454928","12.2533497281079","11.658850824691","11.622335395659","14.6193220299025","17.5810479621083","17.1638619231807","16.2439267370239","16.1502607048828","17.7295005309679","17.4956785180993","20.1033636714827","21.4517812045721","22.2766600424044","23.1836683799841","20.4488161174382","20.3034622058876","",
"IDA only","IDX","Food exports (% of merchandise exports)","TX.VAL.FOOD.ZS.UN","","","","","","","","","","","","","","","","","","","","","","","","","","","","","","","","","","","","","","","","","26.9893762398513","24.5291136852945","25.6872912706957","25.4751143539693","25.4736947747434","23.3979266697114","23.1595211966284","24.6381740941152","19.800186317247","23.9434915645077","21.9786954606545","22.9868200265995","23.141095246953","","","33.249039316369","","","","","",
"Isle of Man","IMN","Food exports (% of merchandise exports)","TX.VAL.FOOD.ZS.UN","","","","","","","","","","","","","","","","","","","","","","","","","","","","","","","","","","","","","","","","","","","","","","","","","","","","","","","","","","","","","",
"India","IND","Food exports (% of merchandise exports)","TX.VAL.FOOD.ZS.UN","","","38.8963519920674","39.8648627874995","36.6023683593053","33.4133866845067","32.3800760739336","33.6845421039413","31.9155349962411","27.8168259273525","29.675307433731","30.4198593814107","29.6825357534986","33.3365372242643","32.5560728680838","37.7297097423695","31.5993613675564","32.2149600874442","28.5086673812097","30.8038908856838","28.16665277385","30.1775740208837","26.771072521637","23.9161132613611","23.2678087839019","25.3459734937148","24.4108469778058","19.7211946010662","16.6695970281774","16.3941296355506","15.5783072295003","16.7972029517343","16.179919526912","16.793863541643","15.5277562103089","18.6790965761611","18.5404552919158","17.7632570092899","17.1753730584789","14.4937742856555","12.7907294175608","13.2838533812398","12.7330052345636","11.0578687667013","10.3886899827329","8.96984978738541","8.55626282024585","9.18976112749051","9.94992181835055","7.97883157331621","8.25712923595429","8.95860027313277","10.5448114718212","11.119220989617","11.3379606927398","11.3300093919788","11.1636145857259","11.677212661407","10.5010187212657","10.4144878303347","",
"Not classified","INX","Food exports (% of merchandise exports)","TX.VAL.FOOD.ZS.UN","","","","","","","","","","","","","","","","","","","","","","","","","","","","","","","","","","","","","","","","","","","","","","","","","","","","","","","","","","","","","",
"Ireland","IRL","Food exports (% of merchandise exports)","TX.VAL.FOOD.ZS.UN","","","","63.0879176138668","62.316700727012","59.1145018444817","57.3541543689178","57.9856304533679","53.5072089939669","50.6080472205029","49.367446069874","47.3764873196577","45.2859777132553","43.6268307929789","40.3723117813885","47.1990774341089","42.0460312936443","40.1181764890654","40.6782989167963","37.331926112706","36.5985517576938","33.2818412460973","30.1162454151562","27.9291683062479","25.7353727309876","25.2823106232261","25.940283521801","27.2909971194291","26.6715265498485","24.1296312264028","22.337092340394","22.6702693155671","24.4198246388734","21.905355789667","20.5692638707727","19.3941371499808","16.4529911972866","11.8730286555601","10.1469792475064","9.43584344029873","8.29289960530855","7.25182781178997","7.21915658723417","8.34379223954497","8.3974812300121","8.43932150524997","9.70265240786359","10.1416392730891","9.68450458399124","8.75691587192254","9.05840181504902","9.7822606095586","10.0627814035706","11.1817290809472","11.4116604364665","9.99862843363231","9.66039912035142","10.4700424100652","8.95744450422045","8.87309067801359","8.09460214863077",
"Iran, Islamic Rep.","IRN","Food exports (% of merchandise exports)","TX.VAL.FOOD.ZS.UN","","","","3.37109175736344","2.72408260556526","3.41827273969308","3.27890123364689","2.58530508222985","2.9509297283079","2.81944224964317","2.57140244636705","2.51591986602254","2.4779930675671","2.4465646275924","0.503786114436326","0.550650026606211","0.430646815254474","0.237666991730875","","","","","","","","","","","","","","","","","","","","3.57789897009919","6.59317227967541","4.10611791079579","2.88457115187864","3.79218509036145","3.72429574611509","4.22036967858411","3.05533861701174","3.51269734053189","4.25360392904011","","","","6.17962427522826","3.67164095939815","","5.45672841142605","7.29612646491591","9.67452464025079","7.34501661513558","5.87051262527317","6.33607627597114","","",
"Iraq","IRQ","Food exports (% of merchandise exports)","TX.VAL.FOOD.ZS.UN","","","","3.96367224656451","","","","","","","","","48.7234240065647","51.8983711375488","37.9078186346608","37.1281860883697","30.8597154259852","","","","","","","","","","","","","","","","","","","","","","","","0.559823081452404","1.12030416717141","1.04181368301887","","0.292022044348296","0.263037879937288","0.17738946565455","0.100622074920074","0.0487737406864535","0.0305093574734266","0.0282246251728804","0.0192283375698079","0.0151052122033691","0.00938907649006564","0.00923247772246293","0.00704311361758234","0.000808881655654649","","","","",
"Iceland","ISL","Food exports (% of merchandise exports)","TX.VAL.FOOD.ZS.UN","","","93.8749004028752","93.9906820745546","93.7907030208368","95.2503178466154","93.593104983445","92.487394740371","91.1487918505274","85.2388694016576","79.9637305822234","86.1477887313645","75.7568847896276","75.8894498883982","76.9176698398188","80.6011309180026","74.6848882157737","76.7701303988443","79.5977990458476","77.9736478080594","77.5157244970247","80.4551816504346","77.7813301626411","71.0525354647956","70.5933522371492","77.8943433528065","79.9186855046853","79.3052166806741","74.7095402478939","74.6972736180282","79.785275798271","83.602072757964","82.9722736640606","82.0814802227775","79.0520348235151","75.5256539936873","76.2520377196857","74.235532115659","75.1248545048188","69.6101451835101","65.2438508230431","63.6386779489393","64.4076636547255","64.1488112157464","62.1440058267574","58.468369941858","52.9578529422268","43.1576569607174","38.1795849720589","43.4603326864199","41.3558314496879","42.5885949804457","44.5799296315664","46.9523936902328","43.8349175464859","44.9895956106252","47.2198270717723","42.6013565704781","44.2737036965581","46.7579591738394","50.7632142679284",
"Israel","ISR","Food exports (% of merchandise exports)","TX.VAL.FOOD.ZS.UN","","","29.3742281520968","31.7607850276386","25.3090710456902","26.7075114887422","24.3281913003034","24.4640597507217","22.9327322702149","22.4113996866868","22.6222004860552","22.575753557702","20.4817817730819","16.879482775055","15.562530577782","17.8902749648061","16.5968299359009","14.9942120927734","13.3188721084342","13.5885729913586","11.6871958882974","12.5539639617904","12.8089946759103","11.7448040593692","10.7810519807603","10.9276092580405","9.36530721482222","9.51851831467139","8.52985244566692","7.72600212577771","8.48088927530843","7.66311590346273","6.55326983958113","5.77158939402139","5.19842377776411","5.3699026911755","5.17872072821978","4.23622190100303","3.92913070176726","3.3679883482679","2.20672090658976","2.40103407328597","2.11983857897887","2.35041065050897","0.996965723844619","2.51010388897436","2.42350638666985","2.74238813770656","2.79888065185588","3.48126095268025","3.13553681894388","2.99511206565642","3.24690114377215","3.25059563538587","3.06799645408582","2.82858147104088","2.87136847720633","3.12066328677803","2.97955727106265","3.17045928337392","3.58237287454376",
"Italy","ITA","Food exports (% of merchandise exports)","TX.VAL.FOOD.ZS.UN","","","15.5036153402791","13.8645759001538","12.0994445377378","11.9991993171107","10.9286429670876","10.5552337796556","8.72404133788824","8.75117560600806","8.53204525099743","8.81584498086758","9.01223143021094","8.40241857041861","7.87010535056791","8.38845153610009","7.63625500787842","7.69191281998101","6.91483514979396","7.74068193845909","7.01699434739588","7.4383068721646","7.42623574435106","6.74411314356934","6.90035198029422","7.45449386282697","6.69992382577231","6.53033441602669","6.57494748809595","6.3122245710258","6.31123035229127","6.88659443927687","7.07669642335136","6.88456802085809","6.74156140471924","6.55805885545885","6.56459755242407","6.38293578054925","6.42098352429165","6.70149692274786","6.10286142369075","6.30928570463428","6.71920408796364","6.80293961759602","6.46794363343805","6.5084562189744","6.34746239631284","6.28662401332515","6.786852703189","8.0569152774947","7.8344512380036","7.61678565566476","7.86289578754937","8.13802828651582","8.24523472276648","8.68063665491025","8.92912024034776","8.98055794634792","8.98694000199144","9.36349087489988","",
"Jamaica","JAM","Food exports (% of merchandise exports)","TX.VAL.FOOD.ZS.UN","","","42.7774344650876","50.1255082783011","","","","","","","","","25.3314590786462","24.3111989111977","19.4818304619535","28.3030054294109","21.1778051582952","20.2628860129341","18.6273298022078","16.8654294517548","13.710348282965","12.8310568418191","18.4402843121157","22.7641333909173","19.3340463497477","26.0604384674359","27.9817844847363","26.6192132376262","","","","22.504014007124","23.5441807113434","25.3937966148347","21.1789772239766","22.3342793411634","24.1315037583891","23.6868879340581","24.391946742816","24.2423358051171","22.6435522734809","22.7917037068865","23.0324971957349","23.1489002818713","22.6263132269551","17.4937435263652","16.8216550885685","15.7046841491654","14.7264118945575","27.0727873917779","24.5398839747457","22.001787530305","22.2552051983277","21.2863814827253","22.0894688243274","18.4867329791592","27.8587944493083","27.0821269362385","17.6301062098601","22.4973889219983","",
"Jordan","JOR","Food exports (% of merchandise exports)","TX.VAL.FOOD.ZS.UN","","","","","56.2872464582154","56.820647633414","45.0739466456529","50.781507477274","52.4090669874093","54.2035609524797","57.4207571067206","50.2612119503784","43.9786980912798","40.2997633305981","27.6664609160229","28.9477210129726","36.9277340346531","36.9388371905016","29.2503336607346","31.0349586198071","24.9515645536727","23.8459153315571","24.4427540904542","25.8171122521588","18.0624637292848","17.8886564728061","19.8730615764378","14.8115774807404","","10.034714690784","10.5930444657685","15.9904010071534","15.5934349965454","21.0354126690169","19.9020364770531","25.0657147731745","","28.9562469305979","16.4957406062704","16.7039322120582","15.7101196449397","14.8669283056485","15.3863025107279","14.5209493318344","15.3640325422498","82.4802234609968","14.6559288166891","15.3588636877144","13.6796473111201","16.2424721525527","16.2349577274593","16.6046792161508","18.1603806153794","20.2978328345929","20.4535259866891","20.924897008354","18.5831997841916","17.7596818930892","15.2357818822434","14.6405690659548","",
"Japan","JPN","Food exports (% of merchandise exports)","TX.VAL.FOOD.ZS.UN","","","7.3893618872157","5.86904619857181","5.27830501526275","4.40628540306442","4.1630277792186","3.75227411832375","3.42366291051502","3.66484300414301","3.48639155721389","3.01480502099135","2.42246347575678","2.37744059225377","1.68184154252526","1.45051976909078","1.39699959933791","1.1739697636655","1.19650637123602","1.28450620405617","1.31535680633902","1.2090401090852","1.07651163285124","1.02796779517254","0.934451233586566","0.812084999161541","0.750091666276428","0.713239997490517","0.682110639530101","0.630821429660267","0.594629356169326","0.595214005305751","0.576314837694482","0.565730769430735","0.526452848673301","0.492825176194672","0.49257797903468","0.5370486004476","0.528752165353626","0.518565622541601","0.452783919166762","0.758601855147861","0.531336354831289","0.503396685872992","0.474776788125197","0.495691499202032","0.486625592454053","0.507222944384664","0.509377071503036","0.690451434417923","0.617652339477717","0.564169053047549","0.575029737195761","0.645742687462964","0.683471560058922","0.813866881688304","0.891941450562863","0.852056753055748","0.94339475761523","1.01643648943037","1.1957699108075",
"Kazakhstan","KAZ","Food exports (% of merchandise exports)","TX.VAL.FOOD.ZS.UN","","","","","","","","","","","","","","","","","","","","","","","","","","","","","","","","","","","","9.91288204895433","11.8900482485272","12.1715542208444","8.24629862071077","7.14567875933566","1.00599212232438","5.34858259758741","4.82557707227335","5.96978936077197","4.01111856656174","2.40328756016221","2.75754807227004","4.25763590602762","4.1751580542173","3.76143400692919","3.37799695370049","2.0720427808423","3.34486643580138","3.1582772060876","3.27818220400957","4.60719500369851","5.72372410415917","4.942117036062","5.03549542851538","5.64829678355132","",
"Kenya","KEN","Food exports (% of merchandise exports)","TX.VAL.FOOD.ZS.UN","","","","","","","","","","","","","","","","","52.381625108567","66.1527260707259","59.5517509136748","56.5305740423992","43.8469544230195","45.9392104057405","51.3954012988631","59.4346583027553","63.2382624867476","63.5754449416973","70.3153639357449","63.3128773284302","","","49.1581945183051","52.2215907440058","43.5710172601261","52.6817096307784","56.4147099249544","56.0570055499442","56.5872874593055","55.4441079177436","58.3839969943319","58.1868544391171","59.0132464998646","59.4925675206882","31.6511969657365","42.4398112420861","51.8856689144605","37.6442282456954","42.5796593804197","42.7506691929721","44.1453271695656","43.721671294942","46.88916551599","","","45.4833368459753","","43.4873124552363","44.8616681387745","51.308799884232","51.2183996909387","43.7223573018012","",
"Kyrgyz Republic","KGZ","Food exports (% of merchandise exports)","TX.VAL.FOOD.ZS.UN","","","","","","","","","","","","","","","","","","","","","","","","","","","","","","","","","","","","22.8099854461184","28.3945276020826","","18.6253082392055","15.8240621220921","10.3970261768489","9.99228682684726","11.3966230618572","8.8165797219841","11.0502379951898","11.7176710903745","13.2007871348229","17.0295474948734","11.0190698395564","13.164523770792","14.5426841465672","11.7012354344652","15.0517077605632","14.9315125083795","26.359121604831","9.85116113128427","10.1641066513986","12.0410052629993","10.6657255466719","12.816343778402","",
"Cambodia","KHM","Food exports (% of merchandise exports)","TX.VAL.FOOD.ZS.UN","","","53.6005293456267","68.8390383854373","81.9008532095014","63.3697297381791","55.2886989112984","66.7441710475969","71.6494029877859","48.354847841472","72.1719411130843","79.292901937862","57.4317191521544","","","","","","","","","","","","","","","","","","","","","","","","","","","","0.959311492909306","1.1994744601638","0.785892139372151","0.459716078130332","1.08781804848382","0.914088154792537","0.607190825979595","0.721844885680362","0.660353892902082","0.780354571530807","1.43879628468307","2.63780203379279","3.49194467182636","5.84087879917713","5.26718039673002","4.76986310013289","4.50895528196787","4.77713351648224","5.15406615207834","4.58607499393783","",
"Kiribati","KIR","Food exports (% of merchandise exports)","TX.VAL.FOOD.ZS.UN","","","","","","","","","","","","","","10.7281565739002","20.5234244849524","3.43325602574809","5.26985100002141","13.4036353655081","11.5585241574469","15.2073470255588","99.8779044875724","","","99.7262006807533","99.8376908565071","99.6473711044674","98.3504502784308","95.0106575556602","","96.5840566210536","67.0925934667975","76.7017733510368","90.1429760046169","94.1230809635005","92.6341216127433","97.8292529679419","93.5880437760529","93.2206262175353","84.1581225873949","99.4018937274206","","","","","","82.3889761091195","","78.9520875437472","79.8634670188291","69.6641278712823","66.9546680335689","80.6161397790344","87.6663420743974","57.9294843666221","74.4183606128762","72.5640140002072","74.4183657601379","","","","",
"St. Kitts and Nevis","KNA","Food exports (% of merchandise exports)","TX.VAL.FOOD.ZS.UN","","","","","","","","","","","","","","","","","","","","","","71.5391361470113","74.4588087396704","71.1250217042411","","","52.8246594440368","42.0423482140032","","","","","","60.9357161808587","68.3403938856665","58.2775955352959","71.5104484365282","65.9659764431197","","29.4766054221752","26.9637048972341","26.7883123797382","30.1901685563902","22.5239224159479","28.9995518674731","4.47412785709964","7.6238180603488","10.1254173410956","10.010590726929","10.7239153466978","12.6032113768848","12.6025805984637","11.4855647048183","11.7151488523423","14.0487973643119","17.9518093899249","14.3692146518155","13.4822795026623","","","",
"Korea, Rep.","KOR","Food exports (% of merchandise exports)","TX.VAL.FOOD.ZS.UN","","","39.184258996883","19.4696524623927","22.4491253318267","16.6575706734456","19.051777107723","14.087867803088","11.6913843847478","10.5680598951999","9.62830940307481","8.04221604369999","7.50687768401318","8.37151253048329","7.82688059499507","13.2326414533409","7.64355924324748","10.5930966345934","8.41559298553906","8.20656258906416","7.39465446861218","6.87320981727193","5.57153651534757","4.98913737915728","4.36414262738806","4.11156922210045","4.80952394282919","4.60520363955812","4.15068491970078","3.734397048496","3.32558074778114","3.16752932821493","2.87493086519924","2.60030443799164","2.50400317629997","2.25867815322712","2.2791452314417","2.13562060774569","1.99408214684343","1.96069830772953","1.52758551124834","1.65168963291514","1.52832683900696","1.35992088345367","1.16628834338293","1.05790788679094","0.917190039702288","0.90119925172259","0.921625722756595","1.13062011036866","1.06992004634278","1.11041383371141","1.1678416171245","1.10829417580473","1.14156768927823","1.22247439430595","1.40334867398823","1.30404174383485","1.2567639521004","1.45837244666681","",
"Kuwait","KWT","Food exports (% of merchandise exports)","TX.VAL.FOOD.ZS.UN","","","","","","","","","","","0.998012817906388","0.817279960030771","0.832730343859309","1.02864806602955","0.338552395041931","0.358739435902888","0.517273254152617","0.590837326284087","0.617874270383619","0.432902810287586","0.500434033911153","1.04749327171042","1.37219354512429","0.964385351953182","1.03448790974894","","7.55579712233176","8.84283187651523","7.61829005810644","6.25884635496139","0.716747480520878","0.461337433295041","0.360739760587627","0.300160730395393","0.258800105573538","0.25669839323457","0.500249401435048","0.385330911168801","0.519627450311307","0.454768973123912","0.151499159097049","0.196775233553683","0.216500182227147","0.236525104426294","0.181224157876779","","0.171772929467346","0.183144853479347","0.171950848248477","0.296380872244443","0.349655298886667","0.278951337584826","","0.421143176344287","0.423928055765836","0.813572031398525","0.917491868770093","0.808615302167475","0.892403088332732","0.489508354444875","",
"Latin America & Caribbean (excluding high income)","LAC","Food exports (% of merchandise exports)","TX.VAL.FOOD.ZS.UN","","","54.3643905424224","53.1753244491053","58.3425549063512","57.8508806275546","56.7948040546165","58.7506011415025","56.6350787175024","54.3634207088974","54.7060249735516","53.8687878076515","54.6925308585311","49.4185292347545","46.6840229111917","46.1133203723343","48.1404030857643","49.3221344978361","45.226144261035","41.0548565283122","34.8640779571483","32.2287371700828","30.1279908741559","31.2245898442492","31.0420185477986","29.9700849669488","34.3709088551202","30.2662787086945","","18.8556865839656","19.3835411439925","20.05364021341","21.9699004963016","22.9085805993549","25.0439858293141","25.1749584131627","24.7017690109757","25.2098649097136","24.7609248071313","23.2898434400235","19.658106429133","21.5314649535239","21.3564852717044","21.876336695651","21.168434800056","20.0347437261168","19.430803589244","20.1732623804802","20.5267871998284","23.3902879578454","21.4561328457758","20.8874860888878","20.7817295463121","21.6580505494083","22.6272062491219","24.7443594304836","25.5718868655752","24.8608115483898","23.734149064939","24.6915926336655","",
"Lao PDR","LAO","Food exports (% of merchandise exports)","TX.VAL.FOOD.ZS.UN","","","25.4923546295531","18.0046942784816","8.90683340214397","11.9211055693184","21.0983593579128","16.1605646264301","7.83426910379669","7.90977282175104","5.50353042767982","1.52422040001758","1.05757420990871","0.811848924445527","2.56102793712156","","","","","","","","","","","","","","","","","","","","","","","","","","","","","","","","","","","","24.3202616725492","12.2846047818723","14.8336671758178","14.1626713447964","17.3428907704558","21.0584820858706","29.3358240142335","20.8154014619353","17.1746853570938","13.468265906048","",
"Lebanon","LBN","Food exports (% of merchandise exports)","TX.VAL.FOOD.ZS.UN","","","","","","","","43.4447209228212","38.4794419400735","31.5855787334249","29.9869136894517","27.2740684262282","24.0260587193289","21.1329552966636","","","","18.2690214674428","","","","","","","","","","","","","","","","","","","","19.5432672041744","20.8893673288026","19.8857422812369","18.4040666862779","17.9954253299851","16.3027765134011","15.0234251583897","14.3184044076731","15.1883462221922","12.5994853486398","13.102150525917","12.6837900609301","12.4055469518763","12.0013986274971","13.366294245577","13.6627595008016","18.3542092100973","23.3123444528912","24.5488100746538","22.8711855950874","50.4064490959312","21.5728591104439","","",
"Liberia","LBR","Food exports (% of merchandise exports)","TX.VAL.FOOD.ZS.UN","","","","3.48513807421077","","","","3.31655532684653","","","3.88492994193833","4.22453630420217","4.15942660729728","3.48674866231361","4.68574518335225","3.71116136305113","3.63916680576173","12.4564448848736","9.54152236292208","8.54407290515761","8.57641996035693","7.15504312152912","7.75429282048803","8.13249538527082","8.55956255858805","","","","","","","","","","","","","","","","","","","","","","","","","","","","","","","","","","","","",
"Libya","LBY","Food exports (% of merchandise exports)","TX.VAL.FOOD.ZS.UN","","","3.13926467864031","0.833898940223643","0.539696604243267","0.272578146158888","0.11721216914251","0.109026576576218","0.0447832538321773","0.0266759069272016","0.00555517579787435","0.0271307648968359","0.0479394597537564","0.00611466157515809","0.000578780813042874","0.00010090799023087","0","6.86451035278297E-05","0","","","","","","","","","","","","","","","","","","","","","","","","","","","","","0.00186160950532992","0.00257715847755006","0.0058763189664758","0.00194227487422584","","","","","","0.242008227362496","","0.151545079685522","","",
"St. Lucia","LCA","Food exports (% of merchandise exports)","TX.VAL.FOOD.ZS.UN","","","","","","","","","","","","","","91.9788955171333","83.4021051424843","76.9551147432236","68.4610269888301","71.875791172476","74.749688166558","76.2364588532623","56.9577444968474","66.143243090322","67.8498308092334","67.3080198043139","","73.6636840610578","78.2794882662306","68.891989496537","","","","70.2404311856832","70.2689382816458","63.1158196353767","65.9980612720376","67.8060735301682","74.5897571971106","71.0529031406524","75.8590333600844","81.011702232161","78.808941632216","78.4773910319878","75.1214450760003","73.3944953189863","73.0209906901333","73.4789978433542","66.0607736379136","65.5641288683138","59.7894573374873","61.4802168155018","49.5772411084211","40.1704712153363","46.911864227394","53.5692100081078","44.1416970054779","43.9281630660178","36.2567768699155","30.1204140384665","31.4832922743222","38.3725600034384","",
"Latin America & Caribbean","LCN","Food exports (% of merchandise exports)","TX.VAL.FOOD.ZS.UN","","","46.0299009121453","45.1446987488495","49.4657416574601","49.1169835593153","48.2899288154062","49.8242017399627","47.6122733147654","45.6546828316968","46.0129501334068","45.6966207598296","46.3089863856971","41.5689519802278","39.3699501796491","39.3687280185512","40.9817056531618","42.2585422890626","38.9664681757472","35.3111305529335","30.3434692988854","28.2641707606393","26.8295054598912","27.7456449544042","27.7657517447852","27.2326565506615","31.0925804915617","27.4537536531429","","","18.0435299275093","18.7690688934116","20.719440194709","21.6698763464572","23.3492769177974","23.3192851590175","23.1956617110004","23.5337128512618","23.5175818810352","22.1647894093507","18.7926274572617","20.5009511301125","20.5094964736756","20.8895904499165","19.7887700390919","18.5797082777451","17.7756887211342","19.7922549908372","18.9527589464974","21.5306796130699","19.6607334712884","19.245191136995","19.2629216582024","20.1388469302428","22.7631589717041","24.7916815174322","25.9827329933301","25.1515782799095","24.1160794208848","25.2129356180598","",
"Least developed countries: UN classification","LDC","Food exports (% of merchandise exports)","TX.VAL.FOOD.ZS.UN","","","","","","","","","","","41.9314934159902","","38.8248426594263","","","","","","26.5922689989413","","","","","","","","","","","","","","","","","","","","","","","","","","","","","9.07275953356768","","8.86887688994168","9.13333606755708","9.66508268808452","10.3754157831406","10.5858507336208","13.3975629791548","16.4713021569068","","","","","",
"Low income","LIC","Food exports (% of merchandise exports)","TX.VAL.FOOD.ZS.UN","","","","","","","","","","","","","","","","28.0818352506147","","","","","","","","","","","","","","","","","","","","","","","","","","17.2202186910231","21.6463133115388","19.450899302954","18.9775398230193","17.7156888828865","","","19.0604525156985","","18.6646993853403","","","","","","","","","","",
"Liechtenstein","LIE","Food exports (% of merchandise exports)","TX.VAL.FOOD.ZS.UN","","","","","","","","","","","","","","","","","","","","","","","","","","","","","","","","","","","","","","","","","","","","","","","","","","","","","","","","","","","","","",
"Sri Lanka","LKA","Food exports (% of merchandise exports)","TX.VAL.FOOD.ZS.UN","","","79.7437394750905","80.6471303764545","79.2128856369078","79.994798149971","75.8330680058983","78.198294363245","78.5913192320117","72.1184221128898","72.6016680007362","77.3146139997381","75.9749540581148","","56.7713411562419","63.813398224076","58.4706484646825","65.2108450453569","63.7489510102091","54.2543460912177","46.9753322911527","47.5077892271789","45.9974209979661","47.0993291003179","52.837833192925","47.4302958658929","39.4260956267863","36.6443089501098","","","34.2456058830366","29.9043753148563","22.4958620203232","22.0109031212946","21.2271021499725","","","","","21.1272592933405","20.2631804222405","21.2098809196735","20.9536059109316","21.0369926429961","20.6246070117747","22.2300519371599","22.4118446682264","24.0047174989006","25.3828400573291","26.3702163392214","26.894588680939","25.7433098103818","26.3607982109639","26.4996219811325","26.3995951472708","25.6641572937253","25.1289083957558","26.0869039182525","","","",
"Lower middle income","LMC","Food exports (% of merchandise exports)","TX.VAL.FOOD.ZS.UN","","","","","","","","31.9014314034883","31.6983076259686","28.1194755059766","27.968131104435","27.6824776158261","26.3427300791991","23.8394183180694","21.5077210338792","22.6290205403792","21.4498145677876","21.90388108095","22.7838276903441","21.4600189434467","","18.6456644971399","","17.4294122605542","17.3681486149701","18.0883320817056","18.7598780483802","16.4121891191933","","","","","","","","","14.8686995368344","14.0605032096428","14.3328984196486","13.220261368072","11.4337114073776","11.8415798302475","11.7343113124298","11.4005644560355","12.1370929746504","11.472078570513","10.1638849550119","11.0514341179211","12.4836844027812","12.8685745695036","11.583809876676","11.4662341704082","13.1279301557368","12.3358522578815","13.3110748521731","14.363136743479","14.6595745946956","14.3994300940826","13.9781307162874","13.907363991351","",
"Low & middle income","LMY","Food exports (% of merchandise exports)","TX.VAL.FOOD.ZS.UN","","","","","","","","","","","","","","","","","","","","","","","","","21.1048210154111","19.6673342856233","20.4808641991643","19.5557714752623","","","","","14.8528607548324","14.410534578181","14.6930549855452","14.1019258353997","12.7750213649058","12.2762077634017","11.9517863446684","11.0465634814931","9.18822703094909","9.71242214216132","9.64269197120558","9.52163560400359","8.90795541508014","8.54672707388491","7.9004798630472","8.22756500539493","8.63698906609846","9.65670962167325","8.945039500024","8.98921334654315","9.2976335946345","9.38177569971192","9.84802357173092","10.6778983028368","10.8836897549873","10.8731920724973","10.3449826159092","10.4437186405298","",
"Lesotho","LSO","Food exports (% of merchandise exports)","TX.VAL.FOOD.ZS.UN","","","","","","","","","","","","","","","","","","","","","","","","","","","","","","","","","","","","","","","","","2.15654795760887","14.3390917333925","7.15525204900002","8.61201440048337","4.66990382824201","","","","13.5309147762065","8.9347819300396","16.5851293613677","14.1566754810895","14.3405975004031","26.6946526434492","9.03719756299175","9.51744039042502","4.21661994820795","3.82024318299965","","","",
"Late-demographic dividend","LTE","Food exports (% of merchandise exports)","TX.VAL.FOOD.ZS.UN","","","","","","","","","","","","","","","","","","","","","","","","","20.6108389722297","","18.9647625696065","18.6699804315647","","","","","13.351264050192","12.8828501690368","13.2197725112117","11.8144686183579","10.6698334288146","10.6141297491845","9.93585520406056","8.62500427943211","7.34028589401545","7.77158539328848","7.7271528441818","7.47879351354437","6.79821003503616","6.62001887618089","6.15131866490322","6.41048701037105","6.54597196687248","7.47609512359733","6.89886005447549","7.10047781285365","7.38896324953384","7.32076266124953","7.57141023295883","7.91595764177556","8.27047077683318","8.08695377984772","7.78493242716405","7.83947778972728","",
"Lithuania","LTU","Food exports (% of merchandise exports)","TX.VAL.FOOD.ZS.UN","","","","","","","","","","","","","","","","","","","","","","","","","","","","","","","","","23.6134465192111","","22.7810464138343","18.0691272751813","16.6754631436087","15.7280066740299","13.8129889278543","12.4263822458541","11.6102965159392","12.2787406457671","10.6700895864306","11.5583455548776","11.3243340485598","12.3692487621453","13.7080405928038","16.6606654182778","15.4253834791259","18.9197169767287","17.3467114192548","15.8109904493011","17.5936622906912","18.2393563237508","17.9245901116555","18.2115984023142","18.289790927462","17.4120755770428","16.3516617925131","17.3217025559506","20.067824335937",
"Luxembourg","LUX","Food exports (% of merchandise exports)","TX.VAL.FOOD.ZS.UN","","","","","","","","","","","","","","","","","","","","","","","","","","","","","","","","","","","","","","","","6.83325013506835","6.66970142407312","6.52334859627271","6.99641452791442","6.70363797087639","6.40667850181121","6.88165830071956","6.16425371722024","6.09243516865952","6.61977108226838","8.62831493902852","8.27335497876856","7.98823287540889","8.91073695607834","9.52397622478082","10.6830181913454","10.7610087982443","9.37818755992124","9.12375675258403","9.15329735788137","8.99367300527933","9.89776515676896",
"Latvia","LVA","Food exports (% of merchandise exports)","TX.VAL.FOOD.ZS.UN","","","","","","","","","","","","","","","","","","","","","","","","","","","","","","","","","","","12.4909125048718","14.4061471530099","15.3819159803808","13.8956232003851","10.1209995385506","6.18602506674396","5.65860163729254","8.68815370291612","10.1106866115309","8.83917676591036","9.17388026084721","11.2791798854485","12.3247384207175","13.3504382189621","15.7318410966622","17.3453164581378","16.8205653719307","15.1779026156338","19.2057594667323","18.9458426550728","18.4848491474011","17.7811723208036","18.5213081425186","19.9553492360746","18.1733374159691","20.8212552738148","21.6524062600962",
"Macao SAR, China","MAC","Food exports (% of merchandise exports)","TX.VAL.FOOD.ZS.UN","","","","","","","","","","","","","","6.8993559629185","5.73901150558169","5.88857474242333","4.45232123232356","4.65265397986394","4.88064105961066","3.80765725190505","2.37532828877778","2.00209393939913","2.3565034029559","1.97448127665376","1.64605108609762","1.76035461689764","1.50231060541348","1.35148912714634","","1.0508259116037","0.954556377180157","1.30242226336551","1.85273447998136","4.04485875915789","3.71270402659757","1.70678894090811","1.66080918789835","1.52974307541452","1.05558725345666","0.807322689655804","0.916751170817378","1.07297177126923","1.12854710740189","1.09525092806283","1.19371897281293","1.58282147364977","1.61195582501145","1.78676842555715","2.78837174540871","9.34481417969899","0.213086021635068","0.235093819253811","3.35465280784941","","27.2010145851657","4.09457504601367","0.738332215732992","","25.9198609975608","34.3278483759046","3.8803304760255",
"St. Martin (French part)","MAF","Food exports (% of merchandise exports)","TX.VAL.FOOD.ZS.UN","","","","","","","","","","","","","","","","","","","","","","","","","","","","","","","","","","","","","","","","","","","","","","","","","","","","","","","","","","","","","",
"Morocco","MAR","Food exports (% of merchandise exports)","TX.VAL.FOOD.ZS.UN","","","46.8980197639057","50.8135951558694","49.8505877275852","48.7821300081221","50.9515798146351","50.1063231663646","51.9777305452302","52.6001610812437","51.7916617959263","48.9375808936868","51.131760189148","52.3025693287345","24.5106836814578","25.0501149529099","33.822862528638","30.6078551661201","32.5670003312339","30.4611525122572","28.4615232319385","25.7860121616614","24.6338968619105","25.9039463257601","22.7494527893081","25.8808997107154","29.9417546399574","27.5989169532491","","","","","","26.7017164941764","28.3929539677697","31.4012684208905","32.8570385105658","30.8919512444864","21.2251452352218","20.8992539960364","21.4717562420196","21.0193240577179","21.4053606734496","21.4743548540338","19.0289972033793","21.1921452283433","19.2663705222364","19.0969269126556","17.4444479838779","22.9758749363109","18.8408418892188","17.3269867974262","17.2375609351819","18.8627948681603","18.8315486340311","20.3035477405206","20.8776421236249","21.1267320256007","20.6267247936135","21.1609500883859","",
"Monaco","MCO","Food exports (% of merchandise exports)","TX.VAL.FOOD.ZS.UN","","","","","","","","","","","","","","","","","","","","","","","","","","","","","","","","","","","","","","","","","","","","","","","","","","","","","","","","","","","","","",
"Moldova","MDA","Food exports (% of merchandise exports)","TX.VAL.FOOD.ZS.UN","","","","","","","","","","","","","","","","","","","","","","","","","","","","","","","","","","","66.8245774193001","71.6958446241358","77.4650090614147","66.6301823417491","75.3773178857313","67.9723401327138","61.5820019204791","63.139776296008","63.6645766763084","59.1839443783828","52.9865764575613","71.3012808735934","62.8764539497118","57.3744046137594","58.953885249899","74.1729119412597","71.9406402495853","69.8803886690502","58.2655598697953","57.5835418990337","64.0703265308726","62.6695338188417","64.9241868136372","63.8369321434581","57.5017721683729","56.099954800588","",
"Madagascar","MDG","Food exports (% of merchandise exports)","TX.VAL.FOOD.ZS.UN","","","81.8961635725465","76.9151286279876","77.6112322180825","79.4449034423285","79.2740702726285","77.4570342866224","81.1047022885982","76.2833509948348","78.8828265942928","78.5005100547566","80.7762886306927","75.9940844661861","69.2369915046467","75.3650795641357","73.8744981490592","81.2298068357953","83.0719098277852","80.3826717064541","79.8852933118983","74.8925600330192","76.3644117605637","79.476775871544","82.894516375055","79.2249964372235","","","","","72.9027589783978","66.0265938341092","68.2193224098752","66.4967508907751","78.3067753777535","69.4497135651858","58.0167000364033","54.904061567489","42.8121730660706","36.3973719598383","38.5624755754557","48.1315466893409","61.4457330260141","53.355111824848","37.3341504577865","32.0355109169344","34.6989126166561","31.4856657549218","21.0529592946539","28.8446902246909","26.7071018563183","33.224373322808","32.8623909684642","25.680335634956","25.0830555020412","30.1116732001355","39.1490658325279","44.9138918836551","42.7856232736729","36.4895583714418","",
"Maldives","MDV","Food exports (% of merchandise exports)","TX.VAL.FOOD.ZS.UN","","","","","","","","","","","","","","","","","","","","","","","","","","","","","","","","","","","","73.8020250427774","82.2110120820778","78.9968429163755","75.973889117943","60.8405107318373","53.6654706162081","57.3839075932118","61.6319612438194","67.6578467722234","73.4559717561285","98.3645007411195","98.5168555032595","98.018214385477","98.4217796408558","97.664149009781","96.1512431056309","96.9941724800233","98.1673197891222","98.3799775449353","97.7313243789236","97.4234220719379","98.5606384111959","98.4213210286259","98.1853868376701","","",
"Middle East & North Africa","MEA","Food exports (% of merchandise exports)","TX.VAL.FOOD.ZS.UN","","","","","","","","","","","","","","","5.96117769186366","5.9506691257326","6.37831554100682","","3.24889133172483","3.47757077715491","","","","","","","","","","","","2.06477375841845","2.45830060214808","4.08826911215133","","","","","3.51363926931826","2.42097593744699","1.88488133772963","2.18676987092137","2.20950255326038","2.2284642643005","2.06410540237824","2.81063683582171","2.13482544285323","1.94252585354847","1.98003395574602","2.67624385336209","2.78899118932126","2.29681385162261","2.33381901666131","2.63636388899105","3.0353866450681","4.36284052253405","3.45264202122934","3.54484730607809","4.51473472634044","4.20436327974795","",
"Mexico","MEX","Food exports (% of merchandise exports)","TX.VAL.FOOD.ZS.UN","","","36.8230801975345","31.623766886284","44.9345317987429","44.38652102543","41.3066399044906","46.5857901501348","41.7644870649782","40.3516534321878","39.6782551437631","38.2945265791608","42.4754339393155","35.0410977903697","33.4708691540954","30.9809323670188","32.7003667639154","33.0223930687592","30.7912109828121","25.1743822664396","12.4488396336137","8.93178288917494","8.03419102219304","7.37453712021343","8.01114693707962","8.09494072721613","15.4054462146819","13.0982618676797","","12.2763005406335","11.6024430441224","12.5546499417016","6.95319635335499","7.31113144017935","7.06804902395627","7.69172308640264","6.40618905238711","6.15516928700098","6.19315552040053","5.3536632847742","4.8437767050675","5.00885596927071","5.01004459856422","5.47566805199915","5.39777022361558","5.36037750780801","5.39000428867159","5.32721774472702","5.49972906217087","6.86565239987949","5.94307325040227","6.12361722141427","5.75692156962322","6.25309466390156","6.26488368967258","6.83651619146971","7.54166266253768","7.73247752927745","7.46175564983797","7.84781654019859","",
"Marshall Islands","MHL","Food exports (% of merchandise exports)","TX.VAL.FOOD.ZS.UN","","","","","","","","","","","","","","","","","","","","","","","","","","","","","","","","","","","","","","","","","","","","","","","","","","","","","","","","","","","","","",
"Middle income","MIC","Food exports (% of merchandise exports)","TX.VAL.FOOD.ZS.UN","","","","","","","","","","","","","","","","","","","","","","","","","21.0485285817961","19.605341721099","20.5049101774695","19.5910863242257","","","","","14.8353573058608","14.3935309261274","14.5713313099666","13.851372829492","12.5397923605563","12.0273382323742","11.7223578266099","10.7767710199279","9.06255453051241","9.63156079778953","9.512294117842","9.41631508691209","8.7973443091916","8.44587498580141","7.79704289191844","8.11382855646628","8.52219410318515","9.52748219266381","8.84474594039727","8.91414981426566","9.22303781790425","9.3071200037066","9.74417393040104","10.4651004592579","10.7851554016604","10.7668631623369","10.0819700964623","10.2403054942623","",
"North Macedonia","MKD","Food exports (% of merchandise exports)","TX.VAL.FOOD.ZS.UN","","","","","","","","","","","","","","","","","","","","","","","","","","","","","","","","","","","15.9956158543612","18.3416830578549","21.1647938336069","20.1173475092388","16.075639399171","19.1137908009805","14.9580029683059","16.3643272886028","18.2722043237977","16.8288915698594","15.2588112975875","16.3505877243791","16.0784889086835","13.6864535202056","13.6176129711459","18.1980644350026","16.2652606026891","14.0622810782934","14.8606549995555","15.0842029770916","12.6544468040333","11.5459849328588","11.8486381054226","10.2857489986639","8.94351202335033","9.37144304335502","9.83453658240932",
"Mali","MLI","Food exports (% of merchandise exports)","TX.VAL.FOOD.ZS.UN","","","81.1798091174955","79.6985455720535","84.2203024534057","77.0233784550564","68.0234194507037","64.3222551345373","54.3592235225831","83.7587737997442","64.8172502888802","63.0864734804989","51.3890206755366","","37.128239282251","41.0111855838718","46.4645116843346","40.5741952521846","38.001834401283","24.4960393963627","30.0663803579225","","40.436626850612","","","","","12.8625582226107","","","","","","","","","19.0595328519328","5.12748624564695","2.83186497289745","1.49462991308834","1.63290566331553","9.97767596711984","5.2233067645798","5.11485698290306","6.82004367517894","5.95548930665666","5.84961475928352","6.98012732247877","7.04687032760384","","5.42788430453509","5.66125490916351","6.1832372193148","","","","9.93319826862604","13.0937127938063","","","",
"Malta","MLT","Food exports (% of merchandise exports)","TX.VAL.FOOD.ZS.UN","","","","","","21.2004003796831","18.9504798967809","17.0160209439243","21.2151078761288","16.2161368821029","9.83833459306555","8.81736922108284","7.23801973538526","10.9422640918046","9.94320952641485","9.34275108564449","9.67730697074125","9.67527861842432","7.0281040750684","7.30842022310332","5.32893953156814","5.96705507650767","5.62918712438804","6.43566803811123","6.65838412763227","6.87311889531416","5.22832100419972","4.6039651254921","","","2.13974610272153","2.18385454007052","2.14128610834584","2.33661133243371","1.74263728508969","1.62778470749425","2.43472671347725","2.92771599773512","2.35009190392981","2.46839645061622","2.11358930122661","3.30571932670235","5.05059950320338","4.30058282246704","5.5489530997588","6.15681216228776","6.10684654560226","7.20264093415261","8.11245633996861","4.67997814077409","5.19830616618376","3.66401367432581","4.66354468996668","5.95344119376235","6.07151365896539","7.67596090380236","7.66499284519325","8.39615395092929","8.13375020936559","8.37143877433748","",
"Myanmar","MMR","Food exports (% of merchandise exports)","TX.VAL.FOOD.ZS.UN","","","77.0986934558651","78.2100626471319","77.0998536975364","74.9634002551667","72.0161352093086","68.8567076266091","58.255097443457","61.9773724827238","65.8109621259944","64.3349707836","53.6309532055201","32.7364799954703","52.6573962574774","58.8673141492865","64.2001152457524","","","","","","","","","","","","","","","","53.3932288349867","","","","","","","","","","","","","","","","","","17.3110465685202","28.4051145830909","33.5160458293124","28.5616813928635","26.9032809030683","31.9016533417913","37.3233100426642","32.2178618910767","","","",
"Middle East & North Africa (excluding high income)","MNA","Food exports (% of merchandise exports)","TX.VAL.FOOD.ZS.UN","","","","10.7305677873367","","","16.4795614066939","","13.9265448408056","14.9461260592802","14.0466351896205","12.1151282110223","19.1332957137758","18.1728111293384","11.2149350795574","11.3217936835624","10.6669852161955","6.37754688643564","","","","","","","","","","","","","","","","","","","","","","","4.70063083285624","5.02105672263373","5.16725966397406","6.20234034725539","5.01613175778807","6.65051949871206","5.20965601700035","4.79818194215123","4.92573256520682","6.34137100525762","5.8363760809604","5.13421981698964","","6.15203806135758","7.32233757346681","10.6046615864248","6.48180702010064","","","","",
"Montenegro","MNE","Food exports (% of merchandise exports)","TX.VAL.FOOD.ZS.UN","","","","","","","","","","","","","","","","","","","","","","","","","","","","","","","","","","","","","","","","","","","","","","","9.18786093858558","9.29175090403592","12.9302573925822","15.8443174715871","12.2566861497018","9.5859288523975","15.470835599788","14.9549592384533","27.3916379659425","16.9749665338837","15.7180995365031","12.8793457911967","11.7787983252901","","",
"Mongolia","MNG","Food exports (% of merchandise exports)","TX.VAL.FOOD.ZS.UN","","","","","","","","","","","","","","","","","","","","","","","","","","","","","","","","","","","","","2.20816670865282","2.98259427945046","4.45610468415896","5.19536979431234","3.34168131462757","3.83376971831991","5.1823201019327","2.72210011219043","1.91204154572227","1.24206855165989","1.917985134309","1.62295439170032","","","","","","0.822754990026898","0.708296437052678","1.2345822921301","1.65617385670029","2.27397510426039","2.87942923971709","2.11059433297445","",
"Northern Mariana Islands","MNP","Food exports (% of merchandise exports)","TX.VAL.FOOD.ZS.UN","","","","","","","","","","","","","","","","","","","","","","","","","","","","","","","","","","","","","","","","","","","","","","","","","","","","","","","","","","","","","",
"Mozambique","MOZ","Food exports (% of merchandise exports)","TX.VAL.FOOD.ZS.UN","","","","","","","","","","","","","","","","","","","","","","","","","","","","","","","","","","","65.5427285533947","65.5297053845492","68.7697105071102","71.7106239951678","","52.0255029293266","41.7261505321984","22.7177226670973","26.6851109797166","17.0128813032802","16.0350629838232","14.0296831963043","15.3214973732893","11.1269959350898","14.6917557915538","23.2103229814345","15.74579726832","20.497192378274","16.4856980730906","16.7109430857025","15.0401189367426","","15.4945287888432","10.803825326546","12.0625614721006","","",
"Mauritania","MRT","Food exports (% of merchandise exports)","TX.VAL.FOOD.ZS.UN","","","31.7838278173954","8.00716233607868","3.17199130902265","4.18371541131981","4.61917523116489","5.81087845250731","5.56315108272089","","8.28503766724302","8.19299502055832","11.7336796764219","","","","","","","","","","","","","","","","","","","","","","","","","","","","20.7729492034438","23.773817109618","23.221560164202","29.7868021058414","32.8682460207035","24.7506388667142","","12.9320445246855","11.5269077352697","17.0703156455342","14.5226965066247","17.6399827418791","23.4881174023374","18.8300794520204","31.5733547484128","38.4749293164237","38.7530046172562","42.7621518376525","53.6546812616824","50.3508730975028","",
"Mauritius","MUS","Food exports (% of merchandise exports)","TX.VAL.FOOD.ZS.UN","","","","","","","","","","","98.0979563081561","96.3815804876423","96.3034401529776","92.2578006477741","91.6127965810384","88.4314657298625","81.3431513974974","77.5539454553425","74.0229270327546","","","","","","","","","","35.9163646858975","35.1282592263574","31.9355955382262","31.2173839227424","31.0317887662507","29.2902975145322","28.9395801070454","28.9445180144134","31.3063717408296","27.9319804245577","26.4074646853331","24.3426887380011","18.4625450315751","25.0537933002642","26.6444868300961","26.6444868077231","26.9635258870128","32.6212631346083","27.6691244341958","28.6422305482662","28.064732147736","34.123655363225","38.9648634074051","34.3258365301328","37.0336090625519","40.3228004385258","36.5721794564671","33.1752743205042","37.7381863994897","39.0852470248366","36.1660281418251","36.2968807831043","",
"Malawi","MWI","Food exports (% of merchandise exports)","TX.VAL.FOOD.ZS.UN","","","","","","","89.8098891746891","93.6237525748788","92.7711150632696","91.2257332399768","88.2098562704521","91.3345553545405","91.895678437562","92.6947599796497","91.3714393329568","92.4237810183197","94.214872560541","94.3485091139957","94.8911871472288","94.5703416698457","90.8622585085363","91.0555918274292","93.8736168743782","95.5302345306787","96.0236906863738","91.1581918473432","94.3208148433941","93.4950065172533","","","92.8529819842424","93.5150007618709","","","85.9712359737077","90.3704194215057","86.8031866747267","86.8521108718766","91.5464822333212","88.9138575987947","89.235530539871","86.9447324009801","85.1487858743902","86.2238011312339","78.2310593693147","79.4959598649537","82.8951671423923","85.5757320560768","85.7873671866245","86.687651912519","76.4242925899569","75.7306630172011","74.9931646296885","75.9599536007923","69.2157627704323","77.2397401964386","83.7291765392209","89.6913229315299","91.5266673877709","91.7881036024954","",
"Malaysia","MYS","Food exports (% of merchandise exports)","TX.VAL.FOOD.ZS.UN","","","","","9.41838139099579","10.7653164105052","10.5799203331837","10.8726144986541","10.5263221326123","8.96534579683027","12.635837040891","15.6418013036008","16.7481671543282","14.2335463583985","18.8392363574835","23.2133929273492","16.5342166782741","19.1946613425308","17.8018814994619","17.1552949394018","15.0464935543427","16.8685485624303","15.9433369773744","15.7302453977432","19.2128118266919","17.4496241385661","15.8309015126597","14.9094663236131","15.7765932040418","13.9115561551119","11.658429728487","10.6783793102997","10.4902876875387","9.43278177644411","9.87975743336272","9.49977543042649","8.70436497499438","8.64136873213222","9.96718013524789","7.98494230313005","5.53758031585741","6.05516042749623","7.53552904853191","8.58615517161916","7.94827583767598","6.94073373967749","6.95528819610563","9.21811544876814","11.6466549415423","11.2133147733506","11.8765007151378","13.9722578907173","12.5085367965368","10.9929119484125","11.1080852092785","10.8343965360394","11.5485556404329","11.028089994777","9.13588235658116","9.21074539405943","",
"North America","NAC","Food exports (% of merchandise exports)","TX.VAL.FOOD.ZS.UN","","","20.5410109804675","21.5149757541178","21.8032466999972","21.0214619497254","21.0488352807963","18.075062985052","15.8948914396154","13.9949419913727","15.1168463274557","15.5815011653958","16.6772359068301","21.4106879821265","19.2851699268268","18.2629000156055","17.574326188013","17.07166922857","17.9779607237521","17.1326109826453","16.8668572888355","17.1731671626077","16.2501680762947","16.621579197186","15.4551793751028","12.5105481286469","11.8206749645675","11.1351861782512","","10.861410465754","10.5020026417718","10.0818649820835","10.518271133172","9.8944280931137","9.58495032221516","9.84947257733933","10.0788733587385","8.84007251287283","8.22365875827185","7.65824375659925","7.17654901624908","7.88761785631953","8.00748847128701","8.35706340780922","7.89835624968649","7.38095650803843","7.23157477551733","8.10755873776118","9.29789418733748","10.3590471467107","9.78248588543943","9.88123279230155","9.98732302980864","10.0795249905319","10.4610014212217","10.5010571999821","11.1232939248431","10.6538856055438","9.98847230737225","9.9313726968192","11.4910564715471",
"Namibia","NAM","Food exports (% of merchandise exports)","TX.VAL.FOOD.ZS.UN","","","","","","","","","","","","","","","","","","","","","","","","","","","","","","","","","","","","","","","","","28.8004484823822","36.1433853158815","36.9582229224348","47.9910531575012","29.4120386078231","30.8105121245687","25.5698812439659","23.5784911786643","22.3412054241204","23.7382957180679","24.8341942128932","24.3955492329352","27.0838741028426","23.7706906295676","19.3926439669554","26.7382147456724","30.1243114952682","31.8486063903264","29.551081712175","29.1410903182649","27.7635281265441",
"New Caledonia","NCL","Food exports (% of merchandise exports)","TX.VAL.FOOD.ZS.UN","","","2.47380422502013","","","","","","","","","","","","","0.380357933764788","0.293400667404461","0.363291297501574","0.488447490072779","0.334292153734364","0.350538383451248","0.480618345389436","0.799160598520842","1.27781234319862","","","","","","","","","","","","","","","","6.11583144383133","4.01024043689348","6.14612947552136","5.94670727929041","3.8626483209521","3.22309363269094","3.008745957856","2.58651756634978","1.49536369573895","1.98117485371193","1.31280693019801","1.72874634445856","1.46214320683699","1.84882424048909","2.05406333592826","1.63122494009935","1.35940366636933","","","","","",
"Niger","NER","Food exports (% of merchandise exports)","TX.VAL.FOOD.ZS.UN","","","92.005367557511","93.9607456548734","87.7223757173161","88.2369813249984","87.8736444012053","89.541747214063","89.215240686178","85.314447588324","91.2605601821402","67.4940066572544","72.1673681249885","48.7252885473364","34.0080883782495","30.1561879885396","30.6876189026166","20.2793945912769","12.2617353795011","8.62534777974852","","16.3382330948715","","","","","","","","","","","","","","18.5110645806773","34.0624448294622","26.6758340459329","30.3531139278887","37.7651161820868","45.0026021028197","46.3098557645509","37.4342762222597","35.1630059843662","43.1982531452475","29.9959002601105","34.0008692008108","26.5028486735831","43.3685986132959","29.9720848752541","18.3608577792975","12.6179347146249","16.0621616212767","7.85116975515946","11.5168150744576","14.0674144331885","37.3362852528302","60.0285310212833","47.1698238573424","","",
"Nigeria","NGA","Food exports (% of merchandise exports)","TX.VAL.FOOD.ZS.UN","","","64.5235940136106","62.3121450520697","61.0037857847527","54.3750279644461","46.8727792342566","51.1219046240061","63.2850843138927","42.0968730210507","31.3482203816902","19.446263934381","12.7975551028393","11.7642263159336","5.06567668317107","5.1661754415188","4.47377056541226","5.66449478164175","7.53231774980859","3.58446901927585","","2.18009141776035","","3.77363472864242","2.73375132815872","2.17810765349726","5.11692895780717","3.13782252107267","","","","","","","","","1.65221060080221","0.152212196705539","0.415105801508505","0.302382398771064","0.138495792128523","0.0156583251844435","0.638004455168853","0.0235768454976624","","","0.0553814671556319","1.623117404033","1.28814648213958","4.53389483138218","3.33906623661703","1.79587451631739","5.35439475500558","5.05133340665746","1.87245743125279","2.8942494280259","1.96527514657528","1.8307582345298","1.9827367161025","1.79787175684089","",
"Nicaragua","NIC","Food exports (% of merchandise exports)","TX.VAL.FOOD.ZS.UN","","","","","","39.7965875511683","41.9170486841706","44.6133370491216","45.8317524649847","51.4995979368761","56.8128026754071","55.4300947278102","53.4837066360924","53.4811969837577","37.5724960954691","51.4059353674209","54.8008100162371","56.0305669844037","57.1199628723992","61.1166033753494","74.5983240837204","61.4510563538436","67.6524320977674","65.1818662038313","56.0158912090564","56.6102784909214","74.3738736530848","","","","","","","71.3842596760248","80.49353686969","73.5149653713518","59.4873010852758","68.7085984129403","82.9421134773806","82.6557658632385","84.8977031551565","77.2714211281099","77.7582461327242","78.5911135993169","79.8609229975063","80.5051716824872","79.3490700948629","80.532593498156","48.3517561869483","81.349665925066","77.6058089558872","75.2982314628756","48.7817217602121","44.5655384992094","47.4677216605519","47.653933917479","44.1306578038456","48.8610020021479","46.5647573355645","45.6109144623258","",
"Netherlands","NLD","Food exports (% of merchandise exports)","TX.VAL.FOOD.ZS.UN","","","51.5242770590169","26.9979426917152","25.0984249884693","25.8582262687424","24.4242265416449","25.4574090084947","24.8430437489313","24.3893139462747","24.513582940985","23.1595336377251","22.8313500325383","23.1358214477308","20.2035388980585","22.565208027016","21.5050353766478","21.6746733348388","22.2879328336216","20.7462054257995","19.8615432927489","21.0321006382292","21.0933951087263","20.5511441949955","20.2825815252908","19.3720431031194","20.6409357864743","21.3764198866414","20.6960581909236","20.3495376720685","19.9923701111051","20.3342113630352","21.2266400724206","21.4671454015967","21.1109870973089","19.8475486370676","19.0335292473983","16.0069255683054","17.0529646075925","17.1761676303505","12.6895350047505","12.7748242058709","14.0601807608097","14.3445221851462","13.4520599280781","12.6305316610741","12.1864983785009","12.539094635362","12.9675405414544","14.6975146052646","13.4960458415199","14.7687518562661","14.7651891762005","15.5043653866011","15.5420469862853","15.9692673621409","16.5423114702363","15.9804584011692","14.9742918948749","15.158543717115","",
"Norway","NOR","Food exports (% of merchandise exports)","TX.VAL.FOOD.ZS.UN","","","18.7090451592951","16.4989377691161","15.5416843565866","18.3309062422198","17.9939362896531","16.6386913708401","13.2896013427794","12.3572471749315","12.9982894655659","14.1437228746805","13.5744407085306","13.6884315339127","10.7909205480472","8.44853375433203","10.5396917194971","11.7720803337356","9.35911463545072","8.25416658544595","6.6339971535926","6.96957140634907","6.40052729964739","6.71146308137463","5.93055996123649","5.66067978965043","","","8.37820779974783","6.77362550830432","6.94044930561069","7.56007965550866","7.95012924034717","8.04450779569502","8.84228425749272","8.33624013658179","7.78652820776211","7.79443874746433","9.96417391710907","9.04716724019045","6.38896486631256","6.19589638418461","6.55949120643752","5.92311040585178","5.5861467752424","5.21872860267437","4.92051667733109","5.00324306235112","4.35796897101957","6.62263095798318","7.22902285695405","6.32192338844423","5.99978787393753","7.20785144796361","8.08762205267484","9.48293079821571","12.9444845264211","11.900348324988","10.5202153578332","12.475687719583","",
"Nepal","NPL","Food exports (% of merchandise exports)","TX.VAL.FOOD.ZS.UN","","","","","","","","","","","","","","","25.7123238456495","22.565544019947","29.6411520539028","21.9772445768893","34.3296846505394","37.0345544263783","21.3953440357205","12.2142979640021","39.1465091036292","32.3015025738171","36.9904177200595","35.0816576639292","29.7506471391496","23.1391369512455","","","","","","","7.08021225177036","","","","8.32889411933171","20.9882985022283","9.9594007089019","","","20.5941201961203","","","","","","25.1138487329007","20.2049312337383","18.6253000651604","23.9812934334364","20.5275850813005","25.158744720323","26.8959661060975","24.3642308248086","26.1246966177526","","","",
"Nauru","NRU","Food exports (% of merchandise exports)","TX.VAL.FOOD.ZS.UN","","","","","","","","","","","","","","","","","","","","","","","","","","","","","","","","","","","","","","","","","","","","","","","","","","","","","","","","","","","","","",
"New Zealand","NZL","Food exports (% of merchandise exports)","TX.VAL.FOOD.ZS.UN","","","","","52.4356092406365","56.6088296488709","52.8391299447738","63.4985466132317","58.8881842172463","58.068116315003","59.1022035194715","60.9667134972","56.9355824553551","53.9811094961875","52.7917793501323","53.9174243683286","49.4005599489861","47.6392063060176","47.1297376034469","46.7815355967803","47.9023375680888","51.1525576338794","53.8571488941569","51.7140115222914","48.0189797706133","48.3007950117086","48.1641558231551","47.2670765056441","44.6147798241751","45.6067874623887","46.9589670677284","47.6427234581271","48.9366031906846","47.1289230092668","44.3037093916747","43.8827545718161","46.1595148017359","46.229545427038","46.2263847363873","45.5397204591863","45.4910784690983","49.0611330094882","48.4412325291168","49.0432202201247","50.4516467956063","51.7865260129508","51.490948617159","51.9893855145078","51.9927327076161","54.8109049776222","55.0152477449484","55.4469597383459","55.8235575184595","58.0818775308697","60.4721981274673","60.0593777774472","60.6860190533354","62.1916833877705","61.8801046800015","65.0266697989939","67.4529557334134",
"OECD members","OED","Food exports (% of merchandise exports)","TX.VAL.FOOD.ZS.UN","","","19.9975289488376","17.7150820058376","18.0683808743924","17.498122854222","17.23772452371","16.6427529261223","15.1116109761869","14.4332426477657","14.4716578629761","14.5501590773409","14.6747917278528","15.166420378183","13.9417214982974","14.301530046914","13.7172967070915","13.9744570447328","13.8912897770334","13.3631571843332","12.72322757657","12.8335815503584","12.3213347246538","11.9741028484173","11.5962677860464","10.7117019145758","11.2365497539938","10.7432343772492","9.26652872143128","9.75155531438292","9.5690348286691","9.84777396317152","10.0918852023045","9.84198594307108","9.7089371018444","9.36902104496661","9.3111544250409","8.64394231114495","8.3329318063388","8.08533511845395","7.06437890891546","7.38252147755719","7.48341086027059","7.53912641195419","7.23980394987568","7.02170265970273","6.76654763105348","6.99038244791506","7.48233109135349","8.46884814815648","7.727046017017","7.8453569821361","8.18957499923417","8.25568054296778","8.62122992768872","8.83186105056367","9.14891560108587","8.93688710108196","8.52838217642991","8.70486381085166","",
"Oman","OMN","Food exports (% of merchandise exports)","TX.VAL.FOOD.ZS.UN","","","","","","","","","","","","","","","","0.209373545788362","","","","1.87971978018461","0.824994854651504","0.956214750429435","0.768599812815086","0.927046485941954","1.10629801398672","1.24863244719622","1.97855939052802","1.82034661807042","3.1127740560823","2.63382777247063","1.72517272348485","2.62181758229625","3.3400157757848","4.67577504867227","4.88710115352429","5.07693949398762","3.93124798259271","4.39669662535942","6.20925847249329","4.64417448296037","3.00327131939079","6.14596042444253","6.20002870524749","0.929388804148244","3.29337591947931","2.61470267344264","2.00328560603155","2.09338363161199","2.50332971264974","3.09632023118934","2.5873771748139","2.30344854272224","2.10346874754249","2.47936697492184","2.64959278236607","4.22503182698299","5.03912116324695","4.1535790294795","3.53089573911522","","",
"Other small states","OSS","Food exports (% of merchandise exports)","TX.VAL.FOOD.ZS.UN","","","","","","","","","","","","","7.61367077354962","7.47171523996591","6.79808399011007","6.30816171035826","","","5.7544768983431","","","","","","","","","","","","","","","","5.42939529246485","6.94104455832483","6.7305922385525","","6.24184608758986","5.96060300264056","5.65738950771088","5.90476011351763","5.87503487961294","6.18336444471147","5.59579021018716","5.98090341553868","5.09531505056397","4.82799709902958","4.98968558177685","5.2738207228294","5.58988093650533","5.09238925120805","5.68518869610107","6.12114839354717","5.47088050800853","5.7909149754793","5.98139868483249","5.79000903750272","7.76265116495064","5.52191684391235","",
"Pakistan","PAK","Food exports (% of merchandise exports)","TX.VAL.FOOD.ZS.UN","","","14.1952391019833","11.8573107998162","10.3763263062408","9.33836124022676","12.3589402647971","9.48787066532347","8.03611008712132","9.26734292880135","10.6298148066254","13.2871866564093","15.1107746104815","25.3305954781652","32.1169912613566","24.731559086603","31.9308051772883","29.8890877328687","26.2807459522613","29.9780194446196","23.5349278039056","26.7508141386636","20.2728450835567","21.3769972494975","22.3924785302959","17.3091234809918","15.6435773871691","13.6946387205318","","","9.32160460667378","10.3696152525793","9.89764493941506","9.48114743425384","","11.8012313600369","9.00414035899765","10.1081493474999","13.5543933388619","13.0713518262894","10.5619863888991","10.9239808062039","10.8050394033446","10.8232332093715","10.4208974474488","12.0941929361419","11.8943022900597","12.2805271421886","18.1971428880262","16.6736539982736","16.7989207977969","19.4927645753536","17.1075338032742","19.9598795879471","19.0456933577962","19.9215209420528","18.5965286110802","18.658070818084","20.8398060777791","20.674807180676","19.2681350866426",
"Panama","PAN","Food exports (% of merchandise exports)","TX.VAL.FOOD.ZS.UN","","","60.6161276256057","48.3156586856731","55.9038594655247","62.8224727765916","64.2541782441999","70.3728043977407","76.5179648031324","73.8027271716775","74.7189569502101","74.4037731207953","78.006724935305","75.4617892507109","50.6177910946608","49.8762062075632","61.9763164383138","62.6864778380691","65.7591290232668","63.3607952319305","66.886605186627","70.7053478984138","63.7984288823103","76.5371356232258","82.84906101999","77.9980137244595","82.9435700967376","82.0394661091477","","","","","","","","74.2934673131217","71.1844882086885","74.7559183037181","75.3041253967586","71.7164110842458","76.465003933205","77.1999888327659","79.0933853729459","85.1478566043125","83.7983010987945","85.0581850206065","84.3450555190786","83.7114070405657","83.8320281849942","81.5500809049322","65.3976320330678","5.46504460330474","2.8749694135425","3.96246963117766","4.89147969257542","4.44106387041759","8.61883721985914","5.24817470491023","","","",
"Peru","PER","Food exports (% of merchandise exports)","TX.VAL.FOOD.ZS.UN","","","36.6169138032351","40.186402601759","40.8045964760703","38.5949996186057","37.3571573221028","37.7556164906343","38.6360745403279","34.0628585155851","43.5195806491158","50.2615356195517","43.7430053271835","31.2962750286958","30.3554112050416","44.0102520789325","31.4389101775478","31.5720112413554","27.5869055047615","20.0064589128887","15.7847857074688","","12.3018921875181","13.0859843903642","17.5583762623793","16.8691252547538","27.8753968059534","23.0208056045307","","","","","23.2385055761859","28.648730484019","32.4519851023374","28.8109555830749","28.3931699473404","31.5136693178122","21.6652657037982","24.2735998605658","19.1946404610069","25.4760542040983","23.319474348232","20.1786550426305","19.2634587433446","17.0111159937505","14.6867296757115","13.6934508381794","15.6835169563585","17.0671132477558","15.5459028876843","16.165375373413","15.7160711993498","15.8482145416439","20.1196324200503","21.7387286831815","20.8423098000726","19.4164204467719","20.2173429105851","22.5748394042243","",
"Philippines","PHL","Food exports (% of merchandise exports)","TX.VAL.FOOD.ZS.UN","","","60.02591524999","59.6016147196956","61.1669209672527","59.0364258947318","51.8934593803328","50.1614765441272","48.5288010229438","39.7930942844429","44.0107596750288","49.3843851101537","51.5238937367944","43.5961267252091","57.7083292462936","57.3739585720494","49.7034011362494","51.0538742769009","43.1265278131812","37.8519657063653","35.8589847911535","34.5904659002777","30.0975036122553","30.7135489308843","30.2255853439609","26.8992744418708","26.8076352324854","24.1796217989851","","","","18.6905737442905","17.2507355669056","15.4079778062023","14.110483951616","13.0369848622146","9.97073991317198","8.28022830368441","6.89852678294009","4.55325391474025","4.76538063807209","5.57263515485844","5.19535046408328","5.99570322979619","5.85209865092971","6.06997738785632","5.46092388768595","5.90829333527994","7.43742098790119","7.65785318609629","7.3151531170942","10.2296383069398","8.92046480756622","10.4216840864282","10.2053768916049","7.73146081998082","8.35774171479969","9.31222442075336","8.65787540354711","9.06090714277897","",
"Palau","PLW","Food exports (% of merchandise exports)","TX.VAL.FOOD.ZS.UN","","","","","","","","","","","","","","","","","","","","","","","","","","","","","","","","","","","","","","","","","","","","","","","","","","","","","86.2679968762028","","47.9104499475587","10.0569629977802","8.74116031041881","21.7568413772477","88.7250391722078","","",
"Papua New Guinea","PNG","Food exports (% of merchandise exports)","TX.VAL.FOOD.ZS.UN","","","","","","","","","","","","81.3691912062198","61.494340006933","29.2595686762267","24.7313894043246","35.2287436064421","33.4802097940685","","","","","33.0866384622739","29.9520387583999","33.0128967830954","48.8262799714699","45.917561485045","42.9936007038107","28.7139305530369","","","","","","","","","","","32.3420082257278","","15.3451460994921","9.99557470781984","19.8727932370326","19.2866560612614","15.7067818467975","","","","","","","28.6418348303861","27.0681966571635","","","","","","","","",
"Poland","POL","Food exports (% of merchandise exports)","TX.VAL.FOOD.ZS.UN","","","","","","","","","","","","","","","","","","","","","","","","","8.59256099007278","","","11.4374241069035","","","","","13.7187821559776","11.0532152140144","11.5700382142549","10.4392417183326","10.8139521986449","12.3292470107333","10.5963837657276","8.98045780007082","7.87425841147005","7.95817224807626","7.54033484753851","7.91600087513147","8.39345900899084","9.41080581417016","9.28195243627746","9.47176798914979","9.48018126770159","11.0471470307446","10.8019873052686","10.7522275171789","11.9880468664845","12.8435309385661","12.759802209616","12.8632237692946","12.6508095719989","13.0234388872081","12.8881319340541","13.3021374617101","",
"Pre-demographic dividend","PRE","Food exports (% of merchandise exports)","TX.VAL.FOOD.ZS.UN","","","","","","","","","","","36.9323375883518","32.3408481120213","31.8482893449676","31.099876759686","24.2959406487611","23.2858749190959","23.2403281564423","","23.2917715408691","20.3443348059307","","","","","","","","","","","","","","","","","","","","","10.6821365275074","10.2473416892305","10.4722781698675","","","","7.22857063890471","6.41184504624421","7.83429265146365","8.2770483534646","7.37003383144174","6.1772016110775","6.9602489455237","7.52404629719923","6.27557275262091","8.05422030363896","8.54863123963754","10.4190203290963","","","",
"Puerto Rico","PRI","Food exports (% of merchandise exports)","TX.VAL.FOOD.ZS.UN","","","","","","","","","","","","","","","","","","","","","","","","","","","","","","","","","","","","","","","","","","","","","","","","","","","","","","","","","","","","","",
"Korea, Dem. People's Rep.","PRK","Food exports (% of merchandise exports)","TX.VAL.FOOD.ZS.UN","","","","","","","","","","","","","","","","","","","","","","","","","","","","","","","","","","","","","","","","","","","","","","","","","","","","","","","","","","","","","",
"Portugal","PRT","Food exports (% of merchandise exports)","TX.VAL.FOOD.ZS.UN","","","29.054376060974","26.5139955048476","23.9897697078983","25.5594850199367","24.769232453458","24.7492333712725","24.1399718797697","21.3163260601361","20.0214557736456","18.655511843968","18.6042642247987","18.0280463930003","15.3971785929215","16.0822444851447","16.4719476049024","15.6406747995209","15.1008655716089","13.6787347136264","11.9012670574159","11.264508836978","11.1415826296397","11.2958862452941","10.9893013779649","9.42116720639898","8.88437264331353","8.04644886796823","8.10050803753626","7.50170150137966","7.1420186290989","7.82098374901313","7.46572680960482","7.11129954721757","7.08554719000383","7.19099190501127","7.32452325402885","7.24104166960936","7.07744439608375","6.89340620014845","6.83956734890566","7.09607177808407","7.66321402108905","7.57251910807383","6.37523673164604","8.33269071901423","8.43024310853751","9.20044281361102","10.4157940369307","12.2315406842921","11.3190350021393","11.0700822197125","11.1836459371532","11.485711939317","12.1793255138053","12.2229059106423","12.3797768074911","12.1489774517044","11.9250526916014","11.7933217393886","13.4200562246988",
"Paraguay","PRY","Food exports (% of merchandise exports)","TX.VAL.FOOD.ZS.UN","","","54.991464954044","63.4845396749119","61.5874660935259","62.3246780868185","57.6756865984783","66.5051143248852","66.8353321147642","58.0471051108805","62.9521769435289","70.9530755840659","71.868865922633","68.6311562138405","63.9370666721211","61.2462435597973","60.8282777935047","53.7776809978699","41.8957725721078","45.8682682304897","37.8205965467043","35.5158744445164","44.1128896763471","53.636616690899","49.1096397491327","45.0213043644905","49.2764160402486","54.4711455220796","","59.0359301292217","52.3830680517682","40.8417202257261","47.0896690671911","54.9317828926073","53.0332906167802","43.8949130449069","57.6216060545833","71.5170583239315","73.1816664327916","70.164692341446","25.6395752059734","28.9130147247177","30.6592549363238","39.6591469822781","40.8259276055607","39.910990002522","40.3360295793838","48.2587578519606","60.4325520376037","52.7139739569917","59.4508986175642","60.3241085375162","56.7273519119882","65.0452898417847","65.1747740169605","62.2223139437845","62.4421068107465","61.7738986476093","62.5881500883704","63.1929153024729","",
"West Bank and Gaza","PSE","Food exports (% of merchandise exports)","TX.VAL.FOOD.ZS.UN","","","","","","","","","","","","","","","","","","","","","","","","","","","","","","","","","","","","","","","","","25.0486466212208","14.0231223459472","14.3408230838655","15.197766747257","15.3662213823955","15.1171675583285","12.7088437749105","15.6767646898926","13.4492789589823","12.997868038006","15.1571095986734","12.5872238009501","17.0213614074945","15.3712831217179","19.6411210044472","26.980283543828","27.6463493601893","25.1488415680121","23.7829258319275","22.2118481590719","",
"Pacific island small states","PSS","Food exports (% of merchandise exports)","TX.VAL.FOOD.ZS.UN","","","","","","","","95.5170234222006","94.2073372280924","95.2240011322532","87.5913902196065","88.0616339832951","87.8972827020288","82.5741743026152","90.7103628864134","90.7620352961305","88.8703992706051","91.1150943932862","89.9581068881788","90.6623554856889","91.1549770411874","89.8420842795142","86.0523798665313","89.1493403889371","87.1782125821323","85.114996626874","83.0736647218806","80.7519217765088","","","53.2009292242472","60.7001280172937","","","55.6659233044115","","","","","","42.1812285983097","43.5631918850646","41.1855693454756","40.5679127377692","39.0603141729156","50.0759233754612","53.321150505914","57.1151163963356","60.7383727549178","59.9442313695864","51.9767790280125","51.8970708903122","51.9081152813731","51.811068793709","55.0704252584644","49.142389694531","50.2570129349473","56.4620296168572","50.9084881200202","44.353504066653","",
"Post-demographic dividend","PST","Food exports (% of merchandise exports)","TX.VAL.FOOD.ZS.UN","","","17.699896831416","15.2808115941494","15.1611980209955","14.5747990524713","14.4238373242978","13.6267908822142","12.3599853806212","11.6150699702199","11.8508582855982","11.9753647905676","11.8559870292911","12.6043539058239","11.4914760155976","11.8547222891485","11.2596031078646","11.4589534766325","11.3874471579354","11.0948750743801","10.886183500742","11.1624876631009","10.8131317683993","10.5050886621069","10.3667441942703","9.47529015900462","9.59387524697411","9.27650043548219","8.89919440102652","9.0478470548731","8.76161560010581","8.83995866284803","8.9413736130497","8.77725472568307","8.60463578021866","8.31752643714972","8.41591091346018","7.75898488914019","7.46271291097436","7.41023219507441","6.46482158934294","6.79461928076338","6.95439887449343","6.95077020488222","6.69693249250131","6.44696275965519","6.21002077449422","6.48028114189166","6.99838072204355","7.97000473576262","7.29727439705459","7.3911094040299","7.75241462616832","7.79286961442264","8.2554957160857","8.55037268949946","8.69865790368963","8.39907126645773","8.01770535934214","8.00636519207995","",
"French Polynesia","PYF","Food exports (% of merchandise exports)","TX.VAL.FOOD.ZS.UN","","","52.7462027008543","","","","","","","","","","","23.4681548869373","17.1556222575329","17.9409709912202","21.9724760357646","33.230527295171","12.4601017657028","32.1380862670269","25.1406659631377","18.9206073267241","18.4799045577494","13.5733041367145","","","","","","","","","","","","","2.68316090868464","4.34691027660817","3.39195743476244","4.2809572147474","5.92198895106676","12.1765404564332","12.8178750730467","14.5216562708946","14.6885433225836","12.9173856855141","12.4489216881184","12.2707812458376","10.5880435293741","15.1943585512287","15.8021834549466","18.7737855902241","26.0398166924355","18.9062693796226","18.1724693039525","24.6381856360297","","","","","",
"Qatar","QAT","Food exports (% of merchandise exports)","TX.VAL.FOOD.ZS.UN","","","","","","","","","","","","","0.665168668731917","0.54405437516794","0.095449230947809","0.104179225541983","","","0.068391306672359","","","","","","","","","","","","","0.290931803924452","0.189279380533661","0.237036305469118","0.395952342435155","0.350545361423097","0.106412740390435","","0.0719827281207945","0.0535675561129853","0.0485115834665375","0.0522417725612658","0.0974996787306686","0.0660891060160105","0.0710355996619227","0.0743175834770667","0.0292511591813445","0.0318554669182665","0.000576437812716353","0.0768836456243692","0.00471104920902383","0.00339034475247493","0.0347986781522612","0.00617461982205141","0.0057789239533007","0.208548181814204","0.0929112699529485","0.0420327776512505","0.0346034551738057","0.00516628455233479","",
"Romania","ROU","Food exports (% of merchandise exports)","TX.VAL.FOOD.ZS.UN","","","","","","","","","","","","","","","","","","","","","","","","","","","","","","4.92866658381","1.07461363557337","5.48088345734734","6.18374647793945","6.52461050111577","6.2888466126477","6.54811389493644","8.5379119532546","6.90668416165748","5.06262452384721","5.52350350844255","3.12991165679217","3.71121860687265","3.06867924521514","3.15248979287348","3.02839593004111","2.94934897259716","3.2698565245705","3.72597670225256","6.18220868637602","7.42622545639308","8.06704183900886","8.55141501270833","8.5059506328528","10.1529888035019","10.1587936030406","10.406303959454","10.2814049073939","10.1273134654277","9.46397003393333","10.341940624712","",
"Russian Federation","RUS","Food exports (% of merchandise exports)","TX.VAL.FOOD.ZS.UN","","","","","","","","","","","","","","","","","","","","","","","","","","","","","","","","","","","","","1.76706682666688","1.55925634359805","1.62383323003603","1.01377507518229","1.24749814288395","1.44156476909385","2.02915254206535","2.00032086905954","1.35514521253685","1.59860071280701","1.59442543078254","2.32870008397614","1.77856911347095","3.05916864685902","1.89023776011023","2.17453778541075","3.16456667932396","3.04296928937939","3.77501726721545","4.65118083763953","5.67589400387057","5.50717239982724","5.45919733449429","5.75722095098162","",
"Rwanda","RWA","Food exports (% of merchandise exports)","TX.VAL.FOOD.ZS.UN","","","","","","","","","","","","","","","","","","","","","","","","","","","","","","","","","","","","","57.0186900792787","54.4925563582692","69.4449681293795","79.2962730723188","","56.6553758207771","0.10846312685443","61.4283928605281","58.8398293015042","56.6064083391953","61.2869205417669","44.5182520094166","66.3171771585321","49.6160351567643","52.5074058319674","43.6761110786696","47.9994553820735","36.6823797062953","36.2404071172255","46.5838189431807","44.9395346164591","35.5625515740202","37.9765591056719","34.706048478823","",
"South Asia","SAS","Food exports (% of merchandise exports)","TX.VAL.FOOD.ZS.UN","","","38.1946428390322","38.8755826321321","35.8370364458645","32.9780910031412","32.1713707215142","33.1691286303517","31.5031291170397","27.7699528489573","29.5350337702978","30.5572339230697","30.0298486264176","32.6697394955371","33.3225774295236","37.4681032213023","32.5241326161226","31.7050210420945","28.421308351835","30.2333141183267","27.2809828264972","29.3902425307511","26.4321309826314","24.1450708140946","23.7957674947903","24.9251271742752","23.9229000105666","19.7166236938634","16.6695970281774","16.5107236242894","15.5881087452691","16.4177051441322","15.5303178475027","16.0600087264857","15.5666136485371","17.5773294089584","17.2162805749863","16.5194476290962","16.1862829722226","14.6510061873597","12.5117355288555","12.8773134343416","12.4632965502024","11.0542810482917","10.463013107183","9.50146966175796","9.13783179931248","9.77074801685135","10.9234505438681","9.10056640707822","9.34231383150989","10.0719524963938","11.0997419621257","11.8782011189715","12.5974294795222","12.0031448790213","12.4265799447484","12.8539285440686","11.5486912710697","11.3011019293758","",
"Saudi Arabia","SAU","Food exports (% of merchandise exports)","TX.VAL.FOOD.ZS.UN","","","","","","","","","0.0887699271131971","0.124427236375092","","","","","0.109596455939204","0.0854797447734025","0.0618251169237089","0.0412700599308988","0.0608700611179816","0.0717457800399492","0.0963829401373486","0.0940795542863446","0.128489839003676","","","0.259787310888136","","","","","","0.52636087877793","1.13074353227362","1.04185060618592","0.726485235211381","0.859603546224178","0.632938521210234","","1.11560919763966","0.932112799558327","0.539151724436902","0.558501042815363","0.630505354205647","0.836146900824738","0.740112218776931","0.621621175907189","0.642065461869732","0.840377054007679","0.746284525251434","1.41846667883829","1.17188203849752","0.921421183718837","0.884715020969214","0.90096517161619","1.0538304516827","1.8387506990033","2.03035291983073","1.65690859543697","1.20393016596239","1.37181292763773","",
"Sudan","SDN","Food exports (% of merchandise exports)","TX.VAL.FOOD.ZS.UN","","","","29.4859090501776","37.8036374219286","36.030395555987","36.0139200966214","30.5780524747749","27.538143609834","28.8602637827658","24.5517499167166","28.7837537854226","28.8397886250359","32.8763693364423","44.6319981379155","42.4494709461516","38.9346197040299","","37.44007227434","28.639822419778","46.8813808831934","58.7710612455064","60.9700231298883","","42.7249382979396","45.191435941689","","","","","","","","","","44.366094462853","60.5839060074125","58.0120394497299","64.6408126290084","70.3424803425898","16.7330931694876","10.4085990393406","17.5508737600374","10.4324651135979","10.5260195192051","6.84441437707189","5.55973189648007","","3.16457241635407","5.00029348863054","3.51608316480753","6.25855166477429","","","","","","","","","",
"Senegal","SEN","Food exports (% of merchandise exports)","TX.VAL.FOOD.ZS.UN","","","89.4383691780827","85.2994790252745","86.3433586202825","86.8529897865074","86.0430029181142","85.5844422897429","81.7034639820947","67.0914587792975","64.7579946919932","52.9915843259632","64.9566999410856","53.6589383050312","48.2159857034853","52.0421460821414","","64.3856255630433","48.7105330106332","59.9834511643615","43.0473641874136","26.6822230808814","","","","","41.1133251649971","45.2972382013004","","","","","","","","","9.49221392476106","6.21136621760642","15.3213868724246","13.4449851426158","52.3505486439934","46.1408755969728","16.1973344372711","37.147032669135","34.9981911526738","28.8223756559316","42.9604169871199","36.7930368519528","20.3887088211069","26.8806807315229","26.7565476055653","30.5408667112821","26.8480142090711","34.0313089644118","34.7706325773164","31.3599910962172","32.2195623059411","34.2316251224151","32.2926646693675","32.9188565547513","",
"Singapore","SGP","Food exports (% of merchandise exports)","TX.VAL.FOOD.ZS.UN","","","17.9299586684842","20.0929847966974","18.4059358226842","18.2213811433557","17.186205390467","18.4153797785422","17.6236731281255","14.7519363190338","16.3813898563235","15.4608956660416","12.6453338460483","9.4930228583922","8.61748688310209","9.50902656112111","7.83905440451958","9.85019055651996","9.40747318062657","8.76047655931365","8.11458579693045","7.31984878528535","7.72886544488606","6.37598244546181","9.1860423623711","8.0699551175479","7.98598105456128","6.60612976062647","","5.75374769483808","5.21167420564956","5.59145715710226","5.58515249842834","4.99666406069862","4.49863383622385","3.94957835388951","3.62399327252597","3.52196970464034","3.38935667226281","2.80586822880474","2.2433622812432","2.28012049622953","2.28219532863713","1.93275888071748","1.81568011926413","1.4678045387655","1.42003513460266","1.57102204045269","1.70004942323868","1.94851471864722","1.94655753677994","2.10830664491311","2.11901282551516","2.29661800591977","2.540606217558","2.83193436951345","2.88450724328906","2.6092476436446","3.24999462558885","3.5261638237168","",
"Solomon Islands","SLB","Food exports (% of merchandise exports)","TX.VAL.FOOD.ZS.UN","","","","","","","","","","","55.6296866679513","59.8198383588949","60.9561277071926","47.4805902714797","74.3660849492336","69.4149216790599","66.0603401733688","71.7131689279555","73.5389861011604","70.8978467004138","71.5850261162448","69.2432455373723","55.8386804277934","71.113169490991","71.1808294962397","72.1954223094037","64.0767695828166","64.1547378450158","","","","","","","","","","","","","","","11.3501113456599","13.7345722416186","11.3678520838167","15.1321144684734","19.0746444284871","31.6602462845336","43.552642818354","36.3184339126194","37.5016152854433","32.1230332376029","29.4671892099676","23.9469419420333","27.8026148040618","14.6342791249079","23.7475061219304","23.5235030952827","20.1485735820115","","",
"Sierra Leone","SLE","Food exports (% of merchandise exports)","TX.VAL.FOOD.ZS.UN","","","","15.3155903097581","15.4189622585545","","","","","","","","18.3714744373433","21.4116833811241","20.7315026164978","24.7627619730403","22.4341662459506","","","","","","","32.7483324829664","31.3601177062021","","","","","","","","","","","","","","","","18.8793241832381","","91.6379926709422","","","","","","","","","","","","4.04408350139097","87.811067075485","78.0411482709955","73.3469386706116","45.6396889404792","","",
"El Salvador","SLV","Food exports (% of merchandise exports)","TX.VAL.FOOD.ZS.UN","","","","60.0942578242649","62.5507686288511","60.7361853194108","61.4979991519214","60.7909092484845","58.4261501908325","55.998538911226","59.3668288687608","53.3291453898474","54.3023827706443","57.3515194687014","56.4513295746312","55.6726214566886","64.8981538818717","69.7068309272401","46.9280996302964","64.9866877476062","46.7950338656832","44.5732570630151","43.2290259480182","48.7496592989288","68.4839260390509","67.5875032303958","81.7207935289435","70.9716302754891","","","","","","","51.0129809528434","57.1183368409821","52.4219538859369","55.1151718796532","46.6483300626087","42.0928491501109","19.2312451967214","14.7483827228532","13.5023668341539","13.5903537965581","14.2637021537637","17.2526780127603","17.7539281235124","19.14933719613","19.626211460779","19.2938269537115","21.1573234582694","24.3385395156465","22.7274747237922","21.8427094677246","19.1063232587531","19.6024868682885","18.1542688657067","18.734669670465","17.6055116788498","18.9737696914415","21.6045080588854",
"San Marino","SMR","Food exports (% of merchandise exports)","TX.VAL.FOOD.ZS.UN","","","","","","","","","","","","","","","","","","","","","","","","","","","","","","","","","","","","","","","","","","","","","","","","","","","","","","","","","","","","","",
"Somalia","SOM","Food exports (% of merchandise exports)","TX.VAL.FOOD.ZS.UN","","","76.5410408296696","","","","83.9840655488413","","","","85.4784396656408","86.0584768730807","89.5432380330236","88.5375761014797","91.9957217663398","90.3034064726919","87.5296393931963","90.4082603260903","96.3981292928753","88.571944273844","86.6635211683527","97.5106018734604","93.7297371331932","","","","","","","","","","","","","","","","","","","","","","","","","","","","","","","","","","","","","","",
"Serbia","SRB","Food exports (% of merchandise exports)","TX.VAL.FOOD.ZS.UN","","","","","","","","","","","","","","","","","","","","","","","","","","","","","","","","","18.9372670017904","","","","28.1777714448501","16.032028609696","14.0556563107634","21.6165969724093","16.9745429976856","16.4165718936562","23.1360386711746","","20.6210750532249","19.7514868691404","19.035529636306","18.6105131134643","","","","","","","","","","","","","",
"Sub-Saharan Africa (excluding high income)","SSA","Food exports (% of merchandise exports)","TX.VAL.FOOD.ZS.UN","","","","","","","","","","","","","","","24.6222377226146","23.839839220923","22.8234617313857","22.0247700029669","22.5952468923759","19.7104769010111","","16.2141374472733","","","","","","","","","","","","","","","16.6038806280861","16.6302627264315","17.1941576774717","17.2178338754307","13.3812642408993","13.5394684045147","13.1417770022744","13.4001884850413","","","10.5771064980511","9.02343371097993","10.7082720420393","11.3649522171987","10.7969449898686","9.37958290873561","10.2931700564995","11.0374532828446","10.3503335916896","12.1204771453254","12.5383894536696","12.0827997435104","11.8537485007638","12.1480767872011","",
"South Sudan","SSD","Food exports (% of merchandise exports)","TX.VAL.FOOD.ZS.UN","","","","","","","","","","","","","","","","","","","","","","","","","","","","","","","","","","","","","","","","","","","","","","","","","","","","","","","","","","","","","",
"Sub-Saharan Africa","SSF","Food exports (% of merchandise exports)","TX.VAL.FOOD.ZS.UN","","","","","","","","","","","","","","","24.715864629579","23.9485784307787","22.9275706394289","22.1347858415786","22.67996827813","19.8012554485119","","16.3102081305483","","","","","","","","","","","","","","","16.7343147953942","16.7571088858498","17.325904524185","17.3463702352089","13.4999300760672","13.6636826763999","13.2664970913163","13.526488405024","","","10.6998702944723","9.13354196683356","10.7755269861079","11.3649522171987","10.8885102927194","9.41402594031361","10.3948346477426","11.1461073068562","10.4612395532458","12.2074979428441","12.6361799047113","12.1706615433257","11.9413283093259","12.2564237815316","",
"Small states","SST","Food exports (% of merchandise exports)","TX.VAL.FOOD.ZS.UN","","","","","","","","","","","","","9.16390857807646","8.88767974680215","8.22983626772121","8.1750961807712","","","7.12888658458594","","","","","","","","","","","","","","","6.82870175562606","6.92802256621067","7.97363799666432","7.7925599027488","","7.97202727757535","7.44566020885554","6.8979750008086","6.90831862515967","7.03428866929266","7.28644704038363","6.66454933235129","7.06036886773068","6.09048950028897","5.80775693257623","5.92151256092828","6.35870412383741","6.49689472232349","5.97314132242036","6.59234474744056","6.94295739172103","6.3804071926846","6.78593360311634","7.19882520130871","7.09007146533495","8.78565998339564","","",
"Sao Tome and Principe","STP","Food exports (% of merchandise exports)","TX.VAL.FOOD.ZS.UN","","","","","","","","","","","","","","","","","","","","","","","","","","","","","","","","","","","","","","","","98.5992524243358","96.9211675160884","97.9893741711678","96.6288469191982","94.9156579650232","94.3236290767447","94.8675273280226","94.5322916093933","95.0093701382111","92.4897505010541","92.4502835211266","94.6162186659504","95.9597691854141","87.2463557212902","85.2814496088211","97.0129436378182","93.2568499678311","88.4471775361579","85.4041399501316","74.2652495982975","87.7581338018919","",
"Suriname","SUR","Food exports (% of merchandise exports)","TX.VAL.FOOD.ZS.UN","","","21.1153042130179","","","10.9064354957191","","","","","","","","9.15679197947367","12.9148901508467","","","","","","","","","","","","","","","","","","","","18.2915927421747","18.5824542482686","22.3446207008367","15.8254225678","12.1764265751307","15.0474513065656","2.69874564370534","3.4506321197028","4.38439908723721","2.55865364205715","1.96072455524","1.3781288785083","1.31270933845527","1.45383071431105","2.26980007013355","2.22408468959349","2.40302154315572","1.84810414247914","3.64224393446908","2.36731528201057","3.35847543627613","6.8889717888414","8.76409669121108","7.1662421738501","7.39096225303565","7.02947910495338","",
"Slovak Republic","SVK","Food exports (% of merchandise exports)","TX.VAL.FOOD.ZS.UN","","","","","","","","","","","","","","","","","","","","","","","","","","","","","","","","","","","5.75117904814952","6.19114625487841","5.25001001697859","4.54478412416347","4.16377249808706","3.99350836313551","3.22915411363651","3.5999930197106","3.62379764425527","3.10546442535164","3.77321219716029","4.61418338586821","4.20691780860152","3.89161775335094","3.64951411114766","4.69329214446275","4.39209765169662","4.95417757966843","5.62463543339944","4.86620482985642","4.08547111446096","3.9773023266327","3.92764785821528","3.71779524639723","3.46649506944937","3.56351623996148","",
"Slovenia","SVN","Food exports (% of merchandise exports)","TX.VAL.FOOD.ZS.UN","","","","","","","","","","","","","","","","","","","","","","","","","","","","","","","","","6.52796337946843","4.78514322979357","","3.87941788213295","4.16696711528354","3.91939620461753","3.83655596315024","3.86727884725885","3.68160740137603","3.64202365889023","3.66108549175625","3.49566960877176","2.71155851185194","2.80493570772487","3.03244901764953","3.23934649260754","3.78217245775383","4.23597926856421","4.10479277992001","4.10458264510324","3.81799075487893","4.02313614756991","4.11200502699162","4.30981302659624","4.43267052427907","4.37367939987453","4.46970553110167","4.39796387497291","",
"Sweden","SWE","Food exports (% of merchandise exports)","TX.VAL.FOOD.ZS.UN","","","3.80478817823215","3.52901180861175","3.07873752712795","3.2675863307682","3.21595032129342","2.99757109507242","2.6420727595145","2.78046901548433","2.30394431777255","2.92346655913899","3.04906109588106","2.59922815271001","2.90947381108223","2.92837298854757","2.72056598472628","2.4597786286152","2.39588721313918","2.40367703037616","2.39935549017687","2.55664741767378","2.91983010851437","2.86201153041481","2.80853344685801","2.86337538393075","2.25598395177079","1.97857557943232","1.89740012693016","1.94184627642749","2.16307068063092","2.10415627218456","1.98909231753919","1.98356874083883","2.21817231792652","2.2096306389604","2.48078743689292","2.7782350883107","2.53980232927451","2.567505890337","2.47832230408581","3.01089760820782","3.20165914935217","3.31815713021752","3.3266853802078","3.46459797467397","3.50410942185358","3.56734106374672","3.92430898627334","4.92675991221341","4.69571572070245","4.44535906205151","4.9399860164198","5.77298661228325","6.11011946716162","6.30655512649302","6.85197539440144","6.32569651644156","6.27802486434571","","",
"Eswatini","SWZ","Food exports (% of merchandise exports)","TX.VAL.FOOD.ZS.UN","","","","","","","","","","","","","","","","","","","","","","","","","","","","","","","","","","","","","","","","","33.5761375173588","36.8342064531732","14.0506471232779","14.7320282736024","13.5191328366982","18.8287054470577","25.9457337080989","21.1267575970801","30.0028717579021","34.8531692490544","30.5843343896527","24.7362984310951","32.8382403696059","33.4070324368649","28.7224623871025","29.6662150181837","28.0975211209047","24.4143002553052","25.9765057896241","28.6965991086011","",
"Sint Maarten (Dutch part)","SXM","Food exports (% of merchandise exports)","TX.VAL.FOOD.ZS.UN","","","","","","","","","","","","","","","","","","","","","","","","","","","","","","","","","","","","","","","","","","","","","","","","","","","","","","","","","","","","","",
"Seychelles","SYC","Food exports (% of merchandise exports)","TX.VAL.FOOD.ZS.UN","","","","","","","","","","","","90.3434773403617","90.2200261882645","92.6924362726366","95.040806248413","93.9239247064166","91.2439936528276","91.185150072905","88.9886606009546","91.6945183297044","90.6965177123534","86.6311700459409","96.3860097779166","96.861615159881","12.0839221059483","11.0707919969774","96.1351651244931","99.0494868063152","","","","","99.2389085659795","98.815056979051","98.7524972292316","98.6017412626425","99.2962887472552","99.0843027861714","99.9381824416573","99.940038717699","94.9119282104502","98.8686070199717","96.4440643946559","99.7377382275242","99.5007378604244","90.8412032279015","93.2130844773856","97.7860475090658","58.4791375972824","","85.0974260860032","36.8834444299346","88.5786515415713","95.9658756971333","95.701058063402","79.5613667510311","89.5465609230105","80.949361658897","79.0216321743764","78.1263378888016","",
"Syrian Arab Republic","SYR","Food exports (% of merchandise exports)","TX.VAL.FOOD.ZS.UN","","","","","","","","","","","","","","","5.96201477783332","5.25213495710576","6.26893331082893","5.82840453670216","7.2532120028407","4.76755052155005","4.31352141396104","3.29206041239325","7.68072574010431","4.66152408417417","5.91747866913231","2.76334956956626","6.95261975278858","4.00564460004791","","","","","","","","","","","","","8.63765685307795","6.22634317716217","13.0512809084936","14.0196586335678","14.6891206566314","13.3935888770485","17.3886077204747","20.7968226130632","21.9556309839953","27.3474066080341","21.01719396997","","","","","","","","","","",
"Turks and Caicos Islands","TCA","Food exports (% of merchandise exports)","TX.VAL.FOOD.ZS.UN","","","","","","","","","","","","","","","","","","","","","","","","","","","","","","","","","","","","","","","","43.0398307494877","20.2086154060367","57.0857656787154","50.7571724387885","28.6599951998077","33.2638231777224","47.1699955640071","38.4854691732304","35.5363635502432","18.7763668619168","21.2160163315077","","14.8585468152714","15.942377269413","","","","","","","","",
"Chad","TCD","Food exports (% of merchandise exports)","TX.VAL.FOOD.ZS.UN","","","16.7608100147827","16.1164840916119","11.2580595612364","11.9578128676651","15.348144264753","11.1528675094277","8.63796720619777","11.0231415369395","22.6457767509135","23.854150381747","18.428759157979","16.9196861431327","19.1857702757474","16.1548576087283","","","","","","","","","","","","","","","","","","","","","","","","","","","","","","","","","","","","","","","","","","","","","",
"East Asia & Pacific (IDA & IBRD countries)","TEA","Food exports (% of merchandise exports)","TX.VAL.FOOD.ZS.UN","","","","","","","","","","","","","","","","","","","","","","","","","18.7439822478634","16.2542321736241","16.1007928601509","16.7269480345452","","","","","12.8087477575335","11.8046848884436","11.3283782560067","9.69596706209656","9.5417144441619","9.29426634100044","9.0672692700352","8.22316102017858","7.10113307197597","7.21800642791987","7.16681195915598","6.74072904305312","5.95375833305866","5.49149102892687","5.16490060200323","5.50670578714487","5.98059371617233","6.35489954809388","6.10339692264759","6.53623099942525","6.3537802359822","6.01469855742114","6.2660875407502","6.28296507038277","6.69892673438499","6.62654752970568","5.99460517370155","6.02274835889582","",
"Europe & Central Asia (IDA & IBRD countries)","TEC","Food exports (% of merchandise exports)","TX.VAL.FOOD.ZS.UN","","","","","","","","","","","","","","","","","","","","","","","","","","","","","","","","","","","","","8.75459040993638","8.2006427661182","7.28791749048194","6.51233919740608","5.14133702813855","5.67687390637372","5.75899755248095","5.63341998751061","5.25654053657151","5.8270874930807","5.51147563475781","5.95276284423874","5.71612133058757","7.65522617423521","6.84720330175143","6.76184105296893","7.85820435778445","8.41348245723956","8.97986498589673","9.94273413015762","10.6212460988111","10.3237493870283","10.0635518451472","8.98131822323224","",
"Togo","TGO","Food exports (% of merchandise exports)","TX.VAL.FOOD.ZS.UN","","","75.3683766620361","61.4112721052428","66.5435121670066","57.666209721059","50.3071692409426","49.4133068055547","","58.0697732197968","67.1970893839838","49.531519904546","54.5212942118209","43.7175171763914","19.1987932139988","27.6817247767758","35.768931175333","42.933102770399","39.589123843805","31.3163450867497","20.6688318007057","26.139073540971","","20.6155762911015","","","30.0936083388236","28.8734512546585","24.1241527911787","","","17.7105039735273","","","17.0654882107583","18.5460906830242","17.6711804616744","21.7053691670822","15.4098549071882","21.2600713939043","19.5804511564083","18.230963721138","23.2293137355407","15.4946796817321","23.968420529638","21.4500110855906","","15.7232992940811","15.9976806611115","16.8786026199265","18.1090940602575","14.6931769600386","17.0409961958788","20.0711805704265","19.3072327697089","23.7079028197613","22.5043949803647","19.667870490237","15.7142399723907","19.82614018626","",
"Thailand","THA","Food exports (% of merchandise exports)","TX.VAL.FOOD.ZS.UN","","","54.1986460319276","58.9419976759865","62.3168791066911","56.223820050484","54.7206274710308","58.3195143722522","57.2858392326244","49.562223594522","52.3136558733032","52.7071194902597","54.4266064548196","46.6783118416997","58.781159250975","62.7500424390606","60.9689826609072","59.8504260550817","52.4748420299191","49.083825298219","47.0203212352864","55.509470025444","57.4548209710802","52.6584168679455","51.6253368060989","46.160897667401","44.468718565901","37.0493184941158","","34.0575879943813","28.7273691412603","27.054078770569","26.0804189646227","21.8499978112348","21.0623255371085","19.2884079077067","19.7821661096056","18.3962652158003","18.0911802031704","17.0756427658769","14.420498526654","15.430892493832","14.5948435143321","14.0920567008612","12.9331040147095","11.6429383353433","11.2451127674636","11.5357429225465","13.2414153887205","14.5176646276288","12.8000117547199","13.7509229015427","13.3778533896319","12.8513907926031","13.5651052928687","13.5284864938039","13.466571789218","13.569991084626","13.4797909728908","14.5428363798241","",
"Tajikistan","TJK","Food exports (% of merchandise exports)","TX.VAL.FOOD.ZS.UN","","","","","","","","","","","","","","","","","","","","","","","","","","","","","","","","","","","","","","","","","4.22086644539002","","","","","","","","","","","","","","","","","","","","",
"Turkmenistan","TKM","Food exports (% of merchandise exports)","TX.VAL.FOOD.ZS.UN","","","","","","","","","","","","","","","","","","","","","","","","","","","","","","","","","","","","","","0.793773677967202","1.14441948833404","0.453544524717346","0.293684623599083","","","","","","","","","","","","","","","","","","","","",
"Latin America & the Caribbean (IDA & IBRD countries)","TLA","Food exports (% of merchandise exports)","TX.VAL.FOOD.ZS.UN","","","46.0299009121453","45.1446987488495","49.4657416574601","49.1169835593153","48.2899288154062","49.8023913347888","47.5922722961439","45.6395289975259","45.9997026474703","45.682959017037","46.3004133947785","41.5610197182119","39.388739928104","39.072498382337","40.7201754044099","41.9947562403325","38.6709435463677","34.9967912586898","30.0032417663531","28.2855851403398","26.8486413847631","27.7741870305532","27.7921719663666","27.2564890226864","31.1191312509091","27.4702191475341","","","18.0435299275093","18.7690688934116","20.7073038178928","21.6620186540817","23.3419031223254","23.3113913239143","23.1838650491377","23.4866652574556","23.4798354145817","21.9076171090174","18.5311887918278","20.1865955544773","20.228952242323","20.6987769971219","19.6608273078669","18.5407718138045","17.7561150085567","19.7677115641128","18.9215487612708","21.4335013828751","19.5465435763821","19.1419842200093","19.1630199455764","20.0368170122824","22.6787244137684","24.72294661068","25.9406231514477","25.1169856522138","24.0861028562458","25.1814030211492","",
"Timor-Leste","TLS","Food exports (% of merchandise exports)","TX.VAL.FOOD.ZS.UN","","","","","","","","","","","","","","","","","","","","","","","","","","","","","","","","","","","","","","","","","","","","","99.0307396893731","96.2541639312824","","","","","","","","30.4933528803991","","","","64.004242859441","","","",
"Middle East & North Africa (IDA & IBRD countries)","TMN","Food exports (% of merchandise exports)","TX.VAL.FOOD.ZS.UN","","","","10.7305677873367","","","16.4795614066939","","13.9265448408056","14.9461260592802","14.0466351896205","12.1151282110223","19.1332957137758","18.1728111293384","11.2149350795574","11.3217936835624","10.6669852161955","6.37754688643564","","","","","","","","","","","","","","","","","","","","","","","4.65819502603682","5.00278242007657","5.14863721880678","6.18027567607874","4.99512095013477","6.63333210031255","5.19443257476437","4.77148108272051","4.90481200787056","6.32503853606633","5.82006301642853","5.11842628229264","","6.1325017150663","7.29623304783383","10.5699602828799","6.44243506214087","","","","",
"Tonga","TON","Food exports (% of merchandise exports)","TX.VAL.FOOD.ZS.UN","","","","","","","","","","","","","","","","95.8936881852534","92.2054083177245","97.7450115352277","97.2363800985322","96.7865913233118","93.0880585447662","88.1976111245","82.7179679080918","79.9577583193936","90.4307127287079","86.320944164154","84.6547875993964","79.9375141220329","","","","","","","","","","","","","49.8688562018992","71.7598792667802","55.2526040944235","65.1174294472825","46.8957786774292","56.452656591247","45.5755597723282","47.0001954512906","67.2767367357093","85.9485125627741","88.5803170655348","64.1774942383077","75.9648193709911","80.6428773556731","354.552668620802","","","","","","",
"South Asia (IDA & IBRD)","TSA","Food exports (% of merchandise exports)","TX.VAL.FOOD.ZS.UN","","","38.1946428390322","38.8755826321321","35.8370364458645","32.9780910031412","32.1713707215142","33.1691286303517","31.5031291170397","27.7699528489573","29.5350337702978","30.5572339230697","30.0298486264176","32.6697394955371","33.3225774295236","37.4681032213023","32.5241326161226","31.7050210420945","28.421308351835","30.2333141183267","27.2809828264972","29.3902425307511","26.4321309826314","24.1450708140946","23.7957674947903","24.9251271742752","23.9229000105666","19.7166236938634","16.6695970281774","16.5107236242894","15.5881087452691","16.4177051441322","15.5303178475027","16.0600087264857","15.5666136485371","17.5773294089584","17.2162805749863","16.5194476290962","16.1862829722226","14.6510061873597","12.5117355288555","12.8773134343416","12.4632965502024","11.0542810482917","10.463013107183","9.50146966175797","9.13783179931248","9.77074801685135","10.9234505438681","9.10056640707822","9.34231383150989","10.0719524963938","11.0997419621257","11.8782011189715","12.5974294795222","12.0031448790213","12.4265799447484","12.8539285440686","11.5486912710697","11.3011019293758","",
"Sub-Saharan Africa (IDA & IBRD countries)","TSS","Food exports (% of merchandise exports)","TX.VAL.FOOD.ZS.UN","","","","","","","","","","","","","","","24.715864629579","23.9485784307787","22.9275706394289","22.1347858415786","22.67996827813","19.8012554485119","","16.3102081305483","","","","","","","","","","","","","","","16.7343147953942","16.7571088858498","17.325904524185","17.3463702352089","13.4999300760672","13.6636826763999","13.2664970913163","13.526488405024","","","10.6998702944723","9.13354196683356","10.7755269861079","11.3649522171987","10.8885102927194","9.41402594031361","10.3948346477426","11.1461073068562","10.4612395532458","12.2074979428441","12.6361799047113","12.1706615433257","11.9413283093259","12.2564237815316","",
"Trinidad and Tobago","TTO","Food exports (% of merchandise exports)","TX.VAL.FOOD.ZS.UN","","","","","","","","","8.59623295408881","8.73325524299717","8.88759340849652","7.99901973509422","9.01372597065664","6.98963540335236","4.1087055732588","6.39852311788648","3.86508392921123","3.45573724810003","3.16861154715032","3.1010376224857","2.0580245460302","2.0108305471173","2.0910352645259","2.31738194837229","2.36059789466261","2.12310088136718","4.2087510371765","4.52260792233287","","","","5.89508747361977","6.16204494983068","7.64054147446673","8.01488865543274","8.39614789832564","8.20609326210296","9.58423741118535","11.0159402104672","8.30556321627853","5.6544965704003","5.14686472907766","6.4940037013098","4.15017100833256","3.55402333455932","3.14166006990535","2.31896749648579","2.56792127973002","1.98513647789741","3.23954766134588","2.52158313833556","2.68257896299427","3.5943502359764","2.22044939207175","2.72065738783653","3.99737504744908","","","","","",
"Tunisia","TUN","Food exports (% of merchandise exports)","TX.VAL.FOOD.ZS.UN","","","63.5081901958634","63.7040170688874","61.6596525418792","44.5137968232449","48.4165206124042","35.4336422734298","33.1475159140779","31.957274232808","29.8997308947269","35.4263932855616","43.2727480614055","32.7938460894266","24.7684201653383","19.2074627330497","19.9083882984662","15.1738141348852","15.7298475419511","12.7745642470415","7.17160827254442","9.213789960226","8.74599996194272","7.24182189624681","10.228089536057","9.69816606354145","12.2164516162206","12.6737491339084","","","10.9899413417135","14.961839673571","10.1299532510249","11.2782248370719","12.7912239379746","9.7701037652578","7.34714081044662","10.9940007649269","9.45854936961162","11.2300679576099","8.70968142082602","7.88679392445068","6.78255402192348","6.93456410244087","11.0693084265799","10.3678927042142","11.8329311769012","9.51867893800244","8.88296712577561","9.23772911548861","7.72816709849121","10.0897882156043","9.33684864501797","9.70972611764661","7.85137308668468","14.2292213663173","10.3205294877129","10.570676109342","13.0665897704359","10.6545678279715","",
"Turkey","TUR","Food exports (% of merchandise exports)","TX.VAL.FOOD.ZS.UN","","","66.9924784174809","60.5404089864355","60.67811797418","59.7989061418441","56.2965844309731","60.9162284279493","55.3587007742516","60.0790878187489","49.2788679816718","48.086396969971","53.5764719704334","48.5136096425172","46.4721843027471","45.4499796670071","42.1514400920775","51.3035486672599","53.0854632808582","52.7281055688498","51.0715712000922","45.9950214656367","39.2728646633271","38.2625055316576","30.7647268950951","25.2084468886271","29.8674926568971","25.3044898256463","","22.9576523779492","22.4231479882205","25.9706483265348","22.7473941157657","22.5637437823976","21.9427768894991","19.5689886046617","19.7259989214001","19.560290685211","17.3646861192961","15.3635437693749","12.808988998744","12.756821482832","10.1217812652105","10.0208709308727","9.33382936727973","10.4981703895863","9.2729161102983","8.39658669972357","8.10846547655656","10.3598652455941","10.4216793650908","10.5313257717835","9.85547254046981","11.0334609150438","11.2600208508807","11.5133404563075","11.2288682822223","10.617605022266","10.3613459121566","10.7247046765696","",
"Tuvalu","TUV","Food exports (% of merchandise exports)","TX.VAL.FOOD.ZS.UN","","","","","","","","","","","","","","","","","","","","","82.5903163251696","80.5805661600519","72.5435540069686","","","97.9094332017186","","","","","","","","","","","","","","","","","9.26103298648904","","3.21704178860937","","","","","","","","","","","","","","","","",
"Tanzania","TZA","Food exports (% of merchandise exports)","TX.VAL.FOOD.ZS.UN","","","","","","","","","","","","","","","","","60.0625007805573","68.596548641309","65.2364134954491","61.0284716249188","58.1262004713235","63.0528973758059","","","","","","68.4489093987838","","","","","","","","","","65.216954492775","60.9143998588112","69.8774246199392","54.8132875163515","44.7187933029289","43.1373715206505","37.1253232474813","33.1340317901253","37.0846242876983","34.1602082884246","35.0434335546683","28.2805535388153","25.7321854039329","24.0237655693442","20.5332227888895","25.4664154133022","29.3449034337603","44.4045362811097","40.556324259579","36.9354696040302","39.9642983422044","21.902961694391","","",
"Uganda","UGA","Food exports (% of merchandise exports)","TX.VAL.FOOD.ZS.UN","","","","","","","","","","","","","","","","","89.8515747218256","","","","","","","","","","","","","","","","","","93.2083452592089","85.9960684361271","75.0209477833174","70.7186016413388","85.3636510966438","72.8275532131387","62.8867898514189","62.8051165228196","65.8006664796014","66.5828143064165","61.3731809133333","63.2630239471728","54.3727197236781","62.2482756487946","62.5908529609489","62.5338267363727","66.7521754891034","53.8717423087671","46.3137379895478","66.1127744788088","65.5290185236455","66.3290751610546","54.4680860923732","59.7097376599623","55.5146803027516","","37.5335870479889",
"Ukraine","UKR","Food exports (% of merchandise exports)","TX.VAL.FOOD.ZS.UN","","","","","","","","","","","","","","","","","","","","","","","","","","","","","","","","","","","","","18.965303149202","12.1754129142742","10.6230193030536","12.0044666516403","9.17203274072935","10.646805436848","13.0513767949689","11.5520048160413","10.410294479451","12.3647677516443","12.0131110543813","12.5606414785397","16.0531543733145","23.8050454091056","19.2195811267529","18.6525818837677","25.8801128373636","26.7876286224574","30.7038754001777","37.9665975166505","41.8512394433462","40.7651813560661","39.1258135073981","","",
"Upper middle income","UMC","Food exports (% of merchandise exports)","TX.VAL.FOOD.ZS.UN","","","","","","","","","","","","","","","","","","","","","","","","","21.9939492761998","20.0086065692551","20.9654919706185","20.4167082653473","","","","","15.0369244934384","14.3674460763221","14.4828414226389","13.3054937459201","12.0049648692562","11.460661946735","10.9964348176335","10.1075836245464","8.39796432447761","9.01343319753838","8.89560099821366","8.8516389240377","7.94261459279183","7.67644035795062","7.14114502216601","7.34140538666355","7.54237112881153","8.64757693889936","8.03683358469","8.15066810501336","8.16615674287103","8.40497143704563","8.69992346031569","9.29720014749366","9.66751164854675","9.67659774547138","9.01297999221624","9.42856701479031","",
"Uruguay","URY","Food exports (% of merchandise exports)","TX.VAL.FOOD.ZS.UN","","","","","","","","","","","48.0596123960007","47.7630766539638","54.822935985247","","52.8139947943539","43.8367487826776","44.4564749612851","37.8993469151808","35.2148953311499","36.5066842257782","39.1389099466813","47.4452638401342","44.7234446161023","50.9880985401388","41.4306413445228","42.3478948879186","42.5045707251688","32.2599514606471","","","","","","40.5919788653385","41.077144899782","44.2069578598175","46.7195663856493","48.3162180043153","50.6603211401076","50.8104452061408","46.2543408325556","44.1536227810298","48.6032314896841","52.4797839486323","54.284355613095","54.5412278271948","55.0707956720441","53.0818012245655","58.770718021569","63.4613509531454","61.2837228871242","61.6354282843171","65.3014128746842","66.0637844251957","64.7995981880109","61.0614546321109","63.4728274899332","63.1480942080119","59.6850910181483","65.397274188267","",
"United States","USA","Food exports (% of merchandise exports)","TX.VAL.FOOD.ZS.UN","","","20.6845977204806","21.3708998124771","21.3934532594607","21.0831048593304","21.2681657125","18.8716334478146","16.8940317129741","15.0168597935526","15.9994792612271","16.2803477363861","17.8240862861024","23.6048800999182","21.0775766513623","19.6703409770165","19.2129229332525","18.7144735536295","19.9627183190804","18.8683337468923","18.2458627853766","18.4830660193139","17.1086103687453","17.8171131037861","16.8106615242088","13.4873058651409","12.597779829208","11.6597359877688","","11.7199820155573","11.0821420329684","10.4281647974271","10.8677935311035","10.4464052529352","10.1439524784013","10.5276676539551","10.6782011659578","9.01745167527805","8.33791082630046","7.87646859626434","7.31272072171339","7.90885942705402","8.18039838753732","8.66070771774829","7.95665354430981","7.46826036430362","7.19308934376929","8.12927895973657","9.37211571123077","10.1065097433023","9.68903081460087","9.78386989546362","9.92027863868816","10.0077786089105","10.3016018246321","9.96602604274812","10.5981894234901","10.099184110505","9.40119920680917","9.32976924334648","11.4910564715471",
"Uzbekistan","UZB","Food exports (% of merchandise exports)","TX.VAL.FOOD.ZS.UN","","","","","","","","","","","","","","","","","","","","","","","","","","","","","","","","","","","","","","","","","","","","","","","","","","","","","","","","","","8.23160869925816","9.4673226948837","10.1036932689009","9.57248119448319",
"St. Vincent and the Grenadines","VCT","Food exports (% of merchandise exports)","TX.VAL.FOOD.ZS.UN","","","","","","","","","","","","","","","","","98.2216506148171","","","","84.1580175513795","","","","","","","","","","","","","89.4411892062765","81.4283860537339","85.7559540506208","84.7266140272668","87.1157619174076","89.6493020598452","89.2876942481594","86.7849497542536","89.7589023076604","90.7989840273051","66.8269661537817","88.587685323451","87.7241403377802","86.8015400564397","86.3708747151029","83.8901961123739","84.1031980505345","82.3372893132702","82.3681337127566","83.8385000454455","86.4419512714704","88.4905353714724","89.8321513133506","87.9697031899353","81.3824084755245","73.2881577162504","69.775077322592","",
"Venezuela, RB","VEN","Food exports (% of merchandise exports)","TX.VAL.FOOD.ZS.UN","","","1.35186446680057","1.97386661621902","1.3377870749765","1.04802735252585","1.18689401511536","1.31778641260494","1.17112729127452","1.13279918924845","1.65304213733228","1.48935445911056","2.29999361026508","1.08591834176541","0.781998431363098","0.941294492417185","0.920227503823896","0.995279293812372","1.08054833724077","0.6632988977719","0.380595218745926","0.452303741417303","0.585615249583336","0.651845429997434","0.954345475177716","3.22687771020044","2.8510036024504","1.05471708884281","","","1.91768199357869","2.17211470185356","2.56160785256093","2.73818684276257","2.76923914177854","2.80609042296263","2.50480650641894","2.78978608736851","3.79635802918089","2.64246326078524","1.49595183572557","1.71518235884092","1.63042625787845","1.05726346449115","0.830665653391417","0.486552553146409","0.20512592874703","","0.176884014555651","0.155975133908861","0.190405793189319","0.0603610665099418","0","0.0426406737596631","","","","","","","",
"British Virgin Islands","VGB","Food exports (% of merchandise exports)","TX.VAL.FOOD.ZS.UN","","","","","","","","","","","","","","","","","","","","","","","","","","","","","","","","","","","","","","","","","","","","","","","","","","","","","","","","","","","","","",
"Virgin Islands (U.S.)","VIR","Food exports (% of merchandise exports)","TX.VAL.FOOD.ZS.UN","","","","","","","","","","","0.931199096213098","0.761154750684329","0.627566614410977","0.471793685801679","","","","0.127806422654022","0.201588939222319","","","","","","","","","","","","","","","","","","","","","","","","","","","","","","","","","","","","","","","","","","",
"Vietnam","VNM","Food exports (% of merchandise exports)","TX.VAL.FOOD.ZS.UN","","","","","","","","","","","","","","","","","","","","","","","","","","","","","","","","","","","","","","30.2238013879318","30.7518238123682","28.3514833044639","25.3133125403109","26.7725445474828","25.3970724507136","22.888423127076","20.6943999728206","20.236181204832","19.2945917999889","19.509202205781","19.919763585967","20.7069708775903","19.2521323458108","18.5814828114383","17.044882352198","14.4445179608773","14.8153073696484","12.9561754888333","12.8748204729618","12.1105564508983","10.6341588651185","9.41630908290644","",
"Vanuatu","VUT","Food exports (% of merchandise exports)","TX.VAL.FOOD.ZS.UN","","","","","","","","","","","88.334202353172","85.7617819380579","91.7924635500657","67.6419805067339","95.0516765225078","88.7038344229757","","","","","97.5785412733793","97.4100336289701","94.3358649091347","96.467629683006","94.0118017829134","","","","","","79.0833964187344","71.0421596030272","","","75.1889443079225","","","","","","57.0679752079489","","","","","","46.6584752096522","61.5362026551386","","73.5185794184124","83.8933410178824","85.318430902012","","","","","","","","","",
"World","WLD","Food exports (% of merchandise exports)","TX.VAL.FOOD.ZS.UN","","","23.6271441663729","21.6954055073924","21.7037321891085","20.8636175903499","20.2952405307992","19.8219466551978","18.0781395040761","16.8974973382722","17.2369608731233","17.2861779472956","17.2171242849518","16.9999082967414","15.727328590773","16.1737236411204","15.6198416744708","15.8556368537025","15.1141029295138","14.5518755204087","14.0069941510789","14.0637595717527","13.673462907009","13.3281104257239","13.4524470962099","12.3005073755842","12.8635071493137","12.370635953581","","","","9.93297510933848","10.3303754472111","10.1308578568625","10.1048172879032","9.76551455811944","9.54207580287326","9.20267647208045","8.72347074272843","8.20468802869426","7.03094012703696","7.39877827254003","7.46777258291328","7.4338863620316","7.07245672003619","6.84434667121364","6.46513776279363","6.75843942759426","7.16071245374707","8.07339040714844","7.57014051669911","7.64584851078983","7.99119395503515","8.02913289540665","8.48521456614909","8.92425168702767","9.08416094857471","8.87951389077178","8.50891457386793","8.60556601048792","",
"Samoa","WSM","Food exports (% of merchandise exports)","TX.VAL.FOOD.ZS.UN","","","99.1206326318375","98.8868693005557","97.6732090545324","96.4061989873633","95.5924455978655","88.420732558799","92.6384515405398","94.0293187742548","92.4458545502585","88.9803030035633","75.0505361976222","83.9420616997225","92.4701054354126","90.5482063638244","93.0503617936996","93.9361708614","93.2517600475544","96.4748141086058","92.032057598827","93.6868062968781","89.617614264407","95.3474812171651","","","","","","","","","","","","","","","","","","32.0555421999367","25.2705144255452","17.2769086676678","22.4895803198014","22.0504529909956","22.1087314829176","15.1894464106706","14.3335141005138","21.3901513491399","21.034936646142","31.5739263278729","30.5900117544663","31.8341448768795","34.1293892365196","43.398317310042","47.6876324734229","56.0022299989816","62.1451366723784","64.9814515128343","",
"Kosovo","XKX","Food exports (% of merchandise exports)","TX.VAL.FOOD.ZS.UN","","","","","","","","","","","","","","","","","","","","","","","","","","","","","","","","","","","","","","","","","","","","","","","","","","","","","","","","","","","","","",
"Yemen, Rep.","YEM","Food exports (% of merchandise exports)","TX.VAL.FOOD.ZS.UN","","","","","","","","","","","","","","","","26.2626079965823","","","","","","","","","","","","","","","","","","","","","","","","","","3.77134581127155","5.17855841848116","4.98572507613715","4.77081496627788","4.36064998550426","4.17114352115376","5.29874158822129","5.28161476791926","5.73403167054864","6.54704217036012","7.25952174856055","6.31449155116293","6.19703631007227","23.459190950384","80.6396431735144","","","96.5734578648486","99.2851365677281","",
"South Africa","ZAF","Food exports (% of merchandise exports)","TX.VAL.FOOD.ZS.UN","","","","","","","","","","","","","","","27.2562120752079","28.6822149782737","23.1329095077788","18.9240833022021","17.1713591874959","14.6569101100514","8.73912427882463","9.8091648296579","9.40344311492755","6.44658485880985","5.73201398310376","","","","","","","","8.15792764576279","6.47221509122488","8.56625118857189","7.9238024517281","11.0126307451145","10.8021096741242","12.0917978601925","10.1848714227841","8.48738189444231","9.01874151732256","10.6178049019352","9.88110234922858","8.71929341977066","8.49176860148819","7.09889941759981","6.58148759816135","7.33952529031425","10.1489121264129","9.96343180897761","8.3444785692467","8.85234141277144","9.82011626994672","10.2716536933991","10.6741821790532","11.1621285671012","10.8964646895699","11.1095313231495","10.9754561160987","11.8465599892665",
"Zambia","ZMB","Food exports (% of merchandise exports)","TX.VAL.FOOD.ZS.UN","","","","","","","1.56311686549677","2.88123259849707","","","0.596013945773732","0.975192326600129","0.76390742151222","1.1996831363704","1.60094472673231","1.41737319316128","0.91881762051934","1.53179111730828","1.81188364402355","0.356136523824835","","","","","","","","","","","","","","3.91050073178266","","2.6801577032056","6.37995087616329","4.75891953192799","7.13660085178791","8.00929062129844","9.37297106535929","9.58816553092945","9.70358360886476","10.5711164233121","15.6925293368908","11.5136289481047","5.84388760404606","7.35935212376625","5.81636155495381","8.35706962366098","6.47497676179683","6.96725264738454","10.9164089258124","10.5287393808257","7.32428012349314","9.40741074824068","9.10952558194858","7.30132038755965","6.09681764347056","7.26605133015899","7.50810786179407",
"Zimbabwe","ZWE","Food exports (% of merchandise exports)","TX.VAL.FOOD.ZS.UN","","","","","","","","","","","","","","","","","","","","","","","","","36.1864070618125","40.4163736015253","44.4323462242611","","","","44.0086365513169","48.0909122540134","42.4997316436524","42.5905525754691","54.9131072841224","43.4283745938861","50.7354450423564","45.9347474281445","","50.6949440999374","48.9944055564157","56.0778987547346","23.5263024938941","32.3559416821477","29.8657134233475","23.8536041467338","13.9753445755632","18.9261818407883","19.7314575973162","23.1470657745994","22.4380273432501","27.2556978628948","25.037428472586","27.9134488409747","28.3939756212681","32.5171150059418","31.850248428175","28.1932975028915","25.7519277266936","23.4529965142844","",
