"Data Source","World Development Indicators",

"Last Updated Date","2021-07-30",

"Country Name","Country Code","Indicator Name","Indicator Code","1960","1961","1962","1963","1964","1965","1966","1967","1968","1969","1970","1971","1972","1973","1974","1975","1976","1977","1978","1979","1980","1981","1982","1983","1984","1985","1986","1987","1988","1989","1990","1991","1992","1993","1994","1995","1996","1997","1998","1999","2000","2001","2002","2003","2004","2005","2006","2007","2008","2009","2010","2011","2012","2013","2014","2015","2016","2017","2018","2019","2020",
"Aruba","ABW","Merchandise imports (current US$)","TM.VAL.MRCH.CD.WT","","","","","","","","","","","","","","","","","","","","","","","","","","","210447000","249832000","354748603.351955","402067039.106145","580837988.826816","1402849162.01117","1306033519.55307","1395810055.86592","1439273743.01676","1596759776.53631","2034748603.35196","2115865921.78771","1518156424.58101","1993519553.07263","2581564245.81006","2371731843.57542","2017150837.98883","2397430167.59776","3589162011.17318","4287709497.2067","4722793296.08939","5126312849.16201","6011061452.51397","2448659217.8771","1394245810.05587","5916760000","2045531000","1376983000","1351229000","1253575000","1208147000","","","","",
"Africa Eastern and Southern","AFE","Merchandise imports (current US$)","TM.VAL.MRCH.CD.WT","3792021880.44392","3641874426.03713","3557749256.54679","4025229628.77788","4884584208.25506","5470265767.99787","5431930247.72379","5981406038.31887","6310452587.33801","6794970968.5798","8033421248.54505","9335764062.30043","8867218814.50618","11184388039.9614","16223379204.8759","17208389100.807","15277769704.7821","15553572475.6428","19067661834.0996","21887452325.3705","38313157887.2485","42052134167.9375","35212820215.2091","30845522589.338","30374023648.8648","25377372951.4649","27762724265.1937","32864611049.964","38031496594.5807","38881639104.3179","40201217101.8348","39653370411.7008","41856106162.0515","40925288551.8984","46169576340.0909","56263321589.5319","58001188753.9826","62267606613.267","58428751128.7563","55189301270.1244","58056424084.695","57933678905.3342","59824977543.986","79217693006.5064","101913276670.328","122559015838.824","147549934356.694","173788762198.066","210734038309.189","181915515948.25","209788900428.11","260806911352.955","278489377316.381","286541461082.453","287679922621.025","252071546088.441","216388499571.746","233615785495.042","258618978530.848","248868919783.617","209354177917.874",
"Afghanistan","AFG","Merchandise imports (current US$)","TM.VAL.MRCH.CD.WT","87000000","99000000","116000000","125000000","124000000","121000000","128000000","126000000","114000000","126000000","114000000","141000000","164000000","172000000","243000000","350000000","261000000","328000000","395000000","425000000","841000000","886000000","962000000","1064000000","1390000000","1194000000","1404000000","996000000","900000000","822000000","936000000","443000000","398000000","465000000","391000000","387000000","661000000","604000000","462000000","1012000000","1176000000","1696000000","2452000000","2101000000","2177000000","2471000000","2744000000","3022000000","3020000000","3336000000","5154000000","6515000000","9069000000","8554000000","7729000000","7723000000","6534000000","7065000000","7407000000","6777000000","6475000000",
"Africa Western and Central","AFW","Merchandise imports (current US$)","TM.VAL.MRCH.CD.WT","1880000000","2081000000","2030000000","2052000000","2283000000","2488000000","2393000000","2381000000","2351000000","2696000000","3297000000","3910000000","4136000000","5475000000","7704999999.99999","11823000000","14454000000","18943000000","22117000000","20316000000","29015000000","32213000000","26571000000","22067000000","17965000000","18194000000","14944000000","15271000000","15883000000","15889000000","18199000000","20739000000","21275000000","20673000000","18610000000","23284000000","23012000000","25549000000","25625000000","25671000000","24830000000","29294000000","26260000000","32461000000","40937000000","52941000000","63537000000","83123000000","109359000000","87855000000","106190000000","133653000000","136126000000","146731000000","150069000000","124725000000","111081000000","104177000000","122287000000","132575000000","129208000000",
"Angola","AGO","Merchandise imports (current US$)","TM.VAL.MRCH.CD.WT","128000000","114000000","136000000","147000000","164000000","195000000","207000000","275000000","303000000","321000000","368000000","445000000","392000000","579000000","614000000","429000000","353000000","720000000","885000000","1112000000","1328000000","1662000000","886000000","983000000","1256000000","1401000000","1086000000","1303000000","1372000000","1338000000","1578000000","1347000000","1988000000","1463000000","1454000000","1468000000","2040000000","2597000000","2079000000","3109000000","3040000000","3179000000","3760000000","5480000000","5832000000","8353000000","8778000000","13661000000","20982000000","22660000000","16667000000","20228000000","23717000000","26331000000","28580000000","20693000000","13040000000","14463000000","15798000000","14127000000","9716000000",
"Albania","ALB","Merchandise imports (current US$)","TM.VAL.MRCH.CD.WT","81000000","72000000","65000000","71000000","98000000","","","","","","","","","","","","","","","","","","","","","","","","318000000","387000000","380000000","410000000","541000000","572000000","604000000","714000000","938000000","646000000","829000000","1140000000","1091000000","1327000000","1504000000","1864000000","2309000000","2619000000","3060000000","4191000000","5575000000","4553000000","4406000000","5383000000","4879000000","4920000000","5222000000","4302000000","4613000000","5271000000","5925000000","5897000000","5570000000",
"Andorra","AND","Merchandise imports (current US$)","TM.VAL.MRCH.CD.WT","","","","","","","","","","","","","","","","","","","","","","","","","","","","","","","","","","","","","","","","","","","","","","","","","","","","","","","1556000000","1294000000","1354000000","1478000000","1609000000","1566000000","1448000000",
"Arab World","ARB","Merchandise imports (current US$)","TM.VAL.MRCH.CD.WT","4860619964.96498","4858609783.0109","4446522482.42454","5107872345.31679","5512924009.06388","5699870930.7933","6349159701.96108","6176284053.91021","6460724800.41251","7127100118.18996","7676884882.63079","8724189680.70637","10694167995.7046","15421110860.7233","27770663695.6126","38997529909.1483","44645136109.1355","61707560535.3649","72863065289.5308","84533176623.9412","110705745666.06","133687150856.078","137765810040.906","123089471594.169","114144161898.514","97949130985.4698","89757639522.5946","91043150882.2287","109133783377.97","107357787621.54","101612687596.78","103379637534.416","120310395042.654","119888256832.297","122074329707.359","136821024522.488","149702270484.232","154139747147.863","160010483544.753","155740857074.287","166277225786.597","174806427817.757","182746646536.372","213531578072.128","283628632992.845","341384175806.489","390195414015.455","519276232923.759","681230562418.107","596344598861.224","661370969802.775","764026941833.723","860445319261.161","904288392770.619","910607399743.269","861799176807.234","788790373326.032","816187143178.186","843006990809.519","844838266569.685","722187014641.506",
"United Arab Emirates","ARE","Merchandise imports (current US$)","TM.VAL.MRCH.CD.WT","160000000","170000000","170000000","180000000","205000000","225000000","237000000","240000000","280000000","307000000","267000000","309000000","482000000","821000000","1705000000","2685000000","3337000000","5055000000","5371000000","6966000000","8746000000","9646000000","9440000000","8294000000","6936000000","6549000000","6422000000","7226000000","8522000000","10010000000","11199000000","13746000000","17410000000","20994000000","22775000000","23778000000","30563000000","34107000000","32588000000","31721000000","35009000000","37293000000","42652000000","52074000000","72082000000","84654000000","100057000000","150123000000","200327000000","170121000000","187001000000","229932000000","256528000000","270579000000","276025000000","263417000000","266576000000","273710000000","261538000000","267937000000","226367000000",
"Argentina","ARG","Merchandise imports (current US$)","TM.VAL.MRCH.CD.WT","1249000000","1460000000","1357000000","981000000","1077000000","1199000000","1124000000","1096000000","1169000000","1576000000","1694000000","1868000000","1905000000","2230000000","3635000000","3947000000","3033000000","4162000000","3834000000","6700000000","10541000000","9430000000","5337000000","4504000000","4585000000","3814000000","4724000000","5818000000","5322000000","4203000000","4076000000","8275000000","14872000000","16784000000","21527000000","20122000000","23762000000","30450000000","31404000000","25508000000","25154000000","20320000000","8990000000","13834000000","22445000000","28689000000","34152000000","44706000000","57462000000","38786000000","56793000000","74319000000","67974000000","74442000000","65735000000","60205000000","55852000000","66937000000","65482000000","49124000000","42354000000",
"Armenia","ARM","Merchandise imports (current US$)","TM.VAL.MRCH.CD.WT","","","","","","","","","","","","","","","","","","","","","","","","","","","","","","","","","206000000","254000000","394000000","674000000","856000000","892000000","902000000","800000000","882000000","874000000","987000000","1280000000","1351000000","1802000000","2192000000","3268000000","4426000000","3321000000","3783000000","4145000000","4261000000","4477000000","4401000000","3239000000","3273000000","4189000000","4963000000","5514000000","4559000000",
"American Samoa","ASM","Merchandise imports (current US$)","TM.VAL.MRCH.CD.WT","5000000","4000000","8000000","14000000","10000000","10000000","6000000","4000000","12000000","12000000","18000000","20000000","24000000","36000000","47000000","53000000","51000000","55000000","73000000","40000000","95000000","234000000","198000000","227000000","284000000","296000000","313000000","346000000","339000000","378000000","360000000","372000000","418000000","467000000","498000000","416000000","471000000","529000000","498000000","453000000","506000000","507000000","486000000","611000000","589000000","506000000","566000000","460000000","568000000","482000000","361000000","345000000","396000000","479000000","611000000","675000000","655000000","595000000","610000000","635000000","600000000",
"Antigua and Barbuda","ATG","Merchandise imports (current US$)","TM.VAL.MRCH.CD.WT","9000000","11000000","13000000","13000000","13000000","19000000","26000000","23000000","25000000","29000000","36000000","44000000","47000000","48000000","70000000","67000000","35000000","34000000","41000000","63000000","88000000","111000000","139000000","109000000","132000000","166000000","207000000","247000000","250000000","192000000","255000000","295000000","312000000","323000000","342000000","346000000","365000000","379000000","385000000","414000000","407000000","386000000","400000000","422000000","454000000","506000000","624000000","728000000","743000000","534000000","501000000","430000000","492000000","503000000","532000000","449000000","478000000","554000000","686000000","701000000","484000000",
"Australia","AUS","Merchandise imports (current US$)","TM.VAL.MRCH.CD.WT","2662000000","2369000000","2540000000","2776000000","3318000000","3762000000","3612000000","3924000000","4366000000","4538000000","5056000000","5228000000","5028000000","7393000000","11982000000","10697000000","12232000000","13511000000","15567000000","18191000000","22399000000","26215000000","26667000000","21458000000","25919000000","25889000000","26104000000","29318000000","36095000000","44933000000","41985000000","41648000000","43807000000","45577000000","53425000000","61283000000","65427000000","65892000000","64630000000","69158000000","71529000000","63888000000","72690000000","89084000000","109384000000","125281000000","139253000000","165336000000","200273000000","165471000000","201639000000","243701000000","260940000000","242140000000","237352000000","208501000000","196270000000","228780000000","235386000000","221564000000","208446000000",
"Austria","AUT","Merchandise imports (current US$)","TM.VAL.MRCH.CD.WT","1416000000","1485000000","1552000000","1675000000","1863000000","2101000000","2328000000","2309000000","2496000000","2825000000","3549000000","4190000000","5216000000","7119000000","9022000000","9394000000","11523000000","14245000000","16019000000","20252000000","24444000000","21043000000","19502000000","19423000000","19629000000","20986000000","26863000000","32724000000","36223000000","38980000000","49146000000","50815000000","54112000000","49126000000","55233000000","66237000000","68505000000","65739000000","69504000000","71321000000","72394000000","74633000000","78299000000","99532000000","119905000000","127327000000","137212000000","163037000000","184293000000","143063000000","159009000000","191417000000","178513000000","183277000000","182076000000","156046000000","157697000000","175755000000","193722000000","184758000000","171964000000",
"Azerbaijan","AZE","Merchandise imports (current US$)","TM.VAL.MRCH.CD.WT","","","","","","","","","","","","","","","","","","","","","","","","","","","","","","","","","998000000","636000000","778000000","668000000","961000000","794000000","1076000000","1036000000","1172000000","1431000000","1666000000","2626000000","3516000000","4350000000","5269000000","6045000000","7574000000","6514000000","6746000000","10166000000","10417000000","10321000000","9188000000","9217000000","8489000000","8783000000","11466000000","13667000000","10731000000",
"Burundi","BDI","Merchandise imports (current US$)","TM.VAL.MRCH.CD.WT","21000000","17000000","19000000","18000000","17000000","18000000","20000000","20000000","23000000","21000000","22000000","30000000","32000000","31000000","43000000","62000000","58000000","74000000","98000000","152000000","168000000","161000000","213000000","182000000","186000000","189000000","202000000","212000000","204000000","187000000","231000000","255000000","221000000","196000000","224000000","234000000","127000000","121000000","158000000","118000000","148000000","139000000","129000000","157000000","176000000","269000000","431000000","319000000","403000000","402000000","509000000","752000000","751000000","811000000","769000000","857000000","616000000","755000000","793000000","887000000","914000000",
"Belgium","BEL","Merchandise imports (current US$)","TM.VAL.MRCH.CD.WT","","","","","","","","","","","","","","","","","","","","","","","","","","","","","","","","","","","","","","","","164810000000","177511000000","178664000000","198311000000","234945000000","285621000000","318700000000","351635000000","411558000000","466307000000","353364000000","391177000000","466943000000","439128000000","451677000000","453700000000","375530000000","379409000000","409220000000","454947000000","427708000000","394637000000",
"Benin","BEN","Merchandise imports (current US$)","TM.VAL.MRCH.CD.WT","31000000","25000000","27000000","33000000","31000000","34000000","33000000","48000000","50000000","55000000","64000000","77000000","92000000","112000000","147000000","188000000","219000000","268000000","311000000","320000000","331000000","543000000","464000000","318000000","288000000","331000000","387000000","349000000","568000000","421000000","265000000","241000000","578000000","571000000","431000000","746000000","654000000","681000000","736000000","749000000","613000000","623000000","725000000","892000000","894000000","1018000000","1228000000","2037000000","2289000000","2064000000","2054000000","2129000000","2339000000","3010000000","3828000000","2561000000","2872000000","3494000000","4375000000","3932000000","3560000000",
"Burkina Faso","BFA","Merchandise imports (current US$)","TM.VAL.MRCH.CD.WT","11000000","28000000","35000000","37000000","40000000","37000000","38000000","36000000","44000000","54000000","49000000","56000000","69000000","98000000","144000000","151000000","144000000","209000000","227000000","301000000","359000000","338000000","347000000","291000000","253000000","332000000","405000000","434000000","454000000","391000000","536000000","533000000","466000000","509000000","349000000","455000000","647000000","587000000","732000000","678000000","611000000","656000000","739000000","925000000","1270000000","1260000000","1319000000","1678000000","2018000000","1870000000","2048000000","2406000000","3575000000","4365000000","3576000000","3080000000","3345000000","3861000000","4301000000","4187000000","3886000000",
"Bangladesh","BGD","Merchandise imports (current US$)","TM.VAL.MRCH.CD.WT","","","","","","","","","","","","","683000000","986000000","1078000000","1321000000","952000000","1163000000","1513000000","1908000000","2599000000","2699000000","2464000000","2165000000","2825000000","2542000000","2546000000","2715000000","3041000000","3650000000","3618000000","3412000000","3732000000","3994000000","4602000000","6694000000","7032000000","7263000000","7495000000","8331000000","8883000000","9018000000","8592000000","10434000000","12036000000","13889000000","16034000000","18596000000","23860000000","21833000000","27821000000","36214000000","34173000000","37085000000","41119000000","42047000000","44772000000","52836000000","60495000000","59094000000","52410000000",
"Bulgaria","BGR","Merchandise imports (current US$)","TM.VAL.MRCH.CD.WT","633000000","666000000","785000000","933000000","1062000000","1178000000","1479000000","1572000000","1782000000","1750000000","1831000000","2120000000","2567000000","3239000000","4326000000","5949000000","6228000000","6329000000","7651000000","8514000000","9670000000","10800000000","11540000000","12290000000","12720000000","13630000000","15200000000","16160000000","16700000000","15180000000","5100000000","3790000000","4220000000","4900000000","4585000000","5660000000","5075000000","4930000000","4949000000","5478000000","6544000000","7279000000","7954000000","10871000000","14453000000","18163000000","23270000000","29961000000","36908000000","23539000000","25513000000","32582000000","32710000000","34303000000","34651000000","29205000000","28933000000","34184000000","37856000000","37663000000","34829000000",
"Bahrain","BHR","Merchandise imports (current US$)","TM.VAL.MRCH.CD.WT","180000000","186000000","201000000","186000000","180000000","168000000","176000000","206000000","193000000","209000000","247000000","312000000","376000000","512000000","1127000000","1189000000","1668000000","2029000000","2045000000","2480000000","3483000000","4124000000","3614000000","3262000000","3480000000","3107000000","2405000000","2714000000","2593000000","3134000000","3712000000","4115000000","4263000000","3857000000","3761000000","3715000000","4272000000","4026000000","3566000000","3698000000","4633000000","4306000000","5013000000","5657000000","7385000000","9393000000","10515000000","11488000000","14980000000","10100000000","12260000000","12730000000","10891000000","9997000000","12216000000","12408000000","11579000000","13145000000","14871000000","13256000000","12683000000",
"Bahamas, The","BHS","Merchandise imports (current US$)","TM.VAL.MRCH.CD.WT","66000000","85000000","69000000","79000000","100000000","105000000","139000000","163000000","176000000","296000000","337000000","511000000","485000000","764000000","1908000000","2697000000","3125000000","3568000000","3150000000","3514000000","7546000000","7284000000","6349000000","4616000000","4098000000","3078000000","3289000000","3080000000","2291000000","3137000000","1112000000","1091000000","1038000000","954000000","1056000000","1243000000","1366000000","1666000000","1873000000","1757000000","2074000000","1912000000","1728000000","1762000000","1905000000","2312000000","2727000000","2956000000","3199000000","2535000000","2591000000","2966000000","3386000000","3166000000","3344000000","2954000000","2632000000","3109000000","3317000000","3073000000","2458000000",
"Bosnia and Herzegovina","BIH","Merchandise imports (current US$)","TM.VAL.MRCH.CD.WT","","","","","","","","","","","","","","","","","","","","","","","","","","","","","","","","","360000000","365000000","894000000","1082000000","1882000000","2333000000","2910000000","3305000000","3107000000","3354000000","3872000000","4801000000","5915000000","7070000000","7345000000","9720000000","12189000000","8773000000","9223000000","11051000000","10019000000","10295000000","10988000000","8986000000","9146000000","10504000000","11630000000","11159000000","9873000000",
"Belarus","BLR","Merchandise imports (current US$)","TM.VAL.MRCH.CD.WT","","","","","","","","","","","","","","","","","","","","","","","","","","","","","","","","","3495000000","2539000000","3066000000","5564000000","6939000000","8689000000","8549000000","6674000000","8646000000","8286000000","9092000000","11558000000","16491000000","16708000000","22351000000","28693000000","39381000000","28569000000","34884000000","45759000000","46404000000","43023000000","40614000000","30292000000","27610000000","34236000000","38440000000","39480000000","32595000000",
"Belize","BLZ","Merchandise imports (current US$)","TM.VAL.MRCH.CD.WT","13000000","16000000","22000000","19000000","22000000","24000000","27000000","26000000","27000000","30000000","33000000","36000000","43000000","44000000","64000000","88000000","73000000","90000000","106000000","132000000","150000000","162000000","128000000","112000000","130000000","128000000","122000000","143000000","181000000","216000000","211000000","256000000","274000000","281000000","260000000","257000000","255000000","286000000","295000000","370000000","524000000","517000000","525000000","552000000","520000000","593000000","660000000","684000000","837000000","669000000","706000000","831000000","861000000","928000000","962000000","991000000","953000000","916000000","958000000","986000000","787000000",
"Bermuda","BMU","Merchandise imports (current US$)","TM.VAL.MRCH.CD.WT","","","","","","","","","","","","","","","","","","","","","312000000","323000000","351000000","378000000","414000000","403000000","440000000","420000000","488000000","535000000","595000000","510000000","562000000","534000000","551000000","550000000","569000000","619000000","629000000","712000000","720000000","720000000","747000000","833000000","988000000","985000000","1094000000","1167000000","1159000000","1064000000","972000000","900000000","900000000","1012000000","962000000","934000000","977000000","1095000000","1100000000","1152000000","806000000",
"Bolivia","BOL","Merchandise imports (current US$)","TM.VAL.MRCH.CD.WT","71000000","78000000","97000000","103000000","103000000","134000000","138000000","151000000","153000000","165000000","159000000","170000000","185000000","230000000","390000000","558000000","555000000","618000000","808000000","894000000","665000000","917000000","554000000","577000000","489000000","691000000","674000000","766000000","591000000","611000000","687000000","970000000","1090000000","1206000000","1209000000","1424000000","1635000000","1851000000","1983000000","1755000000","1830000000","1708000000","1775000000","1616000000","1877000000","2431000000","2916000000","3586000000","5081000000","4545000000","5590000000","7927000000","8578000000","9338000000","10519000000","9766000000","8427000000","9288000000","9996000000","9784000000","7080000000",
"Brazil","BRA","Merchandise imports (current US$)","TM.VAL.MRCH.CD.WT","1462000000","1460000000","1475000000","1487000000","1263000000","1096000000","1496000000","1667000000","2132000000","2265000000","2849000000","3701000000","4783000000","6999000000","14168000000","13592000000","13726000000","13257000000","15054000000","19804000000","24961000000","24079000000","21069000000","16801000000","15210000000","14332000000","15557000000","16581000000","16055000000","19885000000","22522000000","22947000000","23116000000","27604000000","36192000000","54137000000","56981000000","64242000000","60652000000","51767000000","58643000000","58382000000","49723000000","50881000000","66433000000","77628000000","95838000000","126645000000","182377000000","133677000000","191537000000","236964000000","233398000000","250556000000","239156000000","179091000000","143411000000","157543000000","188564000000","184370000000","166276000000",
"Barbados","BRB","Merchandise imports (current US$)","TM.VAL.MRCH.CD.WT","49000000","47000000","52000000","58000000","64000000","68000000","76000000","77000000","84000000","97000000","118000000","124000000","141000000","168000000","204000000","217000000","237000000","273000000","314000000","425000000","524000000","571000000","551000000","616000000","657000000","607000000","587000000","515000000","582000000","673000000","704000000","699000000","524000000","577000000","615000000","771000000","833000000","996000000","1010000000","1108000000","1156000000","1087000000","1039000000","1195000000","1413000000","1604000000","1697000000","1746000000","1920000000","1449000000","1569000000","1805000000","1780000000","1759000000","1739000000","1618000000","1622000000","1600000000","1578000000","1581000000","1518000000",
"Brunei Darussalam","BRN","Merchandise imports (current US$)","TM.VAL.MRCH.CD.WT","17000000","16000000","16000000","21000000","31000000","36000000","51000000","45000000","69000000","73000000","84000000","299000000","106000000","132000000","185000000","273000000","260000000","279000000","281000000","396000000","572000000","594000000","731000000","724000000","626000000","615000000","656000000","641000000","744000000","859000000","1001000000","1208000000","1482000000","1822000000","1854000000","2091000000","2494000000","2203000000","1552000000","1342000000","1107000000","1159000000","1556000000","1327000000","1422000000","1491000000","1676000000","2101000000","2572000000","2449000000","2538000000","3629000000","3572000000","3612000000","3599000000","3229000000","2679000000","3085000000","4164000000","5103000000","4910000000",
"Bhutan","BTN","Merchandise imports (current US$)","TM.VAL.MRCH.CD.WT","","","","","","","","","","","","","","","","","","","","","50000000","68000000","68000000","72000000","73000000","84000000","93000000","87000000","127000000","90000000","81000000","83000000","125000000","90000000","92000000","112000000","128000000","137000000","134000000","182000000","175000000","191000000","197000000","249000000","411000000","386000000","420000000","526000000","543000000","529000000","854000000","1043000000","991000000","909000000","932000000","1061000000","1002000000","1029000000","1048000000","981000000","768000000",
"Botswana","BWA","Merchandise imports (current US$)","TM.VAL.MRCH.CD.WT","9000000","8000000","11000000","12000000","13000000","23000000","26000000","31000000","33000000","46000000","57000000","83000000","110000000","166000000","184000000","216000000","209000000","286000000","371000000","538000000","692000000","797000000","689000000","735000000","697000000","580000000","713000000","937000000","1196000000","1500000000","1946000000","1947000000","1861000000","1771000000","1640000000","1911000000","1723000000","2258000000","2251000000","2198000000","2081000000","1809000000","1845000000","2448000000","3231000000","3161000000","3086000000","4067000000","5211000000","4728000000","5657000000","7272000000","8025000000","8352000000","8078000000","7238000000","6143000000","5329000000","6316000000","6565000000","6325000000",
"Central African Republic","CAF","Merchandise imports (current US$)","TM.VAL.MRCH.CD.WT","20000000","22000000","25000000","26000000","30000000","27000000","35000000","44000000","40000000","38000000","34000000","33000000","34000000","52000000","46000000","69000000","55000000","63000000","57000000","70000000","81000000","95000000","123000000","77000000","87000000","113000000","167000000","204000000","201000000","150000000","154000000","92000000","145000000","125000000","139000000","175000000","141000000","141000000","146000000","131000000","117000000","107000000","120000000","118000000","151000000","175000000","203000000","249000000","300000000","270000000","300000000","310000000","323000000","213000000","406000000","346000000","399000000","488000000","606000000","603000000","560000000",
"Canada","CAN","Merchandise imports (current US$)","TM.VAL.MRCH.CD.WT","6073000000","6062000000","6220000000","6445000000","7402000000","8622000000","10062000000","10819000000","12280000000","14019000000","14286000000","16472000000","20038000000","24713000000","34248000000","36107000000","40243000000","42083000000","46278000000","56642000000","62544000000","70010000000","58128000000","64789000000","77789000000","80640000000","85494000000","92593000000","112711000000","119792000000","123244000000","124782000000","129262000000","139035000000","155072000000","168426000000","175158000000","200873000000","206066000000","220183000000","244786000000","227291000000","227499000000","245021000000","279931000000","322411000000","359000000000","390188000000","419011000000","329907000000","402690000000","463640000000","476296000000","475777000000","475319000000","430124000000","412940000000","443651000000","470466000000","463786000000","413706000000",
"Central Europe and the Baltics","CEB","Merchandise imports (current US$)","TM.VAL.MRCH.CD.WT","","","","","","","","","","","","","","","","","","","","","","","","","","","","","","","","","73268213581.9312","80313000000","90637000000","119166000000","138026000000","149846000000","163107000000","159373000000","177372000000","192101000000","215355000000","276243000000","359397000000","411334000000","507955000000","653137000000","785752000000","551789000000","644658000000","778127000000","736152000000","768206000000","804000000000","709456000000","723808000000","832842000000","948657000000","934026000000","891746000000",
"Switzerland","CHE","Merchandise imports (current US$)","TM.VAL.MRCH.CD.WT","2206000000","2663000000","2970000000","3199000000","3554000000","3643000000","3888000000","4067000000","4442000000","5199000000","6374000000","7191000000","8468000000","11626000000","14445000000","13303000000","14775000000","17940000000","23804000000","29356000000","36341000000","30697000000","28678000000","29192000000","29522000000","30696000000","41051000000","50652000000","56363000000","58194000000","69681000000","66485000000","65723000000","60828000000","67997000000","80152000000","78224000000","75960000000","80094000000","79857000000","82521000000","84102000000","87189000000","100239000000","115799000000","126574000000","141400000000","161180000000","183574000000","155378000000","176281000000","208220000000","295961000000","321509000000","275741000000","253027000000","270128000000","269834000000","279528000000","277830000000","291442000000",
"Channel Islands","CHI","Merchandise imports (current US$)","TM.VAL.MRCH.CD.WT","","","","","","","","","","","","","","","","","","","","","","","","","","","","","","","","","","","","","","","","","","","","","","","","","","","","","","","","","","","","","",
"Chile","CHL","Merchandise imports (current US$)","TM.VAL.MRCH.CD.WT","625000000","711000000","680000000","663000000","723000000","718000000","892000000","819000000","852000000","1028000000","1063000000","1109000000","1086000000","1290000000","2148000000","1525000000","1864000000","2539000000","3408000000","4808000000","5797000000","7181000000","3989000000","3085000000","3574000000","3072000000","3436000000","4396000000","5292000000","7233000000","7940000000","8171000000","10183000000","11133000000","11820000000","15898000000","19199000000","20822000000","19882000000","15987000000","18507000000","17429000000","17091000000","19322000000","24794000000","32735000000","38406000000","47164000000","62787000000","42806000000","59207000000","74695000000","80073000000","79353000000","72852000000","62388000000","59376000000","65230000000","74747000000","69802000000","59032000000",
"China","CHN","Merchandise imports (current US$)","TM.VAL.MRCH.CD.WT","2648000000","1747000000","1373000000","1450000000","1710000000","2246000000","2482000000","2169000000","2068000000","1917000000","2279000000","2129000000","2851000000","5208000000","7791000000","7926000000","6660000000","7148000000","11131000000","15621000000","19941000000","22014000000","19285000000","21390000000","27410000000","42252000000","42904000000","43216000000","55268000000","59142000000","53345000000","63791000000","80585000000","103959000000","115615000000","132084000000","138833000000","142370000000","140237000000","165699000000","225094000000","243553000000","295170000000","412760000000","561229000000","659953000000","791461000000","956116000000","1132567000000","1005923000000","1396247000000","1743484000000","1818405000000","1949990000000","1959233000000","1679566000000","1587925000000","1843792000000","2135748000000","2078386000000","2055752000000",
"Cote d'Ivoire","CIV","Merchandise imports (current US$)","TM.VAL.MRCH.CD.WT","131000000","169000000","156000000","170000000","235000000","236000000","254000000","264000000","307000000","333000000","388000000","400000000","454000000","710000000","969000000","1127000000","1296000000","1756000000","2326000000","2491000000","2967000000","2382000000","2180000000","1839000000","1496000000","1749000000","2055000000","2370000000","2079000000","2111000000","2097000000","2103000000","2352000000","2115000000","1917000000","2931000000","2902000000","2781000000","2991000000","2898000000","2482000000","2548000000","2599000000","3279000000","4715000000","5865000000","5820000000","6683000000","7884000000","6960000000","7849000000","6720000000","9770000000","12483000000","11178000000","9532000000","8404000000","9614000000","10970000000","10483000000","10650000000",
"Cameroon","CMR","Merchandise imports (current US$)","TM.VAL.MRCH.CD.WT","84000000","96000000","102000000","128000000","116000000","134000000","131000000","177000000","188000000","204000000","242000000","251000000","303000000","334000000","437000000","599000000","613000000","735000000","1056000000","1275000000","1602000000","1427000000","1211000000","1224000000","1112000000","1151000000","1704000000","1723000000","1274000000","1261000000","1400000000","1173000000","1163000000","1102000000","1083000000","1199000000","1227000000","1359000000","1495000000","1318000000","1489000000","1852000000","1866000000","2163000000","2406000000","2735000000","3150000000","4657000000","5686000000","4442000000","5133000000","6800000000","6515000000","6649000000","7553000000","6045000000","5206000000","4796000000","5656000000","5646000000","5364000000",
"Congo, Dem. Rep.","COD","Merchandise imports (current US$)","TM.VAL.MRCH.CD.WT","235000000","200000000","86000000","131000000","87000000","97000000","104000000","78000000","103000000","132000000","179000000","203000000","208000000","251000000","349000000","300000000","224000000","203000000","196000000","199000000","1519000000","1421000000","1297000000","1213000000","1176000000","1247000000","1283000000","1774000000","1610000000","1925000000","1739000000","1304000000","935000000","614000000","667000000","871000000","1089000000","770000000","1102000000","568000000","683000000","790000000","1081000000","1495000000","2051000000","2690000000","2892000000","3400000000","4300000000","3900000000","4500000000","5500000000","6100000000","6300000000","7087000000","6300000000","4800000000","4900000000","6400000000","6800000000","6400000000",
"Congo, Rep.","COG","Merchandise imports (current US$)","TM.VAL.MRCH.CD.WT","70000000","79000000","76000000","64000000","67000000","67000000","72000000","84000000","86000000","80000000","59000000","82000000","104000000","128000000","127000000","170000000","172000000","208000000","259000000","291000000","580000000","446000000","767000000","648000000","618000000","598000000","597000000","529000000","564000000","518000000","621000000","594000000","451000000","581000000","631000000","670000000","1551000000","926000000","680000000","821000000","465000000","682000000","675000000","831000000","969000000","1304000000","2013000000","3929000000","3540000000","4447000000","4369000000","7013000000","7349000000","8372000000","10099000000","10550000000","11270000000","4560000000","3486000000","2242000000","1697000000",
"Colombia","COL","Merchandise imports (current US$)","TM.VAL.MRCH.CD.WT","517000000","557000000","541000000","508000000","586000000","454000000","675000000","497000000","643000000","685000000","843000000","929000000","859000000","1062000000","1597000000","1495000000","1662000000","1880000000","2971000000","3364000000","4739000000","5201000000","5480000000","4963000000","4498000000","4141000000","3862000000","4322000000","5002000000","5004000000","5589000000","4959000000","6579000000","9832000000","11883000000","13853000000","13684000000","15378000000","14635000000","10659000000","11539000000","12834000000","12711000000","13889000000","16746000000","21204000000","26162000000","32897000000","39669000000","32898000000","40486000000","54233000000","59048000000","59397000000","64029000000","54058000000","44889000000","46076000000","51233000000","52703000000","43489000000",
"Comoros","COM","Merchandise imports (current US$)","TM.VAL.MRCH.CD.WT","4000000","4000000","4000000","5000000","6000000","7000000","7000000","7000000","7000000","8000000","9000000","10000000","12000000","15000000","26000000","23000000","13000000","16000000","19000000","29000000","29000000","32000000","33000000","34000000","43000000","36000000","37000000","52000000","53000000","43000000","52000000","58000000","69000000","59000000","53000000","63000000","57000000","55000000","54000000","55000000","43000000","51000000","53000000","70000000","86000000","99000000","115000000","138000000","180000000","210000000","233000000","277000000","273000000","284000000","278000000","214000000","219000000","253000000","243000000","230000000","217000000",
"Cabo Verde","CPV","Merchandise imports (current US$)","TM.VAL.MRCH.CD.WT","12000000","6000000","7000000","4000000","7000000","6000000","6000000","7000000","7000000","11000000","16000000","20000000","24000000","34000000","34000000","40000000","30000000","38000000","53000000","53000000","68000000","71000000","72000000","87000000","83000000","84000000","107000000","100000000","106000000","112000000","136000000","147000000","180000000","154000000","209000000","252000000","234000000","235000000","228000000","246000000","230000000","234000000","276000000","351000000","431000000","438000000","542000000","750000000","825000000","709000000","742000000","947000000","766000000","725000000","768000000","604000000","666000000","789000000","816000000","796000000","736000000",
"Costa Rica","CRI","Merchandise imports (current US$)","TM.VAL.MRCH.CD.WT","110000000","107000000","113000000","124000000","139000000","178000000","179000000","191000000","214000000","245000000","317000000","350000000","373000000","455000000","720000000","694000000","770000000","1021000000","1166000000","1397000000","1540000000","1209000000","889000000","988000000","1094000000","1098000000","1148000000","1383000000","1410000000","1717000000","1990000000","1877000000","2441000000","3515000000","3789000000","4090000000","4327000000","4970000000","6239000000","6355000000","6389000000","6569000000","7188000000","7663000000","8268000000","9824000000","11548000000","12952000000","15372000000","11395000000","13570000000","16220000000","17591000000","18127000000","17509000000","16273000000","15456000000","16796000000","18289000000","17573000000","14942000000",
"Caribbean small states","CSS","Merchandise imports (current US$)","TM.VAL.MRCH.CD.WT","825000000","889000000","901000000","939000000.000001","1130000000","1225000000","1315000000","1347000000","1383000000","1672000000","1934000000","2302000000","2517000000","2946000000","5638000000","6408000000","7189000000.00001","7521000000.00001","7350000000.00001","8207000000.00001","13850000000","14071000000","13372000000","10599000000","9003000000.00001","7528000000.00001","7540000000","7513000000","7067000000","8701000000.00001","6842000000","7336000000","6664000000","7502000000","7336000000","9074000000","9907000000","11709000000","11691000000","11304000000","12970000000","12949000000","12922000000","13927000000","15691000000","18715000000","21323000000","24547000000","29335000000","21413000000","21679000000","27229000000","27681000000","31060000000","29265000000","25545000000","23092000000","23726000000","26433000000","25763000000","19954000000",
"Cuba","CUB","Merchandise imports (current US$)","TM.VAL.MRCH.CD.WT","638000000","703000000","759000000","867000000","1019000000","866000000","926000000","999000000","1102000000","1222000000","1311000000","1387000000","1292000000","1793000000","2648000000","3883000000","4066000000","4700000000","4780000000","5085000000","6505000000","6545000000","6637000000","7211000000","8167000000","7983000000","9173000000","7612000000","7579000000","7526000000","4600000000","2600000000","1500000000","1500000000","2055000000","2825000000","3205000000","3987000000","4197000000","4365000000","4843000000","4839000000","4176000000","4673000000","5615000000","8084000000","10258000000","10886000000","15373000000","9619000000","11496000000","14243000000","13869000000","14707000000","13037000000","11702000000","10270000000","10172000000","11484000000","9901000000","8040000000",
"Curacao","CUW","Merchandise imports (current US$)","TM.VAL.MRCH.CD.WT","","","","","","","","","","","","","","","","","","","","","","","","","","","","","","","","","","","","","","","","","","","","","","","","","","","","2130000000","2254000000","1906000000","1819000000","1532000000","1432000000","1469000000","1757000000","1461000000","1222000000",
"Cayman Islands","CYM","Merchandise imports (current US$)","TM.VAL.MRCH.CD.WT","","","","","","","","","","","","","","","","","","","","","","","","","","","","","","","","","","","","","","","","","","","","","","1172000000","1048000000","1054000000","1130000000","936000000","872000000","962000000","960000000","980000000","1023000000","986000000","1023000000","1098000000","1251000000","1420000000","1215000000",
"Cyprus","CYP","Merchandise imports (current US$)","TM.VAL.MRCH.CD.WT","104000000","107000000","126000000","132000000","105000000","144000000","155000000","165000000","170000000","208000000","236000000","260000000","317000000","451000000","407000000","308000000","432000000","623000000","758000000","1010000000","1202000000","1166000000","1223000000","1219000000","1364000000","1247000000","1272000000","1484000000","1859000000","2288000000","2568000000","2620000000","3313000000","2533000000","3017000000","3690000000","3979000000","3655000000","3685000000","3618000000","3846000000","3923000000","4086000000","4466000000","5502000000","6316000000","6928000000","8615000000","10644000000","7835000000","8569000000","8678000000","7296000000","6314000000","7996000000","7023000000","7830000000","9231000000","10815000000","9127000000","8636000000",
"Czech Republic","CZE","Merchandise imports (current US$)","TM.VAL.MRCH.CD.WT","","","","","","","","","","","","","","","","","","","","","","","","","","","","","","","","","","14615000000","17310000000","25085000000","27800000000","27105000000","28340000000","28463000000","31974000000","36297000000","40656000000","51728000000","69967000000","76512000000","93191000000","118169000000","142038000000","105048000000","126652000000","152125000000","141412000000","144259000000","154237000000","141364000000","143040000000","163352000000","184659000000","179039000000","170142000000",
"Germany","DEU","Merchandise imports (current US$)","TM.VAL.MRCH.CD.WT","10172000000","11011000000","12375000000","13070000000","14710000000","17612000000","18167000000","17546000000","20295000000","24876000000","29947000000","34293000000","40378000000","54891000000","69661000000","74931000000","88421000000","101458000000","121754000000","159646000000","188002000000","163941000000","155323000000","152877000000","153022000000","158488000000","190872000000","228441000000","250467000000","269702000000","355686000000","389908000000","408619000000","342611000000","381388000000","463872000000","459098000000","445731000000","471474000000","474047000000","497197000000","486119000000","490283000000","604612000000","715742000000","777073000000","906684000000","1054983000000","1185067000000","926347000000","1054814000000","1254869000000","1154852000000","1181233000000","1207193000000","1051132000000","1055326000000","1162907000000","1284353000000","1233978000000","1170787000000",
"Djibouti","DJI","Merchandise imports (current US$)","TM.VAL.MRCH.CD.WT","33000000","38000000","37000000","48000000","41000000","61000000","59000000","57000000","50000000","49000000","38000000","43000000","54000000","70000000","122000000","136000000","120000000","107000000","164000000","188000000","213000000","224000000","226000000","221000000","222000000","201000000","184000000","205000000","201000000","197000000","215000000","214000000","219000000","211000000","196000000","177000000","172000000","176000000","196000000","194000000","207000000","196000000","197000000","238000000","261000000","277000000","336000000","473000000","574000000","451000000","374000000","511000000","564000000","719000000","803000000","871000000","2327000000","3576000000","3603000000","4138000000","3314000000",
"Dominica","DMA","Merchandise imports (current US$)","TM.VAL.MRCH.CD.WT","6000000","6000000","7000000","7000000","9000000","10000000","10000000","10000000","10000000","12000000","16000000","17000000","17000000","16000000","19000000","21000000","19000000","22000000","28000000","22000000","48000000","50000000","47000000","45000000","58000000","55000000","56000000","66000000","88000000","107000000","118000000","110000000","105000000","93000000","96000000","113000000","133000000","135000000","132000000","138000000","148000000","131000000","116000000","128000000","144000000","165000000","167000000","196000000","247000000","225000000","224000000","226000000","208000000","203000000","230000000","214000000","214000000","198000000","302000000","294000000","227000000",
"Denmark","DNK","Merchandise imports (current US$)","TM.VAL.MRCH.CD.WT","1807000000","1873000000","2130000000","2129000000","2617000000","2823000000","3003000000","3153000000","3236000000","3813000000","4407000000","4608000000","5087000000","7802000000","9927000000","10368000000","12427000000","13265000000","14808000000","18401000000","19340000000","17580000000","16692000000","16266000000","16613000000","18245000000","22878000000","25499000000","27228000000","28015000000","33333000000","34190000000","35714000000","31309000000","36691000000","45939000000","45291000000","44902000000","46873000000","45753000000","45557000000","45322000000","50320000000","57429000000","68157000000","75581000000","85507000000","98027000000","109362000000","83133000000","83052000000","95663000000","91925000000","97348000000","99572000000","85623000000","85513000000","92957000000","102605000000","97824000000","96782000000",
"Dominican Republic","DOM","Merchandise imports (current US$)","TM.VAL.MRCH.CD.WT","100000000","80000000","148000000","184000000","221000000","97000000","181000000","197000000","222000000","246000000","304000000","358000000","388000000","489000000","808000000","889000000","878000000","975000000","987000000","1213000000","1964000000","1951000000","1693000000","1699000000","1645000000","1787000000","2009000000","2419000000","2630000000","3216000000","3006000000","3054000000","3859000000","4654000000","4903000000","5170000000","5727000000","6609000000","7597000000","8041000000","9479000000","8779000000","8838000000","7627000000","7888000000","9869000000","12174000000","13597000000","15993000000","12296000000","15489000000","17409000000","17739000000","16873000000","17273000000","16907000000","17399000000","17734000000","20209000000","20288000000","17087000000",
"Algeria","DZA","Merchandise imports (current US$)","TM.VAL.MRCH.CD.WT","1264000000","1024000000","393000000","683000000","703000000","671000000","643000000","639000000","815000000","1009000000","1257000000","1227000000","1494000000","2236000000","4035000000","5498000000","5081000000","7125000000","8548000000","8403000000","10558000000","11303000000","10754000000","10399000000","10288000000","9841000000","9228000000","7042000000","7690000000","9470000000","9770000000","7770000000","8310000000","8785000000","9154000000","10100000000","9090000000","8688000000","9400000000","9162000000","9171000000","9940000000","11969000000","12380000000","18169000000","20357000000","21456000000","27631000000","39479000000","39294000000","40473000000","47247000000","50378000000","55028000000","58580000000","51702000000","47089000000","46059000000","46330000000","41934000000","35122000000",
"East Asia & Pacific (excluding high income)","EAP","Merchandise imports (current US$)","TM.VAL.MRCH.CD.WT","6223202610.3016","5843575934.28882","5014364278.8246","5165597670.08172","5917649432.04741","6689248367.03273","7009204725.40665","7281836349.10146","7512287231.01707","7773602070.3321","8628533690.29584","9009189164.8886","10791068305.4147","16335263852.9292","24766268215.8688","26488477038.7561","26758022266.7109","30455524363.1606","38523362827.3671","49634387491.1557","64931593576.8847","71981715575.4972","72059794450.3931","76069845384.1488","79361170264.3757","86898784725.4792","87048936407.9713","97692688674.2282","123961225020.613","144928153324.339","160553080766.06","186455933850.536","213079922044.824","253089418109.587","297333707593.134","366047581628.064","386585429540.514","395341069972.266","328775598455.888","368399022187.242","475523092646.728","479027749269.17","549665983846.788","693862000000","907845000000","1070003000000","1248736000000","1477281000000","1763847000000","1496247000000","2050689000000","2548181000000","2679762000000","2837774000000","2843374000000","2493407000000","2398846000000","2788382000000","3207437000000","3125827000000","3003472000000",
"Early-demographic dividend","EAR","Merchandise imports (current US$)","TM.VAL.MRCH.CD.WT","17365525893.8148","17637121391.9153","17320951060.1571","18460200878.5252","20974014172.0126","22310222557.7055","23111532939.5058","23631918206.8587","24640553396.3693","26798804644.6335","29822636965.0883","32999889643.2486","36698564212.8004","50229793168.0812","79688310862.0809","100519589531.079","107277576483.942","128009188829.18","147851940287.015","164301968723.818","227802638001.441","261268990024.708","239927160288.676","225686460742.565","222130837862.569","198790171480.485","193612011161.083","219171022059.762","252337953208.923","264091064914.835","294112973984.994","326372848655.323","372883699935.505","384116458164.481","407985318146.492","468322077971.762","517988017981.331","577615593498.941","569359806685.741","571038610216.307","655977454477.272","627525941659.737","645425833718.931","727267505834.008","916831068930.047","1121397686489.58","1305476089601.5","1557543030683.08","1920742558462.55","1517911848292.37","1926796668569.2","2368373082418.27","2483694664560.57","2507296077918.08","2523674429068.61","2282341413186.04","2134136917976.07","2401814928880.96","2634046746148.54","2522386277910.9","2143406397613.21",
"East Asia & Pacific","EAS","Merchandise imports (current US$)","TM.VAL.MRCH.CD.WT","17175558615.6578","17971636599.0742","17242988735.6185","19310174801.2789","21778922327.6007","23735402226.1615","25977705319.7796","29147927377.6327","32229584501.8062","36257276144.831","43236796770.6125","46562007462.4052","54114180898.002","83914268241.8217","132376396099.537","127471106477.322","142585517545.525","160182766015.862","191348564893.811","253926735476.431","325523432998.867","350301127693.564","334704583394.365","330914806312.228","361945733292.215","360567359535.717","367051822276.89","448247746211.782","574447523246.457","654021701525.033","722571850149.879","793689101458.503","858751393220.592","943652935080.359","1100733598013.85","1343500250275.44","1409555432441.72","1426693079146.32","1180246355388.97","1291420935062.09","1597348140116.04","1479730933917.29","1572854352672.76","1870214735500.84","2345751358036.55","2692969670269.93","3092887983882.32","3520236831302.81","4165883383490.1","3348322011145.71","4421454478380.58","5385196973684.88","5613610153694.43","5761627214414.68","5743256958660.66","4935590745846.72","4722510008815.4","5402200980162.12","6076324984505.27","5861447258125.04","5560846039843.7",
"Europe & Central Asia (excluding high income)","ECA","Merchandise imports (current US$)","TM.VAL.MRCH.CD.WT","","","","","","","","","","","","","","","","","","","","","","","","","","","","","","","","","100086406141.638","104436010657.269","116735070691.599","155785336054.108","178458916416.732","188527330483.345","169189894715.925","137570979341.365","167786562968.965","170696640740.478","195134468678.866","253820002928.269","340043725158.347","417775066912.353","525290754756.39","693609958918.055","879622602842.138","591486216988.743","729867699202.132","941139322956.22","958252188879.145","989281751248.752","919778625256.102","696472649995.142","680574167760.708","811270579998.38","862609177767.154","864651230735.477","825043639664.703",
"Europe & Central Asia","ECS","Merchandise imports (current US$)","TM.VAL.MRCH.CD.WT","65749658162.5912","70399188761.8587","76737797732.9758","85070203944.3778","95303964593.2809","103323944781.033","111449045096.621","116084614212.123","126290407492.79","147167036358.786","172106786687.618","190971279193.643","227370266066.565","315853991061.514","435320731125.717","452265638688.67","509682938078.148","570706314896.397","659150048538.365","853639424184.222","1016950398436.26","909935213632.151","861701730538.613","827702745191.11","841360369382.715","878118066876.649","1035618255122.38","1260517836355.15","1412622828962.13","1516057645721.17","1824472036026.16","1846335062072.41","1930133811664.76","1712745329086.49","1947781417991.72","2367056481719.42","2464173113401.07","2475305664312.39","2603529411287.4","2597115906453.71","2784161089056.82","2755818779091.21","2896696583844.97","3500248661181.43","4239612788561.15","4717927315128.07","5448008745843.17","6423524077936.05","7307320588109.29","5465299202083.65","6230812717920.96","7379242569704.46","7116813909422.06","7223065445139.95","7224483258891.91","6174606554144.14","6186605773791.74","6855941492516.42","7529200913107.52","7342266768018.03","6850821888960.79",
"Ecuador","ECU","Merchandise imports (current US$)","TM.VAL.MRCH.CD.WT","114000000","107000000","97000000","128000000","151000000","165000000","174000000","214000000","255000000","242000000","274000000","340000000","319000000","397000000","678000000","987000000","958000000","1189000000","1505000000","1600000000","2253000000","2246000000","2169000000","1487000000","1616000000","1767000000","1810000000","2252000000","1714000000","1855000000","1862000000","2397000000","2501000000","2562000000","3690000000","4193000000","3935000000","4955000000","5576000000","3017000000","3721000000","5363000000","6431000000","6703000000","8226000000","10287000000","12114000000","13893000000","18852000000","15090000000","20591000000","24438000000","25477000000","27146000000","27726000000","21518000000","16324000000","20010000000","23177000000","22564000000","17959000000",
"Egypt, Arab Rep.","EGY","Merchandise imports (current US$)","TM.VAL.MRCH.CD.WT","668000000","700000000","743000000","916000000","953000000","934000000","1071000000","792000000","666000000","638000000","787000000","920000000","899000000","915000000","2351000000","3934000000","3807000000","4815000000","6727000000","3837000000","4860000000","8782000000","9078000000","10275000000","10766000000","11104000000","11502000000","16225000000","23298000000","18774000000","9216000000","7862000000","8245000000","8214000000","10185000000","11739000000","13019000000","13211000000","16166000000","16022000000","14578000000","13376000000","12770000000","12950000000","15950000000","22449000000","27300000000","37100000000","48382000000","44946000000","52923000000","58903000000","69200000000","66180000000","66786000000","63574000000","55789000000","61627000000","72000000000","70919000000","60701000000",
"Euro area","EMU","Merchandise imports (current US$)","TM.VAL.MRCH.CD.WT","35778482497.3441","39380169575.0672","43679029924.1572","49360992085.7978","55032833990.2734","61171332197.3574","66730726799.9996","68236396171.5486","75406036136.4447","91510738705.0211","108181051201.819","121027030963.264","145866639938.257","202707626542.012","278130529773.731","287016115564.605","331567736550.989","372100490969.848","433449489904.102","569849191501.008","684753466879.445","612854662087.183","582268995988.504","551595620994.396","556485954151.129","577552956149.612","682805879611.691","841955919315.525","937037984326.774","1024759248960.01","1273230678402.17","1314945253963.3","1380130954836.11","1184598743923.75","1345507095831.99","1638723859936.52","1673941105846.72","1646512449296.9","1761037544316.45","1788454000000","1913280000000","1882030000000","1950392000000","2380435000000","2851108000000","3135558000000","3557992000000","4175772000000","4705282000000","3562688000000","4002092000000","4688558000000","4351317000000","4419249000000","4469115000000","3835842000000","3833516000000","4264771000000","4740248000000","4558250000000","4193103000000",
"Eritrea","ERI","Merchandise imports (current US$)","TM.VAL.MRCH.CD.WT","","","","","","","","","","","","","","","","","","","","","","","","","","","","","","","","","351000000","349000000","489000000","454000000","553000000","525000000","508000000","510000000","471000000","423000000","538000000","433000000","480000000","490000000","495000000","510000000","600000000","590000000","660000000","950000000","970000000","1040000000","1130000000","1020000000","957000000","1027000000","1066000000","1147000000","965000000",
"Spain","ESP","Merchandise imports (current US$)","TM.VAL.MRCH.CD.WT","722000000","1092000000","1570000000","1955000000","2255000000","3040000000","3591000000","3441000000","3505000000","4233000000","4747000000","5009000000","6829000000","9667000000","15428000000","16265000000","17474000000","17836000000","18712000000","25438000000","34078000000","32150000000","31465000000","29193000000","28831000000","29963000000","35057000000","49113000000","59643000000","71469000000","87715000000","93306000000","99758000000","77525000000","88863000000","113537000000","121221000000","115670000000","136662000000","135346000000","156143000000","154650000000","165105000000","208602000000","258331000000","288786000000","328696000000","389301000000","420803000000","293218000000","327016000000","376606000000","337338000000","340598000000","358860000000","311851000000","310921000000","351981000000","390562000000","372750000000","324993000000",
"Estonia","EST","Merchandise imports (current US$)","TM.VAL.MRCH.CD.WT","","","","","","","","","","","","","","","","","","","","","","","","","","","","","","","","","412000000","895000000","1654000000","2546000000","3224000000","4437000000","4787000000","4109000000","5052000000","5230000000","5863000000","7967000000","8336000000","10238000000","13449000000","15677000000","16026000000","10140000000","12287000000","17459000000","18085000000","18464000000","18296000000","14521000000","14959000000","16674000000","19140000000","18022000000","17335000000",
"Ethiopia","ETH","Merchandise imports (current US$)","TM.VAL.MRCH.CD.WT","88000000","95000000","104000000","111000000","123000000","150000000","162000000","143000000","173000000","155000000","172000000","188000000","189000000","214000000","283000000","313000000","352000000","352000000","455000000","567000000","716000000","739000000","786000000","875000000","942000000","993000000","1102000000","1066000000","1129000000","943000000","1081000000","472000000","839000000","787000000","1033000000","1145000000","1401000000","1113000000","1517000000","1538000000","1260000000","1811000000","1594000000","2686000000","2874000000","4095000000","5207000000","5809000000","8277000000","7668000000","8602000000","8896000000","11913000000","12072000000","15357000000","16702000000","16429000000","15761000000","15305000000","14554000000","14135000000",
"European Union","EUU","Merchandise imports (current US$)","TM.VAL.MRCH.CD.WT","45409414529.4456","49633965070.3451","55094804655.4632","61635426748.2365","69026138302.1984","76341411453.6441","83070066579.5546","85797108533.1949","94125733360.2296","112449383547.49","132503613207.394","147196086557.127","176548380813.714","245104999506.222","337662289661.902","354102231678.872","404357719110.245","449722095787.443","518936267122.778","674478993647.839","802701758999.024","718246778462.831","676774798166.201","644025523903.78","649654129488.523","677221798849.767","795902169255.822","968472581769.696","1072039374907.5","1160922702266.01","1412497389247.72","1455748364708.16","1523618156153.88","1319963741897.46","1507486763110.6","1841030992272.29","1893022960706.25","1873460682825.15","2002907883608.39","2028842000000","2172471000000","2142644000000","2237896000000","2738275000000","3303655000000","3644819000000","4165395000000","4932361000000","5594618000000","4196951000000","4734658000000","5558134000000","5167075000000","5258989000000","5348796000000","4609273000000","4621872000000","5161125000000","5751623000000","5542323000000","5135438000000",
"Fragile and conflict affected situations","FCS","Merchandise imports (current US$)","TM.VAL.MRCH.CD.WT","4837733417.43242","4936770238.61706","5045495444.48281","5188668240.32582","5773200782.75257","6151047785.31572","6175806990.61188","6202719170.28162","6759263045.85184","7302889075.18058","8220056158.32531","9862775605.36622","11077053152.0649","14095523223.8229","22343568049.0047","31773595805.2815","34047136743.7811","44145663043.0543","50013594698.2443","53139713488.6813","77214272934.0437","92964555117.3221","85215356003.2283","62758932622.4495","58501663210.5533","53749237305.7437","49214249686.9525","46856874209.8216","56423082367.4757","49355022067.4772","48165731483.4829","51050325176.3688","54907193465.9257","53547624503.2846","52453922170.6078","59969085577.5993","63425351767.1355","70640242274.4026","73544965533.5422","72438751830.0435","76913652127.3254","88260422848.5085","77491260413.6008","82808593012.8872","119873333692.211","148595176805.122","171114234316.257","214722138327.142","272130433596.352","251105082636.409","284286186282.634","329507501550.903","353257956170.093","375288826662.058","363866915870.263","320049788851.163","257015372390.88","255361365624.438","292848715962.147","293853194583.68","265704893150.007",
"Finland","FIN","Merchandise imports (current US$)","TM.VAL.MRCH.CD.WT","1064000000","1154000000","1228000000","1208000000","1505000000","1646000000","1726000000","1676000000","1592000000","2025000000","2638000000","2807000000","3165000000","4341000000","6813000000","7628000000","7392000000","7608000000","7866000000","11398000000","15635000000","14192000000","13401000000","12826000000","12433000000","13232000000","15339000000","19634000000","21130000000","24436000000","27001000000","21809000000","21208000000","18034000000","23275000000","29470000000","31422000000","31611000000","32960000000","32114000000","34443000000","32639000000","34218000000","42513000000","51443000000","58766000000","69375000000","81704000000","91781000000","60889000000","68803000000","84264000000","76468000000","77570000000","76765000000","60430000000","60841000000","70586000000","78624000000","73716000000","67731000000",
"Fiji","FJI","Merchandise imports (current US$)","TM.VAL.MRCH.CD.WT","41000000","43000000","44000000","51000000","70000000","73000000","64000000","71000000","79000000","89000000","104000000","129000000","159000000","222000000","273000000","268000000","264000000","307000000","355000000","470000000","562000000","631000000","509000000","484000000","450000000","442000000","435000000","379000000","462000000","581000000","754000000","652000000","630000000","720000000","842000000","892000000","987000000","965000000","722000000","903000000","830000000","886000000","901000000","1205000000","1446000000","1607000000","1804000000","1800000000","2264000000","1440000000","1808000000","2182000000","2253000000","2826000000","3250000000","2081000000","2316000000","2420000000","2720000000","2734000000","1719000000",
"France","FRA","Merchandise imports (current US$)","TM.VAL.MRCH.CD.WT","6282000000","6683000000","7378000000","8744000000","10101000000","10384000000","11859000000","12443000000","14019000000","17371000000","19131000000","21336000000","26999000000","37738000000","52918000000","53947000000","64082000000","70637000000","81788000000","107009000000","134866000000","120953000000","115714000000","105907000000","104362000000","108251000000","129401000000","158476000000","178857000000","192986000000","234436000000","231784000000","239638000000","217351000000","246001000000","289391000000","294560000000","285027000000","307771000000","315748000000","338940000000","328608000000","329262000000","398840000000","470945000000","504124000000","541919000000","630861000000","716795000000","560873000000","611070000000","720028000000","674415000000","681467000000","676617000000","570758000000","567657000000","619334000000","676441000000","654658000000","582351000000",
"Faroe Islands","FRO","Merchandise imports (current US$)","TM.VAL.MRCH.CD.WT","","","","","","","","","","","","","","","","","","","","","223000000","214000000","192000000","238000000","262000000","248000000","336000000","513000000","478000000","346000000","338000000","303000000","334000000","219000000","242000000","315000000","370000000","358000000","387000000","470000000","533000000","500000000","494000000","738000000","628000000","743000000","790000000","1015837000","988076000","783440000","780024000","987201000","1153117000","1115200000","1072552426.58888","910313043.863418","979286416.929527","1096198681.39617","","","",
"Micronesia, Fed. Sts.","FSM","Merchandise imports (current US$)","TM.VAL.MRCH.CD.WT","","","","","","","","","","","","","","","","","","","","","","","","","","","","","68000000","73000000","84000000","89000000","99000000","109000000","98000000","89000000","100000000","99000000","100000000","97000000","107000000","114000000","104000000","118000000","133000000","130000000","137000000","142000000","155000000","172000000","168000000","188000000","194000000","188000000","161000000","160000000","186000000","183000000","198000000","195000000","205000000",
"Gabon","GAB","Merchandise imports (current US$)","TM.VAL.MRCH.CD.WT","32000000","36000000","41000000","48000000","56000000","62000000","66000000","67000000","65000000","77000000","80000000","92000000","139000000","190000000","332000000","469000000","503000000","716000000","617000000","532000000","674000000","841000000","867000000","685000000","724000000","855000000","866000000","732000000","791000000","767000000","918000000","834000000","700000000","845000000","756000000","882000000","957000000","1104000000","1103000000","841000000","950000000","1002000000","1135000000","1206000000","1347000000","1471000000","1725000000","2157000000","2563000000","2501000000","2983000000","3665000000","3629000000","3754000000","4055000000","3171000000","2635000000","2886000000","3082000000","3140000000","2937000000",
"United Kingdom","GBR","Merchandise imports (current US$)","TM.VAL.MRCH.CD.WT","13034000000","12729000000","12958000000","13969000000","15966000000","16128000000","16663000000","17800000000","18960000000","19961000000","21871000000","23858000000","27661000000","38528000000","54190000000","53341000000","55744000000","63191000000","75813000000","99600000000","115545000000","102708000000","99646000000","100080000000","104725000000","108957000000","126330000000","154407000000","189340000000","197731000000","222977000000","209947000000","221551000000","209318000000","234076000000","267250000000","287332000000","307518000000","321231000000","324899000000","339643000000","340963000000","360333000000","394573000000","469732000000","521919000000","615683000000","644565000000","668600000000","522860000000","592271000000","680939000000","702840000000","662160000000","694126000000","630003000000","636731000000","641002000000","672267000000","695798000000","634710000000",
"Georgia","GEO","Merchandise imports (current US$)","TM.VAL.MRCH.CD.WT","","","","","","","","","","","","","","","","","","","","","","","","","","","","","","","","","227000000","167000000","340000000","392000000","687000000","944000000","887000000","690000000","709000000","753000000","796000000","1141000000","1846000000","2490000000","3678000000","5215000000","6302000000","4500000000","5257000000","7065000000","8037000000","8023000000","8602000000","7300000000","7342000000","8057000000","9362000000","9517000000","8011000000",
"Ghana","GHA","Merchandise imports (current US$)","TM.VAL.MRCH.CD.WT","363000000","400000000","333000000","365000000","340000000","448000000","352000000","307000000","308000000","347000000","411000000","430000000","291000000","452000000","821000000","791000000","862000000","1038000000","1006000000","852000000","1129000000","1106000000","705000000","1248000000","608000000","866000000","1046000000","1156000000","905000000","1273000000","1205000000","1055000000","2169000000","2575000000","2108000000","1906000000","2108000000","2326000000","2563000000","3480000000","2973000000","3154000000","2720000000","3210000000","4074000000","5347000000","6754000000","8061000000","10269000000","8046000000","10922000000","15838000000","17763000000","17600000000","14600000000","13465000000","12920000000","12647000000","13134000000","13411000000","12352000000",
"Gibraltar","GIB","Merchandise imports (current US$)","TM.VAL.MRCH.CD.WT","","","","","","","","","","","","","","","","","","","","","","","","","","","","","","","","","","","","","","","","","","","","","","","","","","","","","","","","","830000000","","","","",
"Guinea","GIN","Merchandise imports (current US$)","TM.VAL.MRCH.CD.WT","50000000","73000000","66000000","46000000","49000000","53000000","70000000","53000000","50000000","65000000","78000000","80000000","107000000","185000000","160000000","216000000","283000000","247000000","272000000","253000000","360000000","351000000","296000000","267000000","438000000","448000000","451000000","468000000","605000000","589000000","723000000","735000000","740000000","730000000","706000000","819000000","648000000","620000000","537000000","556000000","612000000","601000000","667000000","640000000","780000000","820000000","956000000","1218000000","1366000000","1060000000","1405000000","2106000000","2254000000","1869000000","2372000000","2192000000","4429000000","3484000000","3386000000","3470000000","3255000000",
"Gambia, The","GMB","Merchandise imports (current US$)","TM.VAL.MRCH.CD.WT","9000000","13000000","13000000","12000000","12000000","16000000","18000000","19000000","21000000","20000000","18000000","21000000","25000000","31000000","47000000","60000000","74000000","78000000","100000000","141000000","165000000","126000000","103000000","115000000","100000000","93000000","104000000","127000000","138000000","161000000","188000000","204000000","218000000","261000000","212000000","182000000","258000000","278000000","228000000","192000000","187000000","134000000","161000000","156000000","229000000","260000000","259000000","321000000","322000000","304000000","285000000","341000000","380000000","350000000","387000000","420000000","336000000","548000000","677000000","621000000","695000000",
"Guinea-Bissau","GNB","Merchandise imports (current US$)","TM.VAL.MRCH.CD.WT","11000000","10000000","12000000","14000000","15000000","15000000","15000000","16000000","18000000","23000000","27000000","31000000","32000000","44000000","43000000","38000000","37000000","37000000","49000000","61000000","55000000","50000000","50000000","55000000","48000000","60000000","60000000","70000000","66000000","69000000","86000000","76000000","96000000","61000000","164000000","133000000","87000000","89000000","63000000","51000000","59000000","62000000","59000000","65000000","83000000","106000000","127000000","168000000","199000000","202000000","196000000","240000000","182000000","183000000","214000000","207000000","230000000","291000000","284000000","335000000","343000000",
"Equatorial Guinea","GNQ","Merchandise imports (current US$)","TM.VAL.MRCH.CD.WT","16000000","19000000","24000000","18000000","23000000","26000000","28000000","32000000","32000000","33000000","24000000","28000000","27000000","27000000","15000000","20000000","4000000","10000000","9000000","19000000","26000000","27000000","31000000","19000000","18000000","20000000","52000000","58000000","61000000","51000000","61000000","67000000","56000000","59000000","37000000","121000000","292000000","358000000","317000000","425000000","451000000","813000000","507000000","908000000","1092000000","1310000000","2020000000","2767000000","3787000000","5597000000","5485000000","6972000000","7505000000","6104000000","5946000000","3525000000","2323000000","2842000000","3087000000","2275000000","1747000000",
"Greece","GRC","Merchandise imports (current US$)","TM.VAL.MRCH.CD.WT","702000000","714000000","701000000","804000000","885000000","1134000000","1223000000","1186000000","1393000000","1594000000","1958000000","2098000000","2348000000","3477000000","4385000000","5357000000","6059000000","6853000000","7829000000","9614000000","10548000000","8810000000","10026000000","9500000000","9435000000","10134000000","11350000000","13168000000","12323000000","16151000000","19777000000","21580000000","23220000000","22013000000","21507000000","25898000000","28238000000","26919000000","30293000000","30529000000","33480000000","33019000000","31570000000","44852000000","52760000000","57729000000","67296000000","84853000000","96617000000","74131000000","65907000000","66705000000","61686000000","60859000000","61983000000","46786000000","46809000000","53495000000","63877000000","62510000000","55513000000",
"Grenada","GRD","Merchandise imports (current US$)","TM.VAL.MRCH.CD.WT","9000000","9000000","9000000","9000000","10000000","11000000","13000000","14000000","13000000","17000000","22000000","23000000","22000000","22000000","18000000","24000000","25000000","32000000","36000000","44000000","50000000","54000000","56000000","57000000","56000000","69000000","84000000","89000000","92000000","99000000","105000000","121000000","107000000","118000000","119000000","124000000","152000000","173000000","200000000","202000000","239000000","212000000","199000000","254000000","233000000","328000000","299000000","365000000","363000000","282000000","318000000","336000000","341000000","368000000","340000000","372000000","351000000","420000000","467000000","470000000","370000000",
"Greenland","GRL","Merchandise imports (current US$)","TM.VAL.MRCH.CD.WT","16000000","17000000","22000000","25000000","29000000","34000000","38000000","46000000","48000000","50000000","53000000","61000000","72000000","95000000","106000000","128000000","129000000","160000000","179000000","275000000","328000000","294000000","278000000","265000000","274000000","296000000","360000000","507000000","519000000","399000000","445000000","408000000","456000000","346000000","363000000","434000000","469000000","397000000","409000000","409000000","365000000","324000000","387000000","460000000","546000000","593000000","660000000","757000000","895000000","742000000","808000000","915000000","861000000","955000000","867000000","667000000","734000000","760000000","829000000","986000000","903000000",
"Guatemala","GTM","Merchandise imports (current US$)","TM.VAL.MRCH.CD.WT","121000000","121000000","119000000","171000000","202000000","229000000","207000000","247000000","249000000","250000000","284000000","297000000","324000000","431000000","700000000","733000000","839000000","1053000000","1286000000","1504000000","1598000000","1688000000","1388000000","1126000000","1279000000","1175000000","959000000","1447000000","1557000000","1654000000","1649000000","1851000000","2532000000","2599000000","2781000000","3293000000","3146000000","3852000000","4651000000","4560000000","5171000000","5607000000","7659000000","8127000000","9475000000","10499000000","11915000000","13576000000","14547000000","11531000000","13838000000","16613000000","16994000000","17518000000","18282000000","17640000000","17000000000","18388000000","19699000000","19882000000","18204000000",
"Guam","GUM","Merchandise imports (current US$)","TM.VAL.MRCH.CD.WT","","","","","","","","","","","","","","","","","","","","","","","","","","","","","","","","","","","","","","","","","","","","","","","","","","","","750000000","640000000","680000000","1076000000","705000000","713000000","760000000","1070000000","1050000000","600000000",
"Guyana","GUY","Merchandise imports (current US$)","TM.VAL.MRCH.CD.WT","86000000","86000000","74000000","69000000","87000000","104000000","118000000","130000000","110000000","118000000","134000000","135000000","143000000","177000000","255000000","344000000","364000000","314000000","279000000","318000000","365000000","438000000","283000000","231000000","213000000","226000000","241000000","265000000","216000000","258000000","311000000","307000000","442000000","484000000","506000000","527000000","597000000","630000000","540000000","480000000","573000000","584000000","563000000","576000000","651000000","788000000","889000000","1059000000","1312000000","1161000000","1397000000","1771000000","1997000000","1875000000","1791000000","1492000000","1448000000","1644000000","2410000000","3019000000","2028000000",
"High income","HIC","Merchandise imports (current US$)","TM.VAL.MRCH.CD.WT","97199934732.6851","102317613300.928","110145895334.846","120748236241.362","135130404220.186","148317495368.65","164023766171.909","172818685571.269","194009618712.801","223236121550.863","257547517663.591","286976020213.687","341198665428.358","471361568876.683","676785757704.599","684125433105.22","792257676860.415","905132154692.898","1049422346902.24","1341028496640.99","1608451790801.84","1563284257044.5","1474397578483","1447857172438.38","1574518257786.62","1592145257068.88","1775151844351.24","2111711432583.43","2421842325486.3","2625787267980.35","3006364313755.46","3085344485459.58","3269444615918.68","3166875613095.24","3606654617040.31","4274197517110.22","4468476562311.52","4592930517688.64","4599555763942.23","4829095778546.04","5429397227765.08","5178337684391.66","5346918834824.21","6197511188111.13","7425390637144.08","8313890898280.27","9435182517603.66","10690168470155.4","12057949984314","9168068465070.41","10822523051963.1","12707767404545","12675023276496.1","12762875406125.1","12900118153467","11429769512385","11215102955425.6","12254273868645","13385098067370.2","13014236838329.4","12072658450476.6",
"Hong Kong SAR, China","HKG","Merchandise imports (current US$)","TM.VAL.MRCH.CD.WT","1026000000","1045000000","1165000000","1297000000","1496000000","1569000000","1767000000","1818000000","2058000000","2458000000","2905000000","3391000000","3856000000","5655000000","6778000000","6766000000","8838000000","10446000000","13394000000","17127000000","22994000000","26136000000","24867000000","24409000000","30444000000","31195000000","35942000000","50691000000","70325000000","77662000000","84725000000","103883000000","127340000000","141308000000","165878000000","196072000000","201284000000","213297000000","186759000000","180711000000","214042000000","202008000000","207969000000","233249000000","272893000000","300160000000","335754000000","370132000000","392962000000","352241000000","441369000000","510855000000","553486000000","622277000000","600765000000","558770000000","546520000000","588913000000","626616000000","577834000000","569769000000",
"Honduras","HND","Merchandise imports (current US$)","TM.VAL.MRCH.CD.WT","72000000","72000000","80000000","95000000","102000000","122000000","149000000","165000000","186000000","184000000","221000000","194000000","193000000","262000000","382000000","400000000","456000000","575000000","693000000","826000000","1009000000","949000000","701000000","803000000","893000000","888000000","875000000","827000000","940000000","969000000","938000000","985000000","1120000000","1404000000","1635000000","1879000000","2145000000","2631000000","3233000000","3530000000","3988000000","4152000000","4382000000","4774000000","5827000000","6545000000","7303000000","8888000000","10453000000","7372000000","8907000000","11126000000","11371000000","10953000000","11051000000","11175000000","10559000000","11409000000","12250000000","11826000000","9871000000",
"Heavily indebted poor countries (HIPC)","HPC","Merchandise imports (current US$)","TM.VAL.MRCH.CD.WT","2927028306.14765","3159364348.47272","3097475708.37739","3259806567.64381","3529681621.17424","3902028029.61659","4100883332.21796","4251039377.03939","4506710480.38401","4741075658.4499","5354889220.05106","5904785005.81606","6099582036.93576","7716803222.37748","10758477697.882","12387873697.7687","12272212960.5414","14524553632.863","17359256262.8029","18785738688.6065","25082146892.4028","24123380254.8605","21727985512.8104","20600800608.7792","19032278681.1174","20010322108.1976","21605222800.4902","23053011151.5726","22818645973.5067","23276216083.0639","24318177285.9803","22799369183.9688","24674290608.496","24938325820.7145","24851314216.6879","29144886815.3776","32433325367.5536","32332311896.2125","34800641077.1037","36008802199.6794","36021803933.6144","39235232482.3192","41755568598.9505","48371450905.1076","59524938354.5805","73721831678.2237","85246368611.534","104559944305.29","130844449654.968","114971332787.089","135057011449.908","165842117007.856","186218834484.143","198740504396.93","201794911738.276","188468134454.899","171691897145.227","175475401720.313","189832316384.694","188258106445.18","171268840725.65",
"Croatia","HRV","Merchandise imports (current US$)","TM.VAL.MRCH.CD.WT","","","","","","","","","","","","","","","","","","","","","","","","","","","","","","","","","4500000000","4666000000","5229000000","7352000000","7784000000","9101000000","8276000000","7799000000","7887000000","9147000000","10711000000","14209000000","16612000000","18599000000","21477000000","25617000000","30728000000","21123000000","20067000000","22663000000","20832000000","22022000000","22809000000","20571000000","21903000000","24829000000","28203000000","28160000000","26649000000",
"Haiti","HTI","Merchandise imports (current US$)","TM.VAL.MRCH.CD.WT","40000000","33000000","37000000","39000000","41000000","34000000","38000000","36000000","38000000","39000000","55000000","60000000","69000000","83000000","125000000","149000000","207000000","213000000","233000000","272000000","375000000","461000000","387000000","441000000","450000000","442000000","360000000","399000000","344000000","291000000","332000000","400000000","278000000","355000000","251000000","653000000","665000000","648000000","797000000","1025000000","1036000000","1013000000","1130000000","1188000000","1306000000","1454000000","1619000000","1682000000","2315000000","2124000000","3146000000","3020000000","3170000000","3580000000","3734000000","3683000000","3423000000","3890000000","4822000000","4513000000","2971000000",
"Hungary","HUN","Merchandise imports (current US$)","TM.VAL.MRCH.CD.WT","976000000","1026000000","1149000000","1306000000","1495000000","1521000000","1566000000","1776000000","1803000000","1928000000","2506000000","2990000000","3154000000","3919000000","5576000000","7176000000","5529000000","6522000000","7990000000","8682000000","9190000000","9160000000","8870000000","8555000000","8130000000","8185000000","9595000000","9860000000","9370000000","8865000000","10340000000","11370000000","11080000000","12530000000","14555000000","15465000000","18145000000","21235000000","25705000000","28015000000","32172000000","33617000000","37755000000","47808000000","60538000000","66552000000","78262000000","95565000000","108940000000","77761000000","88178000000","102440000000","95176000000","100111000000","104897000000","91973000000","93880000000","107519000000","120741000000","120590000000","115480000000",
"IBRD only","IBD","Merchandise imports (current US$)","TM.VAL.MRCH.CD.WT","29043140574.9614","29289851245.064","28664625574.256","30071664966.7592","33543638872.0395","35502366756.8446","38893124780.1655","39806368941.1133","42272580276.742","44977274926.6777","50417181048.7589","56123826802.008","64627847924.4969","88980272047.9878","143310387855.659","169215779153.831","172090011704.933","193600980604.881","221897986562.168","260337880019.883","354335343689.711","390352870098.932","345551294021.745","318136830334.427","324380317902.367","322180370986.548","325182955663.172","357025416745.181","424396402239.282","458977373987.485","488663455685.061","536567783509.565","611929771310.572","670407914370.493","767578649801.218","930717042204.9","1016817246187.87","1098419610814.02","1036860020403.4","1035321206536.29","1237908916686.58","1239687950353.98","1328537113139.39","1597513937300.2","2079520494645.51","2494273548740.77","2964563611475.46","3622027396279.56","4484010913805.73","3535102234815.57","4607390562361.99","5703958214320.37","5938945354137.4","6147813144956.71","6087221335349.87","5221822979165.66","4935573515209.46","5688181476638.42","6409270607200.65","6208911682347.06","5697725425424.62",
"IDA & IBRD total","IBT","Merchandise imports (current US$)","TM.VAL.MRCH.CD.WT","35550611882.3142","35703622550.0472","35244590546.8483","37174791784.9909","41453423419.7463","43886578906.6877","47351637794.9103","48530144212.4527","50642818687.102","54259026421.5475","61135730695.9439","68246545213.3623","77809834995.0588","105125981840.179","166804482135.467","198858983502.122","204236470146.249","233645549646.334","269530342818.097","309652761999.859","422815155142.058","463977125977.151","409170284368.116","375562664133.88","377562971053.543","374690189839.133","372383004926.195","406220223659.048","476810002060.861","513104518134.812","546712582112.656","599172804094.384","678764961469.085","738111087369.503","836674390984.485","1012605332013.64","1105094781269.7","1189022386887.54","1125328389416.25","1125156286999.17","1329506268678.65","1338505916711.21","1426243930230.11","1713462735405.96","2225868116818.67","2678296863062.12","3180228951486.82","3886954843022.22","4821544292729.05","3821986329867.17","4946209838946.4","6123757128602.66","6368153282329.98","6601483634791.02","6560339447208.03","5651058511359.14","5343245689799.37","6127991453226.17","6903807006037.33","6710712735741.77","6155837764973.11",
"IDA total","IDA","Merchandise imports (current US$)","TM.VAL.MRCH.CD.WT","6460587788.64587","6363418697.46481","6536934931.71671","7062110734.05247","7863755736.29627","8335719893.46144","8392401863.31707","8657303314.27497","8283665023.18587","9196360415.35089","10628447735.3766","12025831808.5519","13056518240.0082","16034320645.6241","23391565050.7081","29463882263.9183","31902844234.2323","39651675109.5054","47128904226.9036","48925402601.2806","67908074859.4981","73043329449.1846","63146630185.8266","57021814652.2871","52915354700.2627","52252741204.8193","47096779943.4002","49152189569.0685","52526287236.6553","54320700660.1316","58243397156.1795","62850145799.7223","67242652355.7348","68047382698.4377","69333926112.5678","82141952738.9749","88532639307.6497","90789984803.9958","88699736181.3574","90093918685.9127","91613167562.2001","98965430005.3402","97712716019.6295","115927300387.966","146239501716.28","184041949057.382","215634096731.012","264921246639.366","337738930160.011","287509739741.504","338851971501.898","419846976233.499","429082045104.223","453749171071.154","473729645500.076","430282122797.591","408705299286.791","440330213586.861","495099629681.473","502854056619.936","459025621885.085",
"IDA blend","IDB","Merchandise imports (current US$)","TM.VAL.MRCH.CD.WT","2421185984.15201","2210889958.8741","2415622597.2399","2654848234.4608","3084341704.076","3173355894.66982","3030933189.7197","3275722213.85272","2611453816.54631","3068764220.72208","3846525711.03561","4527484269.07837","5219569600.94535","5989542349.58192","9306433626.58429","13258663688.9501","15458426873.9999","19753361570.1519","24202958422.4607","22796534211.0783","33213419865.3205","38131453895.6293","32071812870.9547","26705369855.5296","23885845368.4702","23193760036.6032","18312444359.9144","18922191565.4821","21048518043.2921","21959800819.4964","24264155678.494","29220020739.8051","29223358771.9524","28024364274.5108","27465502404.1552","33340073770.2811","35619668329.4336","37802941991.7205","33035057596.8733","32342751150.6518","32428035278.0849","35224351315.2143","31960477591.2165","39021000000","50365000000","67110000000","81011000000","101375000000","131945000000","106078000000","125525000000","156374000000","154219000000","163745000000","172367000000","146374000000","136778000000","140586000000","162665000000","167584000000","157152000000",
"Indonesia","IDN","Merchandise imports (current US$)","TM.VAL.MRCH.CD.WT","574000000","794000000","647000000","521000000","680000000","695000000","527000000","649000000","716000000","781000000","1002000000","1103000000","1562000000","2729000000","3842000000","4770000000","5673000000","6230000000","6690000000","7202000000","10834000000","13272000000","16859000000","16352000000","13882000000","10262000000","10718000000","12891000000","13249000000","16444000000","21837000000","25869000000","27280000000","28328000000","31983000000","40630000000","42929000000","51304000000","35280000000","33321000000","43595000000","37534000000","38340000000","42196000000","54877000000","75725000000","80650000000","93101000000","127538000000","93786000000","135663000000","177436000000","191691000000","186629000000","178179000000","142695000000","135653000000","156925000000","188707000000","171276000000","141622000000",
"IDA only","IDX","Merchandise imports (current US$)","TM.VAL.MRCH.CD.WT","4026165880.41162","4150175096.44073","4110019731.25035","4392288327.73565","4754867654.6017","5142248824.67357","5351292931.69407","5361922293.06799","5685527294.89632","6131960472.6011","6768541114.88384","7472441045.8681","7790140846.93314","9971251857.51835","13999564832.9073","16156060753.5792","16433248070.4298","19905045969.5163","22961598003.9773","26077012209.9702","34682661687.9465","34994646445.4364","31110863591.067","30259316153.6715","28940860020.9915","28955818194.2958","28588274507.3899","30017848498.9019","31283951025.0169","32168743186.9456","33804171298.525","33572059756.6471","37869317476.917","39925400854.2422","41807028672.2792","48701138542.0075","52815382148.5542","52842381223.206","55659630820.5207","57788404014.216","59239085063.7733","63792582846.3849","65901625947.0655","77044974796.5992","96005594183.7613","116953760835.671","134557157508.609","163394246088.569","205496187730.121","181418205270.505","213291651322.838","263396741746.737","275000113291.298","290123748800.068","301433245801.305","284363600065.713","272446623884.812","300564083282.708","333180003887.964","335935986354.339","302321099986.968",
"Isle of Man","IMN","Merchandise imports (current US$)","TM.VAL.MRCH.CD.WT","","","","","","","","","","","","","","","","","","","","","","","","","","","","","","","","","","","","","","","","","","","","","","","","","","","","","","","","","","","","","",
"India","IND","Merchandise imports (current US$)","TM.VAL.MRCH.CD.WT","2303000000","2286000000","2362000000","2477000000","2876000000","2838000000","3440000000","2773000000","2570000000","2212000000","2124000000","2424000000","2223000000","3211000000","5136000000","6381000000","5665000000","6647000000","7865000000","9827000000","14864000000","15418000000","14786000000","14061000000","15272000000","15928000000","15421000000","16675000000","19102000000","20549000000","23580000000","20448000000","23579000000","22788000000","26843000000","34707000000","37942000000","41432000000","42980000000","46979000000","51523000000","50392000000","56517000000","72558000000","99775000000","142870000000","178410000000","229370000000","321032000000","257202000000","350233000000","464462000000","489694000000","465397000000","462910000000","394131000000","361649000000","449925000000","514464000000","486059000000","371920000000",
"Not classified","INX","Merchandise imports (current US$)","TM.VAL.MRCH.CD.WT","","","","","","","","","","","","","","","","","","","","","","","","","","","","","","","","","","","","","","","","","","","","","","","","","","","","","","","","","","","","","",
"Ireland","IRL","Merchandise imports (current US$)","TM.VAL.MRCH.CD.WT","634000000","732000000","766000000","858000000","974000000","1041000000","1043000000","1086000000","1175000000","1416000000","1621000000","1837000000","2102000000","2789000000","3814000000","3778000000","4200000000","5396000000","7121000000","9884000000","11153000000","10608000000","9702000000","9159000000","9675000000","10020000000","11621000000","13642000000","15567000000","17420000000","20669000000","20771000000","22477000000","21161000000","25612000000","32340000000","34320000000","37748000000","43191000000","46769000000","51041000000","50556000000","52399000000","53886000000","61814000000","68565000000","73118000000","83822000000","83965000000","62704000000","60276000000","66606000000","62769000000","72134000000","82016000000","76977000000","81185000000","93198000000","107669000000","100757000000","97969000000",
"Iran, Islamic Rep.","IRN","Merchandise imports (current US$)","TM.VAL.MRCH.CD.WT","560000000","605000000","531000000","524000000","673000000","859000000","931000000","1119000000","1384000000","1527000000","1662000000","1873000000","2409000000","3393000000","5433000000","10343000000","12894000000","14070000000","13550000000","9738000000","12246000000","14693000000","11955000000","18320000000","15370000000","11635000000","10521000000","9570000000","9454000000","14794000000","20322000000","27927000000","25860000000","21427000000","13774000000","13882000000","16274000000","14196000000","14323000000","13324000000","13898000000","16709000000","20617000000","24798000000","31976000000","40041000000","40772000000","44942000000","57401000000","50768000000","65404000000","61760000000","57292000000","46571000000","55106000000","44937000000","43080000000","49499000000","49353000000","41828000000","38757000000",
"Iraq","IRQ","Merchandise imports (current US$)","TM.VAL.MRCH.CD.WT","389000000","408000000","361000000","319000000","413000000","455000000","493000000","424000000","404000000","440000000","509000000","701000000","705000000","894000000","2370000000","4215000000","3897000000","3899000000","4213000000","7179000000","13942000000","20735000000","21534000000","12166000000","11078000000","10556000000","10190000000","7415000000","10268000000","9899000000","6526000000","423000000","603000000","533000000","499000000","665000000","3532000000","4419000000","5983000000","10917000000","13210000000","13120000000","9817000000","9934000000","21302000000","23532000000","20892000000","21516000000","33000000000","38437000000","43915000000","47803000000","59006000000","65104000000","59990000000","58517000000","44116000000","48506000000","56876000000","46262000000","43297000000",
"Iceland","ISL","Merchandise imports (current US$)","TM.VAL.MRCH.CD.WT","97000000","81000000","89000000","110000000","131000000","137000000","159000000","162000000","134000000","123000000","157000000","210000000","231000000","359000000","518000000","484000000","467000000","605000000","675000000","815000000","999000000","1024000000","944000000","818000000","841000000","905000000","1119000000","1590000000","1597000000","1401000000","1680000000","1760000000","1684000000","1341000000","1472000000","1758000000","2042000000","2018000000","2482000000","2516000000","2589000000","2269000000","2275000000","2827000000","3643000000","4979000000","6137000000","6738000000","6205000000","3604000000","3920000000","4841000000","4772000000","5020000000","5375000000","5299000000","5670000000","6965000000","7679000000","6567000000","5698000000",
"Israel","ISR","Merchandise imports (current US$)","TM.VAL.MRCH.CD.WT","496000000","580000000","635000000","674000000","839000000","838000000","833000000","774000000","1307000000","1653000000","2079000000","2363000000","2473000000","4240000000","5437000000","5997000000","5669000000","5787000000","7415000000","8576000000","9784000000","10235000000","9655000000","9574000000","9819000000","9875000000","10806000000","14348000000","15018000000","14347000000","16794000000","18658000000","20253000000","22624000000","25237000000","29579000000","31620000000","30782000000","29342000000","33166000000","37686000000","35449000000","35517000000","36303000000","42864000000","44944000000","47318000000","56105000000","64531000000","46928000000","58705000000","72747000000","72270000000","71102000000","71480000000","62065000000","65812000000","69127000000","76598000000","76591000000","69901000000",
"Italy","ITA","Merchandise imports (current US$)","TM.VAL.MRCH.CD.WT","4734000000","5221000000","6069000000","7589000000","7254000000","7378000000","8590000000","9829000000","10285000000","12470000000","14974000000","15969000000","19319000000","27798000000","41089000000","38526000000","43905000000","48092000000","56496000000","77895000000","100741000000","94261000000","87332000000","79808000000","85162000000","87692000000","99376000000","125661000000","138551000000","153011000000","181968000000","182679000000","188451000000","148095000000","169166000000","205990000000","208263000000","210132000000","218465000000","220637000000","238757000000","236220000000","247015000000","297519000000","355301000000","384790000000","442555000000","511662000000","561919000000","415105000000","487049000000","558787000000","488600000000","479447000000","474394000000","410919000000","406788000000","453122000000","503240000000","475006000000","422879000000",
"Jamaica","JAM","Merchandise imports (current US$)","TM.VAL.MRCH.CD.WT","217000000","211000000","223000000","226000000","289000000","289000000","327000000","349000000","384000000","436000000","525000000","552000000","638000000","677000000","936000000","1124000000","913000000","860000000","904000000","993000000","1171000000","1473000000","1381000000","1494000000","1146000000","1111000000","972000000","1238000000","1454000000","1852000000","1928000000","1736000000","1676000000","2132000000","2224000000","2818000000","2965000000","3131000000","3035000000","2899000000","3301000000","3360000000","3533000000","3639000000","3940000000","4739000000","5650000000","6893000000","8465000000","5064000000","5225000000","6439000000","6331000000","6216000000","5840000000","4993000000","4767000000","5818000000","6171000000","6339000000","4466000000",
"Jordan","JOR","Merchandise imports (current US$)","TM.VAL.MRCH.CD.WT","120000000","117000000","128000000","143000000","150000000","157000000","191000000","154000000","159000000","190000000","184000000","215000000","274000000","330000000","488000000","732000000","1006000000","1381000000","1504000000","1963000000","2402000000","3165000000","3240000000","3036000000","2784000000","2733000000","2432000000","2710000000","2732000000","2126000000","2600000000","2508000000","3255000000","3539000000","3381000000","3697000000","4293000000","4102000000","3828000000","3717000000","4597000000","4871000000","5076000000","5743000000","8179000000","10498000000","11548000000","13681000000","16995000000","14236000000","15564000000","18930000000","20752000000","21549000000","22930000000","20475000000","19324000000","20498000000","20310000000","19170000000","16983000000",
"Japan","JPN","Merchandise imports (current US$)","TM.VAL.MRCH.CD.WT","4491000000","5810000000","5636000000","6736000000","7938000000","8169000000","9523000000","11663000000","12988000000","15023000000","18881000000","19712000000","23863000000","38389000000","61948000000","57860000000","64895000000","71340000000","79922000000","109831000000","141296000000","142866000000","131499000000","126437000000","136176000000","130488000000","127553000000","151033000000","187378000000","209715000000","235368000000","236999000000","233246000000","241624000000","275235000000","335882000000","349152000000","338754000000","280484000000","309995000000","379511000000","349089000000","337194000000","382930000000","454542000000","515866000000","579064000000","622243000000","762534000000","551981000000","694059000000","855380000000","885843000000","833166000000","812208000000","648117000000","607728000000","672096000000","748488000000","720957000000","634514000000",
"Kazakhstan","KAZ","Merchandise imports (current US$)","TM.VAL.MRCH.CD.WT","","","","","","","","","","","","","","","","","","","","","","","","","","","","","","","","","3967000000","3887000000","3561000000","3807000000","4241000000","4301000000","4314000000","3655000000","5040000000","6446000000","6584000000","8409000000","12781000000","17353000000","23677000000","32756000000","37889000000","28409000000","31107000000","36906000000","46358000000","48806000000","41296000000","30568000000","24995000000","29266000000","32534000000","37757000000","37222000000",
"Kenya","KEN","Merchandise imports (current US$)","TM.VAL.MRCH.CD.WT","196000000","193000000","195000000","232000000","246000000","282000000","346000000","337000000","356000000","361000000","442000000","560000000","535000000","619000000","1026000000","945000000","969000000","1289000000","1711000000","1636000000","2125000000","1939000000","1644000000","1334000000","1469000000","1436000000","1613000000","1738000000","1988000000","2174000000","2223000000","1935000000","1841000000","1774000000","2091000000","2991000000","2949000000","3279000000","3197000000","2832000000","3105000000","3192000000","3245000000","3725000000","4553000000","5846000000","7233000000","8989000000","11128000000","10202000000","12093000000","14782000000","16290000000","16358000000","18396000000","16093000000","14107000000","16687000000","17378000000","17655000000","15435000000",
"Kyrgyz Republic","KGZ","Merchandise imports (current US$)","TM.VAL.MRCH.CD.WT","","","","","","","","","","","","","","","","","","","","","","","","","","","","","","","","","418000000","430000000","316000000","522000000","838000000","709000000","842000000","613000000","558000000","467000000","587000000","717000000","941000000","1102000000","1931000000","2789000000","4072000000","3040000000","3223000000","4261000000","5374000000","6070000000","5732000000","4070000000","4000000000","4495000000","5292000000","4989000000","3684000000",
"Cambodia","KHM","Merchandise imports (current US$)","TM.VAL.MRCH.CD.WT","95000000","97000000","102000000","107000000","82000000","103000000","111000000","96000000","116000000","102000000","54000000","57000000","80000000","150000000","180000000","60000000","10000000","19000000","20000000","150000000","180000000","180000000","180000000","180000000","180000000","120000000","140000000","140000000","127000000","135000000","164000000","245000000","443000000","471000000","744000000","1187000000","1072000000","1064000000","1166000000","1591000000","1939000000","2094000000","2318000000","2560000000","3193000000","3927000000","4771000000","5439000000","6508000000","5830000000","6791000000","9300000000","11350000000","9555000000","10692000000","13261000000","12371000000","14283000000","17489000000","20279000000","19173000000",
"Kiribati","KIR","Merchandise imports (current US$)","TM.VAL.MRCH.CD.WT","3000000","4000000","4000000","4000000","4000000","4000000","3000000","4000000","5000000","4000000","4000000","5000000","6000000","10000000","11000000","7000000","8000000","11000000","13000000","14000000","17000000","14000000","14000000","14000000","18000000","15000000","14000000","18000000","22000000","23000000","27000000","26000000","37000000","28000000","26000000","35000000","38000000","39000000","33000000","41000000","40000000","41000000","50000000","52000000","59000000","74000000","62000000","70000000","75000000","67000000","73000000","92000000","109000000","97000000","107000000","117000000","137000000","131000000","122000000","132000000","184000000",
"St. Kitts and Nevis","KNA","Merchandise imports (current US$)","TM.VAL.MRCH.CD.WT","7000000","8000000","7000000","7000000","8000000","9000000","9000000","9000000","9000000","10000000","12000000","15000000","16000000","18000000","19000000","24000000","22000000","22000000","24000000","32000000","45000000","48000000","44000000","51000000","52000000","51000000","63000000","79000000","93000000","102000000","110000000","110000000","95000000","118000000","128000000","133000000","149000000","147000000","149000000","153000000","196000000","189000000","201000000","199000000","183000000","210000000","250000000","272000000","325000000","296000000","270000000","247000000","226000000","249000000","268000000","297000000","333000000","309000000","335000000","338000000","258000000",
"Korea, Rep.","KOR","Merchandise imports (current US$)","TM.VAL.MRCH.CD.WT","344000000","316000000","422000000","560000000","404000000","463000000","716000000","996000000","1463000000","1824000000","1984000000","2394000000","2522000000","4240000000","6852000000","7274000000","8774000000","10811000000","14972000000","20339000000","22292000000","26131000000","24251000000","26192000000","30631000000","31136000000","31585000000","41020000000","51811000000","61465000000","69844000000","81525000000","81775000000","83800000000","102348000000","135119000000","150339000000","144616000000","93282000000","119752000000","160481000000","141098000000","152126000000","178827000000","224463000000","261238000000","309383000000","356846000000","435275000000","323085000000","425212000000","524413000000","519585000000","515584000000","525564000000","436499000000","406193000000","478478000000","535202000000","503343000000","467633000000",
"Kuwait","KWT","Merchandise imports (current US$)","TM.VAL.MRCH.CD.WT","242000000","249000000","285000000","324000000","322000000","377000000","463000000","593000000","611000000","646000000","625000000","652000000","797000000","1049000000","1554000000","2388000000","3327000000","4846000000","4598000000","5201000000","6530000000","6978000000","8282000000","7373000000","6896000000","6005000000","5717000000","5493000000","6143000000","6295000000","3972000000","4761000000","7261000000","7036000000","6697000000","7790000000","8373000000","8246000000","8619000000","7617000000","7157000000","7869000000","9001000000","10987000000","12631000000","15801000000","17243000000","21362000000","24840000000","19892000000","22675000000","25090000000","27259000000","29299000000","31021000000","30963000000","30825000000","33573000000","35864000000","33574000000","29299000000",
"Latin America & Caribbean (excluding high income)","LAC","Merchandise imports (current US$)","TM.VAL.MRCH.CD.WT","6812000000","7140000000","7328000000","7372000000","8044000000","8041000000","9029000000","9441000000","10376000000","11330000000","13128000000","14704000000","16279000000","21743000000","37174000000","40620000000","39310000000","41708000000","47404000000","61735000000","87253000000","93355000000","73453000000","61610000000","64477000000","64912000000","66758000000","72621000000","81516000000","92238000000","101777000000","113749000000","137812000000","154626000000","189828000000","208476000000","234547000000","278379000000","295280000000","289999000000","336889000000","327705000000","311185000000","323980000000","388822000000","458606000000","540914000000","637042000000","778627000000","584377000000","771924000000","938085000000","966078000000","1002616000000","1008141000000","906366000000","833102000000","913657000000","1013341000000","978937000000","830739000000",
"Lao PDR","LAO","Merchandise imports (current US$)","TM.VAL.MRCH.CD.WT","19000000","17000000","23000000","26000000","26000000","33000000","42000000","49000000","54000000","83000000","114000000","82000000","63000000","57000000","65000000","45000000","45000000","14000000","16000000","70000000","92000000","110000000","132000000","150000000","162000000","193000000","186000000","216000000","193000000","185000000","185000000","170000000","270000000","432000000","564000000","589000000","690000000","706000000","553000000","525000000","535000000","510000000","447000000","462000000","713000000","882000000","1060000000","1067000000","1403000000","1461000000","2060000000","2404000000","3055000000","3081000000","4271000000","5675000000","5372000000","5667000000","6315000000","6272000000","5240000000",
"Lebanon","LBN","Merchandise imports (current US$)","TM.VAL.MRCH.CD.WT","255000000","316000000","349000000","424000000","512000000","548000000","611000000","552000000","596000000","585000000","659000000","731000000","924000000","1286000000","2355000000","2048000000","612000000","1539000000","1922000000","2700000000","3650000000","3499000000","3391000000","3661000000","2948000000","2203000000","2203000000","1880000000","2457000000","2235000000","2525000000","3743000000","4202000000","4821000000","5933000000","7278000000","7540000000","7467000000","7070000000","6207000000","6230000000","7380000000","6560000000","7315000000","9609000000","9633000000","9647000000","12251000000","16754000000","16574000000","18460000000","20750000000","21945000000","22024000000","22081000000","18965000000","19368000000","19911000000","20396000000","19641000000","11355000000",
"Liberia","LBR","Merchandise imports (current US$)","TM.VAL.MRCH.CD.WT","69000000","91000000","132000000","108000000","111000000","105000000","114000000","125000000","108000000","115000000","150000000","157000000","179000000","193000000","288000000","331000000","399000000","464000000","481000000","507000000","535000000","447000000","428000000","412000000","363000000","284000000","259000000","308000000","272000000","625000000","570000000","420000000","375000000","410000000","405000000","510000000","555000000","610000000","470000000","520000000","668000000","229000000","178000000","170000000","337000000","310000000","467000000","499000000","813000000","551000000","710000000","1044000000","1005000000","1150000000","1997000000","1687000000","1302000000","1089000000","1143000000","869000000","728000000",
"Libya","LBY","Merchandise imports (current US$)","TM.VAL.MRCH.CD.WT","169000000","149000000","206000000","239000000","292000000","320000000","405000000","477000000","645000000","676000000","554000000","703000000","1043000000","1806000000","2762000000","3542000000","3212000000","3773000000","4603000000","5311000000","6777000000","8382000000","7175000000","6029000000","6222000000","4101000000","4445000000","4684000000","5869000000","4923000000","5336000000","5361000000","5165000000","5551000000","5548000000","5392000000","5873000000","6123000000","5466000000","4158000000","3732000000","4397000000","4396000000","4330000000","6326000000","6079000000","6041000000","6733000000","9150000000","12859000000","17674000000","8000000000","22000000000","27000000000","18994000000","16429000000","8667000000","10556000000","13786000000","16543000000","13361000000",
"St. Lucia","LCA","Merchandise imports (current US$)","TM.VAL.MRCH.CD.WT","7000000","8000000","10000000","10000000","12000000","13000000","17000000","17000000","15000000","21000000","27000000","35000000","36000000","38000000","44000000","46000000","48000000","59000000","83000000","101000000","124000000","129000000","118000000","144000000","119000000","125000000","155000000","179000000","220000000","274000000","271000000","295000000","313000000","300000000","303000000","307000000","313000000","332000000","328000000","355000000","355000000","355000000","309000000","403000000","422000000","486000000","592000000","614000000","656000000","520000000","662000000","697000000","644000000","620000000","627000000","570000000","655000000","655000000","659000000","598000000","600000000",
"Latin America & Caribbean","LCN","Merchandise imports (current US$)","TM.VAL.MRCH.CD.WT","9932061078.48183","10449668491.1822","10755089014.2041","10699363164.3896","11600621620.0438","11791375490.5627","12962689987.6258","13465294286.9146","14750203785.5226","16278378051.5903","18580284309.3135","20902551935.2383","23035137341.602","29925853001.3601","51443532586.4741","56985039690.1458","58783269997.6223","66046920190.7546","73763878739.1089","90616661704.1721","126388370681.268","135480257408.7","109604173377.515","85599191918.9485","89439988952.3191","88126144877.8458","91158917088.9057","99639755263.6683","112661231283.464","122083792809.781","130702945373.883","149627575020.092","180110485412.041","198220281464.96","233401772945.22","262648165595.619","292739610675.294","348309888154.246","366374266371.655","354454165827.839","411351002429.798","401981341782.764","376537302849.587","389776174895.438","476574919976.734","570700436838.72","677646449683.719","805839818970.121","985440265027.487","736834457181.445","951923727449.311","1164671461345.21","1200703949111.19","1238846388887.17","1230559897959.36","1095357393186.17","992422064330.097","1078696233275.74","1198394648721.15","1147787050494.66","975441883346.207",
"Least developed countries: UN classification","LDC","Merchandise imports (current US$)","TM.VAL.MRCH.CD.WT","3036629864.01607","3106642041.42011","3126815041.68907","3332104985.60262","3603847165.69628","3857789639.67027","4009680465.22481","4109358819.49497","4381100999.58863","4705055650.96667","5178527833.74995","5862036548.74536","6070886433.88284","7655870407.13661","9871079183.49393","11096981582.8864","10222832561.9703","12668356050.4253","15587071583.7354","17984438359.6609","24209216896.6271","24273972556.8191","22138080216.6145","20546344311.2494","20915033795.891","20572455464.5526","20792833598.4319","22238347045.299","24303217048.5188","24943462527.5141","26442242727.1198","25537752376.6957","27786444899.1703","27863758324.0428","28670910479.7115","34537453159.0355","37581540407.6814","38656712436.2414","39920529221.4902","41898722052.5608","43805786532.7487","47098307586.6515","50021785892.4963","59985940090.0619","70959517271.881","87389540882.5641","100385243168.841","124316466365.896","161425444821.501","151734466828.522","167781870633.071","207493075189.529","228996925422.943","245112213386.646","261791145580.889","243393509902.644","228621505451.872","253071116773.366","281189558332.703","282624382605.703","252505415447.093",
"Low income","LIC","Merchandise imports (current US$)","TM.VAL.MRCH.CD.WT","1830666566.12148","1925989856.57825","1986858945.6651","2071845975.71089","2155684532.37768","2193584153.88459","2426724249.82101","2344034166.53322","2545017007.85772","2812611305.16406","3073314762.19642","3505140752.69935","3723350694.70882","4574369468.54572","6445232602.9321","7879675853.29956","8575650720.97185","10514273784.7191","12116394148.4201","14177903863.72","19308134447.7004","20019915553.2563","17959609401.3309","18149346232.1794","17662676620.8505","16936960041.8424","16796533347.8246","17209237753.9075","18865415175.7206","18822536795.8678","19776580747.5918","18659598952.4273","19043360452.1096","19414430569.1108","20455108800.9273","20594917088.636","23484638764.6599","21527322736.7383","21952003550.5301","21741765523.9005","23265991216.9651","26391179482.8142","28939264365.565","33534016437.555","42310402859.2078","53933412161.4255","61218159784.1413","73932304444.5666","92475298393.2977","84959288941.2894","95626766412.4755","112320716916.999","111262168452.919","113787127152.741","118207381662.628","106833504421.967","97518908652.1419","100109041140.219","106548631895.883","112164089587.16","101947572683.095",
"Liechtenstein","LIE","Merchandise imports (current US$)","TM.VAL.MRCH.CD.WT","","","","","","","","","","","","","","","","","","","","","","","","","","","","","","","","","","","","","","","","","","","","","","","","","","","","","","","","","","","","","",
"Sri Lanka","LKA","Merchandise imports (current US$)","TM.VAL.MRCH.CD.WT","413000000","358000000","349000000","313000000","415000000","310000000","400000000","365000000","359000000","420000000","386000000","354000000","368000000","430000000","720000000","816000000","585000000","700000000","969000000","1466000000","2037000000","1849000000","1831000000","1820000000","1867000000","1843000000","1857000000","2058000000","2262000000","2188000000","2685000000","3054000000","3445000000","3991000000","4776000000","5185000000","5416000000","5839000000","5933000000","5870000000","6281000000","5973000000","6105000000","6672000000","7973000000","8834000000","10258000000","11301000000","13953000000","10049000000","13512000000","20269000000","19190000000","18003000000","19417000000","18935000000","19183000000","20980000000","22233000000","19937000000","15993000000",
"Lower middle income","LMC","Merchandise imports (current US$)","TM.VAL.MRCH.CD.WT","12702195406.8058","12887451837.7758","11750550764.3825","12736379629.1871","14641874347.7356","15183308321.5825","16007037809.2883","16065481802.392","15803035191.8511","16684105955.8096","18566443620.4869","20741001250.6823","23054501204.1052","30632907644.3801","48355721747.4155","66053975705.5832","70368018543.2203","84566985773.9283","97198375062.6435","96402839935.406","128890572433.493","145365690739.041","136015091507.256","135298920611.549","127175587528.936","118977874679.706","112809666891.012","123484225968.57","140119792056.391","153278225426.702","166745706747.84","176932606900.223","189841465464.882","192543656603.081","205128805901.888","254210587255.079","277023740650.476","296916040076.15","275173130906.609","276662646066.307","304787902011.037","304927324642.147","326260993282.962","384270838229.736","486124128308.273","615986847550.849","717372879306.538","894698415527.698","1185111495581.02","948869297269.918","1197177990553.46","1503068751876.07","1577115158243.82","1572620052962","1591672360671.09","1419040464383.95","1369993380988.84","1590258553299.39","1805820058673.27","1761921841131.87","1517382298139.28",
"Low & middle income","LMY","Merchandise imports (current US$)","TM.VAL.MRCH.CD.WT","32144528848.499","31995051255.2594","31252227490.3816","33346054846.0663","37554248463.3772","39325869619.6309","42628775728.7705","43686255023.5886","45422397978.3927","48403711358.264","54649019271.4916","60930949844.28","68480940004.361","92974304633.1515","149032041724.296","179297403626.091","180521732394.84","205482423993.588","239456981555.236","277458698163.076","385317310212.244","428203635461.935","382978362052.537","359695451234.925","361552026392.87","359016763639.422","357108585788.266","387258020196.078","452571324634.673","494428014295.861","522957039098.264","559923294937.562","631737813966.439","689192981442.008","787511224870.22","947590095607.452","1030357094694.57","1101110520743.01","1032793463025.32","1040875394531.08","1237875623723.07","1243637060495.29","1330909023522.34","1603648266231.98","2078771813930.83","2503252660232.07","2962372852335.58","3603861963936.11","4470278635793.97","3567054998005.86","4651469668981.71","5768603536420.68","6017436228176.82","6241587934199.83","6196599414961.41","5338561768355.08","5047016997885.24","5794478375374.83","6520404284685.94","6342607363174.45","5805491696398.71",
"Lesotho","LSO","Merchandise imports (current US$)","TM.VAL.MRCH.CD.WT","17000000","20000000","20000000","22000000","24000000","25000000","32000000","33000000","33000000","33000000","32000000","39000000","56000000","88000000","120000000","164000000","212000000","234000000","281000000","328000000","464000000","516000000","524000000","485000000","441000000","343000000","354000000","469000000","587000000","617000000","672000000","813000000","899000000","870000000","879000000","1107000000","1126000000","1140000000","941000000","866000000","809000000","743000000","815000000","1121000000","1440000000","1410000000","1500000000","1738000000","1800000000","1850000000","2300000000","2500000000","2602000000","2175000000","2207000000","1997000000","1861000000","2066000000","2185000000","2016000000","1884000000",
"Late-demographic dividend","LTE","Merchandise imports (current US$)","TM.VAL.MRCH.CD.WT","15536782422.6571","15404144000.733","15489756073.0658","16198768728.442","17630057881.3868","18591498757.3807","21043658567.3649","21687047032.3608","23127994405.8515","25181981731.8383","28678130371.8159","32109940165.2939","38390868312.2536","54308056148.1514","87006757455.9415","93426074819.9003","98225995556.8695","113618761096.771","131810873429.654","166814847746.929","209815048137.653","210504873425.082","188759753650.285","178697197671.818","181957643673.201","191910837106.1","194899679422.885","210493513219.08","249491245139.16","281753629945.103","304672667925.276","344204151147.65","391561364028.322","439157894396.93","518509345578.682","644539612951.017","696549804489.499","723880446886.196","674552135181.691","671365552448.532","804784100575.752","837985393127.605","923030059314.645","1142048674739.48","1487889905353.95","1758448489699.43","2110040746054.98","2640537811634.2","3238353761760.36","2576634750441.54","3316602175837.58","4102839392542.53","4262181377209.28","4500853964773.19","4490677246645.91","3846742056532.81","3701654481626.34","4232580911726.85","4768304017955.72","4683180565492.48","4445770021542.85",
"Lithuania","LTU","Merchandise imports (current US$)","TM.VAL.MRCH.CD.WT","","","","","","","","","","","","","","","","","","","","","","","","","","","","","","","","","2216000000","2279000000","2350000000","3650000000","4560000000","5645000000","5795000000","4835000000","5457000000","6353000000","7709000000","9803000000","12387000000","15548000000","19373000000","24412000000","31099000000","18304000000","23403000000","31773000000","31965000000","34806000000","34359000000","28154000000","27376000000","32258000000","36502000000","35759000000","33140000000",
"Luxembourg","LUX","Merchandise imports (current US$)","TM.VAL.MRCH.CD.WT","","","","","","","","","","","","","","","","","","","","","","","","","","","","","","","","","","","","","","","","11218000000","11278000000","12331000000","12651000000","16165000000","20046000000","22607000000","27145000000","28029000000","32157000000","25330000000","25092000000","28860000000","27543000000","26692000000","26656000000","23289000000","21872000000","22876000000","24175000000","24246000000","20814000000",
"Latvia","LVA","Merchandise imports (current US$)","TM.VAL.MRCH.CD.WT","","","","","","","","","","","","","","","","","","","","","","","","","","","","","","","","","795000000","872000000","1251000000","1818000000","2320000000","2721000000","3191000000","2954000000","3202000000","3506000000","4046000000","5234000000","7096000000","8697000000","11541000000","15322000000","16143000000","9811000000","11691000000","16290000000","17227000000","17865000000","17964000000","14719000000","14434000000","17033000000","19681000000","18959000000","18292000000",
"Macao SAR, China","MAC","Merchandise imports (current US$)","TM.VAL.MRCH.CD.WT","30000000","32000000","38000000","42000000","48000000","47000000","51000000","43000000","50000000","60000000","65000000","75000000","104000000","158000000","134000000","161000000","161000000","198000000","249000000","351000000","544000000","711000000","719000000","727000000","795000000","778000000","879000000","1120000000","1288000000","1480000000","1539000000","1852000000","1968000000","2025000000","2001000000","2042000000","2000000000","2082000000","1955000000","2040000000","2625000000","2824000000","3009000000","3232000000","4094000000","4514000000","5236000000","6045000000","5880000000","4751000000","5629000000","7927000000","8982000000","10140000000","11262000000","10603000000","8924000000","9451000000","11162000000","11167000000","11586000000",
"St. Martin (French part)","MAF","Merchandise imports (current US$)","TM.VAL.MRCH.CD.WT","","","","","","","","","","","","","","","","","","","","","","","","","","","","","","","","","","","","","","","","","","","","","","","","","","","","734000000","768000000","925000000","1013000000","857000000","856000000","761000000","919000000","922000000","648000000",
"Morocco","MAR","Merchandise imports (current US$)","TM.VAL.MRCH.CD.WT","413000000","452000000","434000000","449000000","462000000","453000000","478000000","518000000","552000000","562000000","684000000","701000000","779000000","1144000000","1904000000","2568000000","2618000000","3199000000","2970000000","3678000000","4255000000","4400000000","4315000000","3592000000","3911000000","3850000000","3803000000","4229000000","4773000000","5493000000","6922000000","6873000000","7348000000","6732000000","8272000000","10023000000","9704000000","9525000000","10290000000","10058000000","11534000000","11038000000","11864000000","14250000000","17822000000","20790000000","23980000000","32010000000","42366000000","32881000000","35381000000","44272000000","44872000000","45190000000","46283000000","38100000000","41391000000","44490000000","51038000000","50734000000","43831000000",
"Monaco","MCO","Merchandise imports (current US$)","TM.VAL.MRCH.CD.WT","","","","","","","","","","","","","","","","","","","","","","","","","","","","","","","","","","","","","","","","","","","","","","","","","","","","","","","","","","","","","",
"Moldova","MDA","Merchandise imports (current US$)","TM.VAL.MRCH.CD.WT","","","","","","","","","","","","","","","","","","","","","","","","","","","","","","","","","640000000","628000000","660000000","840000000","1070000000","1170000000","1018000000","585000000","777000000","892000000","1038000000","1399000000","1769000000","2292000000","2693000000","3690000000","4899000000","3278000000","3855000000","5191000000","5213000000","5492000000","5317000000","3987000000","4020000000","4831000000","5760000000","5843000000","5416000000",
"Madagascar","MDG","Merchandise imports (current US$)","TM.VAL.MRCH.CD.WT","112000000","103000000","122000000","128000000","136000000","138000000","146000000","145000000","170000000","182000000","170000000","214000000","205000000","203000000","281000000","366000000","285000000","347000000","443000000","641000000","600000000","545000000","417000000","387000000","366000000","402000000","353000000","302000000","360000000","342000000","651000000","446000000","471000000","514000000","546000000","628000000","629000000","694000000","693000000","742000000","1097000000","1118000000","627000000","1304000000","1680000000","1706000000","1804000000","2635000000","3781000000","3199000000","2584000000","2905000000","3094000000","3260000000","3227000000","2795000000","2966000000","3670000000","4061000000","3942000000","3224000000",
"Maldives","MDV","Merchandise imports (current US$)","TM.VAL.MRCH.CD.WT","4000000","3000000","3000000","2000000","2000000","2000000","2000000","3000000","2000000","3000000","2000000","4000000","5000000","7000000","7000000","7000000","6000000","10000000","14000000","21000000","29000000","31000000","43000000","57000000","53000000","53000000","45000000","81000000","90000000","113000000","138000000","161000000","189000000","191000000","222000000","268000000","302000000","349000000","354000000","402000000","389000000","393000000","392000000","471000000","642000000","745000000","927000000","1096000000","1388000000","963000000","1091000000","1465000000","1554000000","1733000000","1993000000","1896000000","2125000000","2360000000","2960000000","2888000000","1839000000",
"Middle East & North Africa","MEA","Merchandise imports (current US$)","TM.VAL.MRCH.CD.WT","5788567203.19591","5852839982.69011","5395900690.97357","6070764875.66261","6826974296.89899","7257802771.94602","7971833181.63934","7925637121.37788","8980112409.95452","10155099160.0828","11234681003.1493","12733040175.1077","15362198561.2921","22732478697.353","38235273963.7887","54676050105.9678","62498248222.8472","80806952019.0763","93034848317.8468","102214808901.541","131781291731.05","157616940563.357","158548895866.023","150115102081.769","138662496185.647","119186839736.727","110768109885.167","114968938582.42","133620095781.892","136412948903.351","139711950163.326","150838170851.079","167559136141.366","164756240398.111","161959370227.934","181536457156.994","198426138493.453","199668410809.614","204030925717.782","203292793015.779","219312783304.707","227099832245.3","238683996486.949","274448785488.93","357104584180.644","421827273131.298","473268594756.785","614758088977.997","796921205735.059","687014752799.986","778282099681.743","892765979631.418","983790295065.712","1013645001140.77","1030622053286.85","961125101934.392","893217897612.236","927704260859.59","964273463867.428","957070895515.36","823435735800.774",
"Mexico","MEX","Merchandise imports (current US$)","TM.VAL.MRCH.CD.WT","1186000000","1139000000","1143000000","1240000000","1493000000","1560000000","1605000000","1748000000","1960000000","2080000000","2461000000","2407000000","2718000000","3814000000","6057000000","6580000000","6028000000","5489000000","8109000000","12086000000","22144000000","28462000000","17742000000","12476000000","16691000000","19116000000","17573000000","19697000000","29402000000","36400000000","43548000000","51725000000","64213000000","67547000000","81986000000","74427000000","91979000000","113121000000","129072000000","146084000000","179464000000","173039000000","173087000000","175039000000","202260000000","228240000000","263476000000","290246000000","318304000000","241515000000","310205000000","361068000000","380477000000","390965000000","411581000000","405282000000","397522000000","432179000000","476546000000","467342000000","393248000000",
"Marshall Islands","MHL","Merchandise imports (current US$)","TM.VAL.MRCH.CD.WT","","","","","","","","","","","","","","","","","","","","","","","","","","","","","34000000","44000000","56000000","56000000","62000000","61000000","70000000","75000000","73000000","61000000","67000000","69000000","55000000","56000000","68000000","75000000","84000000","94000000","91000000","100000000","100000000","105000000","150000000","130000000","140000000","147000000","136000000","108000000","97000000","90000000","75000000","68000000","75000000",
"Middle income","MIC","Merchandise imports (current US$)","TM.VAL.MRCH.CD.WT","30298731726.4406","30054764063.0678","29252178852.72","31259781914.3997","35381011368.1034","37113636775.3076","40182042034.4026","41321114579.3368","42855889032.451","45568620033.0374","51549894541.0757","57397362334.4982","64724709518.6285","88347567378.3116","142488603770.234","171301597298.395","171839482031.292","194858914581.38","227211099251.207","263132985331.162","365797778688.053","408018442202.955","364868308190.08","341342701825.444","343713020181.216","341933876531.53","340169343663.554","369942745068.369","433642381602.313","475620666130.648","503202771297.457","541406591580.806","612950764238.737","670000601489.471","767236702894.767","927042489397.87","1006970047298.75","1079536465776.35","1010872095494.12","1019148343743.4","1214517534413.15","1217280981858.02","1302036770704.46","1570138488714.62","2036443710046.61","2449424377344.83","2901168602054.04","3529920900820.18","4377828867518.36","3482644883879.41","4555841212016.06","5655983738204.83","5905582561361.5","6127110592277.98","6077954910786","5231588128821.07","4949200825783.98","5693466873075.16","6412551223613.75","6229577846517.93","5702717987152.96",
"North Macedonia","MKD","Merchandise imports (current US$)","TM.VAL.MRCH.CD.WT","","","","","","","","","","","","","","","","","","","","","","","","","","","","","","","","","1206000000","1199000000","1484000000","1719000000","1627000000","1779000000","1915000000","1776000000","2094000000","1694000000","1995000000","2306000000","2932000000","3228000000","3763000000","5281000000","6883000000","5073000000","5474000000","7027000000","6522000000","6620000000","7301000000","6427000000","6758000000","7723000000","9050000000","9471000000","8710000000",
"Mali","MLI","Merchandise imports (current US$)","TM.VAL.MRCH.CD.WT","33000000","36000000","46000000","34000000","37000000","43000000","36000000","34000000","34000000","39000000","47000000","63000000","70000000","110000000","180000000","176000000","155000000","159000000","286000000","361000000","439000000","365000000","332000000","353000000","279000000","299000000","444000000","374000000","504000000","502000000","602000000","671000000","608000000","634000000","589000000","772000000","772000000","739000000","761000000","824000000","806000000","990000000","928000000","1271000000","1364000000","1544000000","1820000000","2185000000","3339000000","2486000000","3428000000","3352000000","3524000000","3807000000","3909000000","3800000000","4051000000","4286000000","4722000000","4939000000","5142000000",
"Malta","MLT","Merchandise imports (current US$)","TM.VAL.MRCH.CD.WT","83000000","82000000","80000000","85000000","97000000","98000000","109000000","112000000","123000000","148000000","161000000","161000000","176000000","239000000","361000000","375000000","423000000","516000000","575000000","759000000","938000000","860000000","789000000","733000000","717000000","759000000","887000000","1139000000","1353000000","1479000000","1964000000","2130000000","2331000000","2174000000","2447000000","2890000000","2801000000","2552000000","2668000000","2843000000","3413000000","2531000000","2646000000","3227000000","3641000000","3681000000","4307000000","4801000000","5300000000","4478000000","5062000000","6293000000","6598000000","6142000000","6798000000","6036000000","6444000000","5997000000","6769000000","7072000000","5212000000",
"Myanmar","MMR","Merchandise imports (current US$)","TM.VAL.MRCH.CD.WT","262000000","216000000","219000000","234000000","271000000","247000000","158000000","124000000","114000000","165000000","155000000","169000000","133000000","106000000","177000000","195000000","179000000","242000000","312000000","322000000","357000000","376000000","413000000","270000000","241000000","286000000","307000000","271000000","246000000","193000000","270000000","646000000","651000000","814000000","886000000","1335000000","1358000000","2037000000","2666000000","2300000000","2371000000","2849000000","2324000000","2070000000","2174000000","1908000000","2538000000","3247000000","4256000000","4348000000","4760000000","9019000000","9201000000","12043000000","16459000000","16885000000","15705000000","19253000000","19355000000","18611000000","17951000000",
"Middle East & North Africa (excluding high income)","MNA","Merchandise imports (current US$)","TM.VAL.MRCH.CD.WT","4357980864.81814","4275202446.72338","3679601633.60253","4264098024.78384","4748654618.50927","4982856972.14323","5499717338.7837","5343245938.72653","5877267684.7281","6408260952.01889","7099763590.98123","8007297711.31283","9758767899.04956","13620078255.2991","24596294596.0839","36764722056.0139","37928667373.8585","45906689790.9671","50557423597.8277","51147976946.4306","69069504463.9465","86720487883.2991","81402479267.1625","77696630818.0665","73122618471.8791","64871023477.8963","61866772596.7986","60924915717.7448","74733769146.0162","76443850124.7055","73608184558.5081","73351773360.9951","76433755195.6696","73679858554.6633","71750717615.8939","77878339540.7135","85418242037.662","82640117566.9695","87961154661.8169","88909068498.2923","92735046602.9161","98702159156.0641","101152198433.088","112693730799.886","156278586912.585","184810894339.785","196387758958.208","240867025783.493","320402952671.909","296962527450.441","342419992899.308","367709809120.161","394765228429.402","396431901213.237","398873864547.032","349147253608.863","315782503652.156","340567573421.212","373522469259.06","352041469763.469","300061670664.476",
"Montenegro","MNE","Merchandise imports (current US$)","TM.VAL.MRCH.CD.WT","","","","","","","","","","","","","","","","","","","","","","","","","","","","","","","","","","","","","","","","","","","","","","","1842000000","2867000000","3731000000","2313000000","2182000000","2544000000","2336000000","2354000000","2369000000","2040000000","2286000000","2613000000","3010000000","2909000000","2402000000",
"Mongolia","MNG","Merchandise imports (current US$)","TM.VAL.MRCH.CD.WT","","","","","","","","","","","","","","","","","","","","","548000000","704000000","791000000","928000000","975000000","1095000000","1139000000","1104000000","1113000000","963000000","924000000","361000000","418000000","379000000","258000000","415000000","451000000","468000000","503000000","513000000","615000000","638000000","691000000","801000000","1021000000","1184000000","1486000000","2117000000","3616000000","2131000000","3278000000","6598000000","6738000000","6358000000","5237000000","3798000000","3358000000","4337000000","5875000000","6127000000","5294000000",
"Northern Mariana Islands","MNP","Merchandise imports (current US$)","TM.VAL.MRCH.CD.WT","","","","","","","","","","","","","","","","","","","","","","","","","","","","","","","","","","","240000000","240000000","334000000","433000000","526000000","523000000","607000000","554000000","646000000","660000000","664000000","606000000","540000000","439000000","356000000","334000000","349000000","350000000","329000000","335000000","442000000","472000000","588000000","625000000","591000000","592000000","387000000",
"Mozambique","MOZ","Merchandise imports (current US$)","TM.VAL.MRCH.CD.WT","127000000","129000000","136000000","142000000","156000000","173000000","208000000","199000000","234000000","261000000","324000000","341000000","330000000","466000000","462000000","411000000","300000000","321000000","523000000","568000000","800000000","801000000","836000000","636000000","540000000","424000000","543000000","642000000","736000000","808000000","878000000","899000000","855000000","955000000","1019000000","704000000","759000000","739000000","790000000","1139000000","1158000000","1063000000","1543000000","1753000000","2035000000","2408000000","2869000000","3050000000","4008000000","3764000000","4600000000","6312000000","8688000000","10099000000","8747000000","8334000000","5206000000","5745000000","6944000000","7428000000","6471000000",
"Mauritania","MRT","Merchandise imports (current US$)","TM.VAL.MRCH.CD.WT","24000000","31000000","36000000","30000000","16000000","24000000","23000000","37000000","35000000","42000000","56000000","57000000","69000000","128000000","120000000","161000000","179000000","207000000","181000000","259000000","286000000","265000000","276000000","227000000","208000000","234000000","221000000","235000000","240000000","222000000","388000000","425000000","407000000","445000000","362000000","431000000","450000000","433000000","399000000","385000000","454000000","465000000","431000000","542000000","923000000","1428000000","1167000000","1432000000","1941000000","1498000000","1935000000","2467000000","3129000000","3978000000","3642000000","3703000000","2174000000","3522000000","3183000000","3520000000","3037000000",
"Mauritius","MUS","Merchandise imports (current US$)","TM.VAL.MRCH.CD.WT","70000000","68000000","68000000","70000000","82000000","77000000","70000000","77000000","76000000","68000000","76000000","84000000","119000000","168000000","309000000","332000000","360000000","447000000","500000000","574000000","609000000","563000000","464000000","441000000","471000000","523000000","676000000","993000000","1261000000","1325000000","1618000000","1558000000","1625000000","1715000000","1930000000","1976000000","2289000000","2189000000","2073000000","2247000000","2093000000","1987000000","2159000000","2363000000","2771000000","3157000000","3627000000","3894000000","4651000000","3733000000","4386000000","5149000000","5354000000","5397000000","5610000000","4790000000","4655000000","5254000000","5661000000","5596000000","4234000000",
"Malawi","MWI","Merchandise imports (current US$)","TM.VAL.MRCH.CD.WT","40000000","40000000","40000000","40000000","57000000","76000000","70000000","70000000","74000000","86000000","109000000","108000000","129000000","140000000","188000000","253000000","206000000","235000000","338000000","399000000","439000000","359000000","304000000","311000000","271000000","285000000","260000000","295000000","406000000","503000000","575000000","703000000","735000000","546000000","497000000","475000000","624000000","781000000","515000000","673000000","532000000","563000000","695000000","786000000","933000000","1165000000","1207000000","1378000000","2204000000","2022000000","2173000000","2428000000","2360000000","2845000000","2778000000","2312000000","2210000000","2547000000","2706000000","2941000000","2643000000",
"Malaysia","MYS","Merchandise imports (current US$)","TM.VAL.MRCH.CD.WT","910000000","920000000","998000000","1043000000","1047000000","1096000000","1104000000","1086000000","1160000000","1178000000","1401000000","1447000000","1611000000","2450000000","4114000000","3566000000","3824000000","4542000000","5909000000","7849000000","10779000000","11550000000","12418000000","13262000000","14051000000","12253000000","10806000000","12681000000","16507000000","22480000000","29258000000","36649000000","39856000000","45650000000","59600000000","77691000000","78418000000","79029000000","58272000000","65389000000","81963000000","73744000000","79761000000","83299000000","105166000000","114324000000","130441000000","146170000000","156348000000","123757000000","164622000000","187473000000","196393000000","205897000000","208851000000","175971000000","168684000000","195417000000","217602000000","204998000000","189856000000",
"North America","NAC","Merchandise imports (current US$)","TM.VAL.MRCH.CD.WT","22465915156.3708","22021481618.2569","24024435469.0811","25090475374.6921","27735055121.7574","31841060467.1251","37843916160.9744","39610639572.621","47676507703.5261","52382097934.7728","56769377658.9919","64877286800.2592","78977040894.5667","98380969129.5626","144867315849.266","142126642364.23","172908669760.804","202691722673.059","232550849794.541","279139296110.838","319841000000","343685000000","313363000000","335045000000","424566000000","433506000000","468228000000","517456000000","572742000000","613249000000","640826000000","633655000000","683747000000","743007000000","844838000000","939828000000","997752000000","1100512000000","1151048000000","1280335000000","1504806000000","1407191000000","1428476000000","1548904000000","1806599000000","2056102000000","2278171000000","2411758000000","2589657000000","1936267000000","2372846000000","2730564000000","2813720000000","2805849000000","2888828000000","2746359000000","2664071000000","2853222000000","3085787000000","3032383000000","2822057000000",
"Namibia","NAM","Merchandise imports (current US$)","TM.VAL.MRCH.CD.WT","","","","","","","","","","","","","","","","","","","","","1156000000","1244000000","1040000000","921000000","818000000","581000000","886000000","1211000000","1272000000","1259000000","1163000000","1149000000","1283000000","1326000000","1412000000","1616000000","1670000000","1753000000","1648000000","1610000000","1550000000","1547000000","1470000000","1980000000","2396000000","2577000000","2884000000","3520000000","4340000000","4980000000","5570000000","6593000000","7256000000","7621000000","8523000000","7697000000","6673000000","6977000000","8729000000","7767000000","6576000000",
"New Caledonia","NCL","Merchandise imports (current US$)","TM.VAL.MRCH.CD.WT","38000000","48000000","41000000","38000000","54000000","77000000","67000000","79000000","93000000","127000000","230000000","234000000","209000000","219000000","282000000","347000000","277000000","292000000","292000000","361000000","456000000","408000000","367000000","305000000","311000000","348000000","458000000","626000000","604000000","766000000","883000000","863000000","917000000","858000000","876000000","957000000","995000000","929000000","929000000","1006000000","924000000","931000000","1008000000","1541000000","1636000000","1774000000","2117000000","2809000000","3233000000","2574000000","3312000000","3698000000","3245000000","3202000000","3323000000","2689000000","2395000000","2511000000","2805000000","2944000000","2593000000",
"Niger","NER","Merchandise imports (current US$)","TM.VAL.MRCH.CD.WT","13000000","19000000","27000000","23000000","34000000","38000000","45000000","46000000","41000000","48000000","58000000","54000000","66000000","86000000","97000000","101000000","126000000","197000000","305000000","461000000","594000000","510000000","466000000","324000000","288000000","369000000","368000000","311000000","387000000","363000000","388000000","355000000","479000000","375000000","328000000","374000000","448000000","374000000","471000000","410000000","395000000","412000000","468000000","622000000","750000000","943000000","949000000","1149000000","1696000000","2200000000","2476000000","2190000000","1900000000","2018000000","2190000000","1976000000","1715000000","1952000000","2281000000","2327000000","2252000000",
"Nigeria","NGA","Merchandise imports (current US$)","TM.VAL.MRCH.CD.WT","604000000","623000000","569000000","579000000","711000000","770000000","718000000","626000000","540000000","696000000","1059000000","1514000000","1505000000","1862000000","2772000000","6041000000","8213000000","11095000000","12821000000","10218000000","16660000000","20877000000","16061000000","12254000000","9364000000","8877000000","4034000000","3912000000","4717000000","4187000000","5627000000","8986000000","8275000000","7508000000","6613000000","8222000000","6438000000","9501000000","9211000000","8588000000","8721000000","11586000000","7547000000","10853000000","14164000000","20754000000","26523000000","34830000000","49951000000","33906000000","44235000000","56000000000","51000000000","56000000000","58300000000","44700000000","35532000000","31273000000","43007000000","55257000000","56613000000",
"Nicaragua","NIC","Merchandise imports (current US$)","TM.VAL.MRCH.CD.WT","72000000","71000000","93000000","111000000","137000000","160000000","182000000","204000000","185000000","177000000","199000000","210000000","218000000","327000000","562000000","517000000","532000000","762000000","596000000","360000000","887000000","999000000","776000000","826000000","848000000","964000000","857000000","827000000","805000000","615000000","638000000","751000000","855000000","744000000","867000000","975000000","1154000000","1450000000","1492000000","1862000000","1802000000","1805000000","1853000000","2027000000","2457000000","2956000000","3404000000","3989000000","4731000000","3929000000","4792000000","6355000000","6778000000","6688000000","6946000000","7060000000","5827000000","7708000000","7351000000","6986000000","6712000000",
"Netherlands","NLD","Merchandise imports (current US$)","TM.VAL.MRCH.CD.WT","5361000000","6085000000","6398000000","7117000000","8414000000","8925000000","9540000000","9875000000","10963000000","12983000000","15688000000","17867000000","20667000000","28744000000","38949000000","40897000000","46734000000","52903000000","61314000000","77331000000","78039000000","67231000000","63766000000","61652000000","62295000000","65197000000","75536000000","91307000000","99474000000","104330000000","126098000000","125873000000","134650000000","126270000000","150337000000","185232000000","190923000000","190731000000","195639000000","206162000000","218267000000","208638000000","219265000000","264704000000","319669000000","363822000000","416832000000","492616000000","580937000000","443153000000","516409000000","594366000000","586927000000","589697000000","589570000000","512105000000","500797000000","574646000000","645502000000","635678000000","596746000000",
"Norway","NOR","Merchandise imports (current US$)","TM.VAL.MRCH.CD.WT","1462000000","1616000000","1664000000","1822000000","1984000000","2210000000","2404000000","2748000000","2706000000","2942000000","3702000000","4075000000","4373000000","6289000000","8420000000","9705000000","11121000000","12883000000","11497000000","13706000000","16926000000","15650000000","15477000000","13497000000","13885000000","15556000000","20301000000","22639000000","23220000000","23676000000","27231000000","25572000000","26072000000","24081000000","27432000000","32968000000","35615000000","35709000000","37473000000","34166000000","34391000000","32955000000","34873000000","40055000000","48534000000","55488000000","64261000000","80297000000","90293000000","68970000000","77330000000","90784000000","87308000000","89808000000","89460000000","76424000000","72110000000","81249000000","86600000000","85319000000","80447000000",
"Nepal","NPL","Merchandise imports (current US$)","TM.VAL.MRCH.CD.WT","38000000","21000000","24000000","79000000","98000000","108000000","75000000","61000000","56000000","85000000","75000000","85000000","85000000","104000000","134000000","172000000","163000000","168000000","221000000","254000000","342000000","369000000","395000000","464000000","417000000","453000000","460000000","571000000","678000000","582000000","672000000","737000000","776000000","890000000","1155000000","1333000000","1398000000","1693000000","1246000000","1422000000","1573000000","1473000000","1419000000","1754000000","1938000000","2283000000","2492000000","3122000000","3590000000","4384000000","5133000000","5774000000","6066000000","6571000000","7590000000","6652000000","8935000000","10345000000","12712000000","12340000000","10679000000",
"Nauru","NRU","Merchandise imports (current US$)","TM.VAL.MRCH.CD.WT","","","","","","","","","","","","","","","","","","","","","","","","","","","","","","","","","","","","","","","","","","","","","","","","","","","","","","","114000000","91000000","51000000","43000000","47000000","36000000","44000000",
"New Zealand","NZL","Merchandise imports (current US$)","TM.VAL.MRCH.CD.WT","786000000","901000000","753000000","903000000","961000000","1052000000","1095000000","955000000","895000000","1003000000","1245000000","1348000000","1523000000","2176000000","3648000000","3155000000","3254000000","3361000000","3491000000","4553000000","5472000000","5734000000","5782000000","5333000000","6203000000","5992000000","6063000000","7276000000","7342000000","8784000000","9501000000","8381000000","9201000000","9636000000","11913000000","13957000000","14724000000","14519000000","12496000000","14318000000","13904000000","13308000000","15047000000","18559000000","23195000000","26219000000","26424000000","30882000000","34369000000","25574000000","30617000000","37105000000","38254000000","39641000000","42518000000","36554000000","36079000000","40125000000","43793000000","42363000000","37192000000",
"OECD members","OED","Merchandise imports (current US$)","TM.VAL.MRCH.CD.WT","94439049522.812","99380003605.9162","107016119224.021","117367391718.465","131611441455.38","144085377290.744","159430223187.6","167626208363.152","188490820855.511","216077025196.386","249449249888.466","276852338998.147","328927574545.376","452792399812.102","647963769447.069","653457226382.916","747809980222.062","845085211055.623","976614566372.881","1249729881313.71","1495036938386.18","1441460999852.26","1338376596167","1313482396201.97","1445043323110.81","1482602993233.49","1659885899076.21","1964092917410.27","2231511664842.72","2423422741453.31","2792957697095.74","2831421367124.15","2978094562538.5","2859625844335.43","3258347367684.75","3843465900083.07","4040756416557.22","4161211588284.27","4252290927787.03","4485448000000","5034376000000","4825058000000","4981249000000","5758240000000","6878131000000","7703944000000","8743421000000","9881158000000","11099233000000","8354248000000","9854258000000","11606290000000","11483759000000","11510359000000","11657597000000","10330148000000","10161449000000","11140177000000","12192428000000","11843085000000","10949332000000",
"Oman","OMN","Merchandise imports (current US$)","TM.VAL.MRCH.CD.WT","20000000","25000000","12000000","12000000","7000000","9000000","10000000","10000000","10000000","13000000","18000000","33000000","49000000","116000000","393000000","765000000","725000000","875000000","947000000","1246000000","1732000000","2413000000","2868000000","2623000000","2933000000","3364000000","2565000000","1965000000","2342000000","2364000000","2798000000","3327000000","3902000000","4296000000","4014000000","4379000000","4728000000","5191000000","5826000000","4801000000","5131000000","5933000000","6296000000","6801000000","8796000000","8971000000","11039000000","16025000000","23137000000","17936000000","19973000000","24019000000","28636000000","34331000000","29303000000","29007000000","23148000000","26435000000","25770000000","23507000000","20837000000",
"Other small states","OSS","Merchandise imports (current US$)","TM.VAL.MRCH.CD.WT","894440507.640626","906303113.842756","970361187.33426","1022556654.62363","1078310903.77365","1206427050.75665","1296582857.89284","1409277616.81308","1347592064.562","1482825775.26629","1669068692.63973","2249150135.92391","2429461750.19629","3391519113.18906","5081940496.99263","5656090637.17573","6978771228.71326","8894582130.35731","9588544593.18193","11753470225.0707","14688278999.4778","15760605520.4876","15238494926.0846","13823499547.0504","13542446225.0116","12666857029.4289","13068979474.8076","15580082809.7934","17350718738.6383","18978666057.8327","22445350687.7507","23549025463.911","25613686406.5812","24723311444.5903","26665561361.6779","32042873632.1266","34465373528.7129","35865748468.9325","35299435993.1077","33654686063.3202","36692373433.6448","36094185959.1807","38423185859.7584","46713873005.8385","56107285377.545","68096148331.2613","84600035930.0902","103850709336.49","120935151299.386","98961156336.3817","107189108081.164","123149014983.044","131643085982.598","125306962558.696","135392571669.467","124237308122.204","122087644414.406","129871373745.583","145622112984.179","137015174285.132","121490170445.523",
"Pakistan","PAK","Merchandise imports (current US$)","TM.VAL.MRCH.CD.WT","827000000","594000000","834000000","985000000","1070000000","968000000","916000000","1112000000","533000000","713000000","775000000","608000000","1158000000","1127000000","2206000000","2213000000","2311000000","2586000000","3859000000","4498000000","5350000000","5631000000","5465000000","5329000000","5853000000","5890000000","5374000000","5822000000","6590000000","7143000000","7376000000","8439000000","9379000000","9500000000","8889000000","11461000000","12131000000","11596000000","9308000000","10207000000","10864000000","10191000000","11233000000","13038000000","17949000000","25357000000","29825000000","32590000000","42329000000","31668000000","37807000000","44012000000","44105000000","44647000000","47590000000","44168000000","46847000000","57746000000","60078000000","50349000000","45847000000",
"Panama","PAN","Merchandise imports (current US$)","TM.VAL.MRCH.CD.WT","120000000","136000000","160000000","181000000","181000000","208000000","235000000","251000000","266000000","294000000","357000000","396000000","440000000","502000000","822000000","892000000","848000000","861000000","942000000","1184000000","1449000000","1540000000","1570000000","1412000000","1423000000","1392000000","1229000000","1306000000","751000000","986000000","1539000000","1695000000","2024000000","2188000000","2404000000","2511000000","2780000000","3002000000","3398000000","3516000000","3379000000","2964000000","2982000000","3086000000","3594000000","9600000000","10775000000","13269000000","15737000000","13877000000","16737000000","21802000000","26524000000","22988000000","24401000000","22504000000","20935000000","21934000000","23006000000","21492000000","15358000000",
"Peru","PER","Merchandise imports (current US$)","TM.VAL.MRCH.CD.WT","379000000","469000000","537000000","557000000","579000000","730000000","829000000","825000000","646000000","613000000","623000000","763000000","796000000","1019000000","1531000000","2550000000","2037000000","1911000000","1175000000","1820000000","2573000000","3160000000","2940000000","2234000000","1881000000","1767000000","2391000000","3003000000","3109000000","2009000000","2634000000","2813000000","3964000000","4231000000","5626000000","7584000000","7947000000","8558000000","8220000000","6823000000","7415000000","7316000000","7493000000","8414000000","10101000000","12502000000","15312000000","20368000000","29953000000","21814000000","30030000000","37747000000","42545000000","43670000000","42346000000","37924000000","36254000000","39885000000","43262000000","42284000000","36096000000",
"Philippines","PHL","Merchandise imports (current US$)","TM.VAL.MRCH.CD.WT","715000000","1006000000","661000000","687000000","869000000","894000000","959000000","1180000000","1290000000","1265000000","1236000000","1325000000","1418000000","1800000000","3471000000","3756000000","3942000000","4270000000","5144000000","6613000000","8291000000","8478000000","8272000000","7976000000","6432000000","5455000000","5261000000","7187000000","8731000000","11171000000","13004000000","12862000000","15497000000","18688000000","22641000000","28341000000","34126000000","38622000000","31496000000","32568000000","37027000000","34921000000","41092000000","42576000000","46102000000","49487000000","54078000000","57996000000","60420000000","45878000000","58468000000","63693000000","65350000000","65705000000","68705000000","74751000000","89435000000","101901000000","119329000000","117374000000","90654000000",
"Palau","PLW","Merchandise imports (current US$)","TM.VAL.MRCH.CD.WT","","","","","","","","","","","","","","","","","","","","","","","","","","","","","","","","","","","42000000","52000000","63000000","80000000","63000000","84000000","127000000","100000000","97000000","88000000","107000000","105000000","115000000","116000000","130000000","90000000","107000000","129000000","142000000","169000000","165000000","150000000","154000000","158000000","154000000","169000000","150000000",
"Papua New Guinea","PNG","Merchandise imports (current US$)","TM.VAL.MRCH.CD.WT","60000000","66000000","67000000","80000000","96000000","123000000","149000000","179000000","177000000","221000000","302000000","356000000","332000000","356000000","518000000","592000000","502000000","642000000","770000000","903000000","1176000000","1261000000","1170000000","1120000000","1110000000","1008000000","1080000000","1165000000","1393000000","1530000000","1193000000","1614000000","1485000000","1299000000","1522000000","1452000000","1741000000","1711000000","1240000000","1188000000","1151000000","1071000000","1137000000","1367000000","1680000000","1729000000","1984000000","2622000000","3117000000","2867000000","3524000000","4272000000","4755000000","5410000000","4000000000","2551000000","2068000000","3059000000","3519000000","3934000000","2750000000",
"Poland","POL","Merchandise imports (current US$)","TM.VAL.MRCH.CD.WT","1495000000","1687000000","1885000000","1979000000","2072000000","2340000000","2494000000","2645000000","2853000000","3210000000","3608000000","4038000000","5335000000","7814000000","10482000000","12536000000","13867000000","14674000000","14744000000","16142000000","19120000000","15530000000","10250000000","10600000000","10650000000","10840000000","11205000000","10850000000","12245000000","10270000000","11570000000","18390000000","18540000000","20180000000","22680000000","29050000000","37135000000","42310000000","47055000000","45883000000","49029000000","50184000000","55299000000","68272000000","89696000000","101639000000","126989000000","165710000000","208804000000","149459000000","178049000000","210597000000","199060000000","207607000000","223556000000","196473000000","199506000000","233812000000","268959000000","265282000000","257168000000",
"Pre-demographic dividend","PRE","Merchandise imports (current US$)","TM.VAL.MRCH.CD.WT","3529847358.35106","3749491514.49148","3630344920.35871","3727734310.3455","4233330292.40459","4557616239.9138","4836315664.45047","4893298818.16615","5072536738.03545","5498356304.8926","6517836727.73306","7915478079.77755","8127869834.53598","10151289820.1126","15038372294.2371","21423593682.4136","22885470589.5558","28305086536.5867","33643890011.0754","35618615301.6587","55320281684.5186","65383506630.707","59137116926.1286","43277151161.0456","38552729689.3459","37955960661.3417","33929841836.9941","32610940842.8113","36866028339.3619","36552102965.2555","35726365265.0483","31033025513.5572","31053746660.3629","29035314571.3385","28332805990.3792","34648214764.1049","38602129678.2212","42519178252.8119","44194548571.2512","49067049778.546","52064487994.9713","57945693214.2849","53589320760.3479","64401398891.205","89129582092.3617","111882331226.161","124706812401.155","155917239931.978","210744988361.207","193963507336.857","217452062227.768","260411876966.249","286529915486.395","311587167373.371","313943789701.009","272536320719.546","224735517270.734","229984265004.798","264289164525.252","263107787504.111","245123468457.372",
"Puerto Rico","PRI","Merchandise imports (current US$)","TM.VAL.MRCH.CD.WT","","","","","","","","","","","","","","","","","","","","","","","","","","","","","","","","","","","","","","","","","","","","","","","","","","","","","","","","","","","","","",
"Korea, Dem. People's Rep.","PRK","Merchandise imports (current US$)","TM.VAL.MRCH.CD.WT","","","","","","","","","","","","","","","","","","","","","1200000000","1500000000","1500000000","1600000000","1700000000","1787000000","2104000000","2260000000","2839000000","2905000000","2930000000","2760000000","1710000000","1640000000","1260000000","1380000000","1320000000","1387000000","1013000000","1177000000","1686000000","1847000000","1894000000","2049000000","2279000000","2718000000","2880000000","3055000000","3580000000","3095000000","3530000000","4370000000","4825000000","4650000000","5585000000","4822000000","3857000000","3781000000","2621000000","2977000000","860000000",
"Portugal","PRT","Merchandise imports (current US$)","TM.VAL.MRCH.CD.WT","544000000","655000000","601000000","660000000","778000000","897000000","1013000000","1015000000","1043000000","1232000000","1556000000","1803000000","2204000000","3015000000","4496000000","3839000000","4220000000","4744000000","5237000000","6534000000","9309000000","9800000000","9572000000","8240000000","7961000000","7652000000","9649000000","13967000000","17866000000","19072000000","25263000000","26113000000","29581000000","24212000000","27061000000","32610000000","35202000000","35055000000","38435000000","39974000000","39952000000","39490000000","40156000000","47200000000","54948000000","63921000000","70684000000","82129000000","94416000000","71663000000","77749000000","82896000000","72429000000","75719000000","78389000000","66914000000","67954000000","78763000000","89060000000","89538000000","77515000000",
"Paraguay","PRY","Merchandise imports (current US$)","TM.VAL.MRCH.CD.WT","38000000","41000000","40000000","39000000","40000000","55000000","59000000","71000000","73000000","82000000","76000000","83000000","83000000","122000000","198000000","206000000","220000000","308000000","383000000","521000000","615000000","600000000","672000000","546000000","586000000","502000000","578000000","595000000","574000000","760000000","1352000000","1460000000","1422000000","1689000000","2422000000","3144000000","3204000000","3403000000","2897000000","1906000000","2260000000","2182000000","1672000000","2228000000","3097000000","3715000000","4744000000","5859000000","9033000000","6940000000","10033000000","12366000000","11555000000","12142000000","12169000000","10291000000","9753000000","11875000000","13334000000","12544000000","10217000000",
"West Bank and Gaza","PSE","Merchandise imports (current US$)","TM.VAL.MRCH.CD.WT","","","","","","","","","","","","","","","","","","","","","","","","","","","","","","","","","","","","","","","","","","","","","","","","","","","","","","","","","","","","","",
"Pacific island small states","PSS","Merchandise imports (current US$)","TM.VAL.MRCH.CD.WT","79639493.3188806","82016791.6269069","84394089.9349331","92714634.0130251","121242213.709341","124808161.17138","117676266.247301","130751406.941446","142637898.481577","155713039.175722","183051969.718024","222277391.800458","284087147.809141","381556378.438219","480214258.221309","477836959.913283","451686678.524994","537269417.61394","640681894.013084","853450092.581436","999653938.525052","1056439014.32293","886083786.929307","857691249.03037","841128935.255991","834030800.781257","792625016.345308","783160837.045663","934587705.83999","1089653827.43676","1315966545.44286","1231099276.19057","1257292877.81165","1368353748.68501","1489892060.2068","1597766758.55511","1720906744.40553","1703606085.23646","1406441821.86188","1626261961.89239","1544847095.21443","1618120475.2246","1637456506.06062","2024177122.78096","2446516743.67291","2765052409.55046","3100888734.59708","3232170207.1153","3916055087.21022","2875980165.39919","3547652815.49242","4131804483.90683","4260032898.92463","4949006208.18693","5353027484.07634","4140776935.48667","4401754457.04007","4563122237.54256","4865935850.33735","4899803162.29466","3707474561.91517",
"Post-demographic dividend","PST","Merchandise imports (current US$)","TM.VAL.MRCH.CD.WT","92767737736.9994","97307406353.493","104922062033.785","115416484253.922","129269754732.148","141574979217.721","156870771081.058","165418264292.029","185818281422.214","213036243445.742","245685557019.502","273094518582.683","324374201618.133","446127438555.004","637430889077.295","642277634301.739","738659589847.081","836596978107.605","968564997054.624","1240278198524.57","1480193670003.63","1429467991157.78","1348255197946.72","1331144382833.65","1464482111186.57","1498230991170.93","1681819537635.76","1996504469789.31","2281972803852.47","2476717411826.73","2829780588497.54","2875187827123.23","3029584046157.41","2923139931059.93","3345884884253.51","3963940464943.42","4131870728188.05","4228216835957.04","4231732691695.96","4457065000000","5003786000000","4785350000000","4931941000000","5722650000000","6829389000000","7636846000000","8656667000000","9735733000000","10938183000000","8292635000000","9780718000000","11492477000000","11417933000000","11442561000000","11515787000000","10148473000000","9970212000000","10920727000000","11950184000000","11593732000000","10752707000000",
"French Polynesia","PYF","Merchandise imports (current US$)","TM.VAL.MRCH.CD.WT","18000000","23000000","25000000","32000000","71000000","107000000","167000000","114000000","174000000","109000000","135000000","140000000","156000000","211000000","287000000","286000000","296000000","327000000","403000000","476000000","547000000","546000000","520000000","534000000","539000000","549000000","738000000","829000000","808000000","790000000","930000000","913000000","892000000","842000000","870000000","1005000000","1020000000","935000000","1018000000","926000000","971000000","1057000000","1292000000","1585000000","1500000000","1723000000","1656000000","1863000000","2169000000","1717000000","1726000000","1796000000","1705000000","1801000000","1765000000","1527000000","1491000000","1637000000","2232000000","2103000000","1700000000",
"Qatar","QAT","Merchandise imports (current US$)","TM.VAL.MRCH.CD.WT","32000000","40000000","37000000","40000000","50000000","70000000","70000000","90000000","43000000","53000000","64000000","109000000","141000000","195000000","271000000","413000000","817000000","1225000000","1185000000","1424000000","1423000000","1518000000","1947000000","1456000000","1162000000","1139000000","1099000000","1161000000","1267000000","1326000000","1695000000","1720000000","2015000000","1891000000","1927000000","3398000000","2868000000","3322000000","3409000000","2500000000","3252000000","3758000000","4052000000","4897000000","6005000000","10061000000","16440000000","23429000000","27900000000","24922000000","23240000000","22328000000","30787000000","27034000000","30448000000","32610000000","32060000000","29896000000","31696000000","29178000000","25648000000",
"Romania","ROU","Merchandise imports (current US$)","TM.VAL.MRCH.CD.WT","700000000","880000000","1016000000","1104000000","1262000000","1163000000","1310000000","1670000000","1738000000","1880000000","2117000000","2278000000","2827000000","3738000000","5555000000","5769000000","6583000000","7579000000","9638000000","11789000000","13200000000","10980000000","8320000000","7640000000","7560000000","8400000000","8080000000","8310000000","7640000000","8435000000","7600000000","5793000000","6260000000","6522000000","7109000000","10278000000","11435000000","11280000000","11821000000","10417000000","13148000000","15568000000","17854000000","23983000000","32691000000","40518000000","51160000000","70314000000","84053000000","54324000000","62109000000","76480000000","70207000000","73481000000","77748000000","69824000000","74560000000","85486000000","97747000000","96544000000","92122000000",
"Russian Federation","RUS","Merchandise imports (current US$)","TM.VAL.MRCH.CD.WT","","","","","","","","","","","","","","","","","","","","","","","","","","","","","","","","","40737000000","36135000000","50452000000","62603000000","68092000000","71983000000","58015000000","39537000000","44862000000","53764000000","60966000000","76070000000","97382000000","125434000000","164281000000","223486000000","291861000000","191803000000","248634000000","323831000000","335446000000","341269000000","307877000000","193019000000","191493000000","238384000000","248856000000","254598000000","239748000000",
"Rwanda","RWA","Merchandise imports (current US$)","TM.VAL.MRCH.CD.WT","14000000","12000000","11000000","12000000","12000000","18000000","21000000","20000000","22000000","24000000","29000000","33000000","35000000","34000000","58000000","99000000","106000000","123000000","188000000","192000000","243000000","283000000","286000000","279000000","278000000","298000000","349000000","352000000","370000000","333000000","288000000","306000000","288000000","332000000","236000000","236000000","258000000","297000000","285000000","253000000","211000000","281000000","248000000","259000000","284000000","471000000","591000000","771000000","1174000000","1308000000","1431000000","2039000000","2300000000","2302000000","2470000000","2382000000","2254000000","2239000000","2445000000","2703000000","3410000000",
"South Asia","SAS","Merchandise imports (current US$)","TM.VAL.MRCH.CD.WT","4306770834.16047","3942008925.27596","4325536720.1481","4669187007.29652","5377599203.32945","5098456649.26349","5818597524.03869","5207533361.56658","4262201854.93985","4174236764.37285","4076888730.81203","4241090233.20377","4694990100.52951","6048581996.77692","9542271813.36812","11281602332.8985","9962075665.72021","11624258460.594","14864462896.1707","18434298518.9164","26112000000","26951000000","26014000000","25032000000","27750000000","27987000000","27200000000","29005000000","32790000000","35137000000","39086000000","36777000000","41623000000","41909000000","46970000000","60147000000","65010000000","68913000000","67912000000","74405000000","80864000000","79327000000","86907000000","107277000000","142901000000","196835000000","241110000000","299623000000","409715000000","329964000000","441605000000","579754000000","604842000000","582899000000","589280000000","516613000000","491047000000","602286000000","681397000000","638425000000","505931000000",
"Saudi Arabia","SAU","Merchandise imports (current US$)","TM.VAL.MRCH.CD.WT","234000000","261000000","308000000","320000000","394000000","506000000","592000000","574000000","553000000","735000000","693000000","808000000","1136000000","1972000000","2860000000","4213000000","8695000000","14656000000","20422000000","24462000000","30166000000","35269000000","40644000000","39197000000","33696000000","23622000000","19112000000","20083000000","21784000000","21154000000","24069000000","29079000000","33698000000","28198000000","23338000000","28091000000","27744000000","28732000000","30013000000","28011000000","30238000000","31223000000","32293000000","41704000000","47376000000","59459000000","69800000000","90214000000","115134000000","95552000000","106863000000","131586000000","155593000000","168155000000","173834000000","174676000000","140170000000","134519000000","137065000000","153163000000","132754000000",
"Sudan","SDN","Merchandise imports (current US$)","TM.VAL.MRCH.CD.WT","183000000","238000000","257000000","285000000","274000000","208000000","222000000","214000000","258000000","257000000","288000000","331000000","320000000","436000000","642000000","887000000","980000000","1081000000","1194000000","1109000000","1576000000","1553000000","1282000000","1354000000","1147000000","771000000","961000000","871000000","1060000000","1335000000","619000000","890000000","821000000","945000000","1227000000","1219000000","1548000000","1580000000","1915000000","1415000000","1553000000","1958000000","2446000000","2882000000","4075000000","6757000000","8074000000","8775000000","9352000000","9691000000","10045000000","9236000000","9230000000","9918000000","9211000000","9509000000","8311000000","9134000000","7850000000","9291000000","9204000000",
"Senegal","SEN","Merchandise imports (current US$)","TM.VAL.MRCH.CD.WT","172000000","163000000","162000000","171000000","177000000","163000000","160000000","165000000","186000000","194000000","194000000","219000000","280000000","361000000","498000000","583000000","636000000","764000000","755000000","931000000","1052000000","1076000000","992000000","1025000000","981000000","826000000","961000000","1024000000","1080000000","1221000000","1219000000","1173000000","1034000000","1087000000","1022000000","1412000000","1436000000","1335000000","1455000000","1564000000","1519000000","1730000000","1958000000","2391000000","2839000000","3498000000","3671000000","4871000000","6528000000","4713000000","4782000000","5909000000","6434000000","6552000000","6555000000","5595000000","5478000000","6729000000","8071000000","8143000000","7881000000",
"Singapore","SGP","Merchandise imports (current US$)","TM.VAL.MRCH.CD.WT","1333000000","1295000000","1319000000","1398000000","1137000000","1243000000","1328000000","1439000000","1660000000","2039000000","2461000000","2838000000","3395000000","5127000000","8380000000","8133000000","9071000000","10471000000","13061000000","17643000000","24007000000","27572000000","28167000000","28158000000","28667000000","26285000000","25511000000","32559000000","43864000000","49656000000","60899000000","66293000000","72171000000","85234000000","102670000000","124507000000","131338000000","132437000000","101732000000","111060000000","134545000000","116000000000","116441000000","136218000000","173599000000","200047000000","238710000000","263155000000","319780000000","245785000000","310791000000","365770000000","379723000000","373016000000","377914000000","297087000000","283339000000","327923000000","370881000000","359266000000","329830000000",
"Solomon Islands","SLB","Merchandise imports (current US$)","TM.VAL.MRCH.CD.WT","5000000","5000000","6000000","6000000","7000000","8000000","11000000","11000000","12000000","11000000","13000000","15000000","17000000","18000000","27000000","33000000","30000000","33000000","42000000","70000000","89000000","91000000","71000000","74000000","79000000","83000000","72000000","81000000","98000000","114000000","91000000","112000000","112000000","137000000","139000000","154000000","151000000","158000000","128000000","110000000","92000000","90000000","67000000","94000000","121000000","185000000","217000000","294000000","328000000","268000000","404000000","469000000","486000000","537000000","499000000","466000000","454000000","572000000","601000000","590000000","477000000",
"Sierra Leone","SLE","Merchandise imports (current US$)","TM.VAL.MRCH.CD.WT","74000000","91000000","85000000","84000000","99000000","108000000","100000000","90000000","90000000","112000000","116000000","113000000","119000000","155000000","222000000","185000000","153000000","181000000","279000000","316000000","427000000","328000000","298000000","160000000","157000000","151000000","132000000","137000000","156000000","183000000","149000000","163000000","146000000","147000000","150000000","133000000","211000000","93000000","95000000","81000000","149000000","182000000","264000000","303000000","286000000","345000000","389000000","445000000","534000000","520000000","770000000","1717000000","1604000000","1780000000","1568000000","1530000000","1068000000","1301000000","1354000000","1576000000","1256000000",
"El Salvador","SLV","Merchandise imports (current US$)","TM.VAL.MRCH.CD.WT","123000000","109000000","125000000","152000000","191000000","201000000","221000000","224000000","214000000","208000000","214000000","249000000","272000000","377000000","562000000","614000000","735000000","929000000","1028000000","1037000000","966000000","986000000","857000000","891000000","977000000","961000000","935000000","994000000","1007000000","1161000000","1263000000","1516000000","1855000000","2145000000","2547000000","3329000000","3223000000","3739000000","3962000000","4095000000","4947000000","5027000000","5184000000","5754000000","6329000000","6690000000","7663000000","8821000000","9818000000","7325000000","8416000000","9965000000","10258000000","10772000000","10514000000","10293000000","9826000000","10572000000","11830000000","12018000000","10594000000",
"San Marino","SMR","Merchandise imports (current US$)","TM.VAL.MRCH.CD.WT","","","","","","","","","","","","","","","","","","","","","","","","","","","","","","","","","","","","","","","","","","","","","","","","","","","","","","","","","","","","","",
"Somalia","SOM","Merchandise imports (current US$)","TM.VAL.MRCH.CD.WT","","","","","","","","","","","","","","","","","","","","","","","","","","","","","","","","","","","","","","","","","","","","","","","","","","","","","","","","","","","","","1170000000",
"Serbia","SRB","Merchandise imports (current US$)","TM.VAL.MRCH.CD.WT","","","","","","","","","","","","","","","","","","","","","","","","","","","","","","","","","","","","","","","","","","","","","","","13172000000","19164000000","24331000000","16047000000","16735000000","19862000000","18925000000","20543000000","20601000000","17876000000","19245000000","21947000000","25882000000","26730000000","26233000000",
"Sub-Saharan Africa (excluding high income)","SSA","Merchandise imports (current US$)","TM.VAL.MRCH.CD.WT","5651548559.34739","5713893275.9425","5578813056.65308","6057828295.82557","7136391892.9211","7920896243.40966","7782698788.29048","8305355329.07955","8594219182.63692","9424442991.9619","11254260424.0286","13156813358.7896","12928216064.6075","16576421064.0318","23807369110.4555","29043286225.8354","29885978978.4794","34812250668.1036","41526776645.3977","42378821105.531","67431006390.669","74401664089.0458","61869181091.7884","52959847504.5396","48305596120.9866","43583965796.5881","42619221870.8462","47994223742.8371","53684681565.15","54525897432.6752","58168443810.5031","60233710436.7211","62940097894.0141","61358550670.1883","64501342842.8229","79235718936.4251","80536079651.2652","87385052128.2569","83607813861.3403","80388888157.3918","82473931801.6398","86747560692.7225","85601497268.0117","111149880149.429","142191043536.702","174684834701.442","210158999838.681","255977174097.091","319043146096.211","268911753510.435","314992842230.316","393435757327.326","413472072541.623","432217163064.837","436672497317.322","375762626925.01","326450431136.171","336272671789.405","379501290869.395","380374288695.126","337879596857.002",
"South Sudan","SSD","Merchandise imports (current US$)","TM.VAL.MRCH.CD.WT","","","","","","","","","","","","","","","","","","","","","","","","","","","","","","","","","","","","","","","","","","","","","","","","","","","","","","","","","","","","","",
"Sub-Saharan Africa","SSF","Merchandise imports (current US$)","TM.VAL.MRCH.CD.WT","5653108597.61743","5715447600.71559","5580379760.66959","6059351101.14039","7137815854.73843","7922248310.39017","7786141486.95921","8309789112.98369","8599665477.39009","9430852185.36546","11263618876.4511","13171192371.2546","12948849926.8712","16600876525.0379","23834278851.1935","29073872061.5932","29923760470.498","34856853582.3318","41583232016.6224","42463250943.6913","67527686122.6884","74491765861.5997","61965201441.1687","53046238574.1403","48392289654.5131","43682195266.4544","42724659823.0216","48106458178.8615","53843504225.8685","54690790385.8357","58354537407.6698","60405378245.47","63132006357.8464","61597227137.4418","64707388203.1294","79468472477.6821","80916971120.22","87726031312.3325","83993635020.3829","80825615214.2436","82817173964.5305","87226619026.3278","86023766264.3044","111562817312.836","142688789544.639","175361721784.31","210917440390.35","256836978996.609","320131395853.969","269704965886.205","315976732263.284","394481907465.725","414539604155.669","433294971652.637","437813028735.984","376750741181.315","327490621613.184","337578343764.23","380773446241.146","381540835851.348","338910109860.242",
"Small states","SST","Merchandise imports (current US$)","TM.VAL.MRCH.CD.WT","1838267036.23765","1923144493.5609","1999087481.69222","2098483451.45234","2391087317.48773","2621149899.17969","2799839283.0181","2953958876.57873","2947258024.68479","3409616805.36667","3903246228.22028","4897205925.82144","5365148749.74828","6841569783.71315","11532166109.4714","12930410538.007","15023309946.2144","17278146608.5253","17837667741.6693","21032857286.4299","30235360554.1081","31583406718.19","30165873638.4337","25776438626.76","23777353514.2832","21328206994.1311","21701298279.8287","24147237711.565","25558356614.4898","29058393122.1301","30723252336.8349","32249728112.9773","33594176443.0106","33705558092.0976","35573827639.9901","42820406388.9688","46214386935.5578","49470887132.2386","48586185338.5545","46782149296.6292","51447035978.6292","50909708198.8353","53201747009.5188","62844261932.8521","74411577091.6584","89757171545.5012","109148080000.654","131728667225.573","154324689594.876","123284614237.618","132413987636.245","154575767943.53","163611501466.225","161488654608.542","170072652905.583","153918054272.356","149530296642.312","158078557523.154","176816246657.123","167615015048.586","144993435460.275",
"Sao Tome and Principe","STP","Merchandise imports (current US$)","TM.VAL.MRCH.CD.WT","5000000","5000000","5000000","5000000","5000000","5000000","6000000","5000000","6000000","8000000","9000000","8000000","8000000","10000000","10000000","11000000","9000000","14000000","18000000","20000000","19000000","17000000","15000000","10000000","12000000","10000000","17000000","14000000","14000000","18000000","21000000","31000000","29000000","32000000","30000000","29000000","22000000","16000000","17000000","38000000","30000000","28000000","31000000","41000000","41000000","50000000","71000000","79000000","114000000","103000000","112000000","134000000","131000000","152000000","170000000","142000000","139000000","147000000","148000000","148000000","136000000",
"Suriname","SUR","Merchandise imports (current US$)","TM.VAL.MRCH.CD.WT","54000000","54000000","55000000","58000000","81000000","93000000","90000000","103000000","100000000","111000000","115000000","126000000","145000000","158000000","230000000","262000000","294000000","398000000","382000000","411000000","504000000","568000000","514000000","472000000","346000000","299000000","327000000","294000000","351000000","443000000","472000000","509000000","542000000","525000000","423000000","585000000","501000000","658000000","552000000","486000000","526000000","461000000","492000000","704000000","742000000","1050000000","1013000000","1044000000","1304000000","1390000000","1398000000","1638000000","1994000000","2174000000","1982000000","2028000000","1252000000","1280000000","1486000000","1702000000","1441000000",
"Slovak Republic","SVK","Merchandise imports (current US$)","TM.VAL.MRCH.CD.WT","","","","","","","","","","","","","","","","","","","","","","","","","","","","","","","","","","6325000000","6610000000","8770000000","11125000000","11725000000","13078000000","11318000000","12760000000","14760000000","16564000000","22523000000","29862000000","34531000000","45102000000","60831000000","73979000000","55773000000","66615000000","80187000000","77443000000","81915000000","81549000000","72837000000","74680000000","81617000000","92902000000","90001000000","84468000000",
"Slovenia","SVN","Merchandise imports (current US$)","TM.VAL.MRCH.CD.WT","","","","","","","","","","","","","","","","","","","","","","","","","","","","","","","","","6142000000","6529000000","7304000000","9492000000","9423000000","9357000000","10110000000","10102000000","10147000000","10160000000","10944000000","13845000000","17759000000","20337000000","24141000000","31559000000","37034000000","26507000000","30094000000","35531000000","32035000000","33373000000","33934000000","29815000000","30537000000","36078000000","42267000000","44007000000","42121000000",
"Sweden","SWE","Merchandise imports (current US$)","TM.VAL.MRCH.CD.WT","2901000000","2929000000","3123000000","3393000000","3856000000","4377000000","4582000000","4701000000","5126000000","5909000000","7007000000","7067000000","8110000000","10907000000","16683000000","17450000000","19628000000","20137000000","20589000000","28735000000","33438000000","28840000000","27585000000","26098000000","26426000000","28548000000","32693000000","40706000000","45627000000","48975000000","54264000000","49990000000","50017000000","42713000000","55458000000","65036000000","66930000000","65596000000","68403000000","68580000000","72880000000","63200000000","66955000000","83540000000","100433000000","111697000000","127547000000","153226000000","168503000000","119876000000","148946000000","177026000000","164436000000","160609000000","162211000000","138398000000","141021000000","154215000000","170605000000","158971000000","149163000000",
"Eswatini","SWZ","Merchandise imports (current US$)","TM.VAL.MRCH.CD.WT","17000000","20000000","22000000","26000000","27000000","37000000","34000000","49000000","48000000","50000000","60000000","67000000","69000000","96000000","138000000","178000000","200000000","182000000","311000000","435000000","623000000","594000000","526000000","551000000","447000000","324000000","352000000","435000000","516000000","583000000","663000000","718000000","866000000","873000000","927000000","1008000000","1062000000","1066000000","1083000000","1068000000","1046000000","1129000000","955000000","1519000000","1925000000","1890000000","1910000000","1840000000","1580000000","1780000000","1960000000","1950000000","1848000000","1693000000","1690000000","1412000000","1476000000","1612000000","1858000000","1832000000","1522000000",
"Sint Maarten (Dutch part)","SXM","Merchandise imports (current US$)","TM.VAL.MRCH.CD.WT","","","","","","","","","","","","","","","","","","","","","","","","","","","","","","","","","","","","","","","","","","","","","","","","","","","","733631284.916201","767922000","924782000","1012936000","857017000","856235000","","","","",
"Seychelles","SYC","Merchandise imports (current US$)","TM.VAL.MRCH.CD.WT","2000000","2000000","2000000","2000000","2000000","2000000","4000000","5000000","6000000","7000000","10000000","15000000","21000000","25000000","28000000","32000000","39000000","46000000","58000000","85000000","99000000","93000000","98000000","88000000","88000000","99000000","106000000","113000000","159000000","165000000","186000000","172000000","192000000","238000000","206000000","233000000","379000000","340000000","384000000","434000000","342000000","476000000","420000000","412000000","497000000","675000000","757000000","859000000","1087000000","794000000","984000000","1049000000","1071000000","1082000000","1144000000","991000000","1040000000","1302000000","1271000000","1167000000","1031000000",
"Syrian Arab Republic","SYR","Merchandise imports (current US$)","TM.VAL.MRCH.CD.WT","239000000","199000000","231000000","235000000","236000000","213000000","289000000","265000000","313000000","370000000","360000000","439000000","540000000","613000000","1227000000","1685000000","2383000000","2702000000","2459000000","3329000000","4124000000","5173000000","4028000000","4542000000","4116000000","3967000000","2728000000","2470000000","2216000000","2084000000","2400000000","2767000000","3490000000","4139000000","5467000000","4709000000","5380000000","4028000000","3895000000","3832000000","3815000000","4752000000","4488000000","5111000000","8411000000","10862000000","11488000000","14655000000","18105000000","15443000000","17562000000","20864000000","7300000000","5800000000","6700000000","5500000000","4500000000","4900000000","5400000000","5600000000","4800000000",
"Turks and Caicos Islands","TCA","Merchandise imports (current US$)","TM.VAL.MRCH.CD.WT","","","","","","","","","","","","","","","","","","","","","","","","","","","","","","","","","","","","","","","","","","","","","","","","","","","","","","","406000000","410000000","389000000","370000000","362000000","352000000","326000000",
"Chad","TCD","Merchandise imports (current US$)","TM.VAL.MRCH.CD.WT","25000000","25000000","29000000","29000000","35000000","31000000","32000000","59000000","54000000","54000000","62000000","62000000","62000000","82000000","87000000","133000000","116000000","189000000","217000000","85000000","74000000","108000000","109000000","157000000","181000000","166000000","212000000","226000000","228000000","240000000","285000000","249000000","243000000","200000000","177000000","365000000","332000000","334000000","356000000","316000000","317000000","679000000","1646000000","790000000","953000000","950000000","1350000000","1800000000","2000000000","2000000000","2400000000","3300000000","2800000000","3000000000","4400000000","3700000000","2465000000","1851000000","2550000000","2666000000","2491000000",
"East Asia & Pacific (IDA & IBRD countries)","TEA","Merchandise imports (current US$)","TM.VAL.MRCH.CD.WT","6104293808.97196","5732622710.08022","4914542302.19351","5056948891.71453","5799281113.6858","6556762972.84016","6874905353.68499","7144568895.54395","7362723670.9804","7619257527.28068","8452487572.35048","8824158671.24222","10569396874.7339","16000036816.9645","24265678864.0569","25950318518.8163","26216952133.2386","29842765299.0575","37744816053.7558","48685884027.3814","63647665709.3984","70259630038.1783","70373767520.5345","74255443126.6338","77390219067.4893","84830180746.3451","84645958844.9981","95102554158.4108","120803511808.287","141669027287.727","157289653628.29","183355042032.37","210987995052.247","251025415995.465","295626480702.094","364314462611.997","384868945862.307","393516832099.882","327337397342.863","366864018709.566","473472271616.342","476787994826.794","547399396264.208","691310785561.266","905111213873.965","1066916078842.09","1245442446573.69","1473926316371.73","1759881914165.54","1492804883991.43","2046966545905.89","2543671480275.59","2674763421801.8","2832899176451.21","2837428312628.22","2488125844195.78","2394514790635.58","2784178850998.51","3204374602675.58","3122388431583.85","3002175646976.26",
"Europe & Central Asia (IDA & IBRD countries)","TEC","Merchandise imports (current US$)","TM.VAL.MRCH.CD.WT","","","","","","","","","","","","","","","","","","","","","","","","","","","","","","","","","122991507374.759","129162535586.081","144514148681.313","191991650159.439","223238895802.997","239896155585.655","224726224458.72","191649841710.609","224960255468.731","230327571921.991","261439325928.175","336595100147.204","446634838731.133","538086561699.821","673777330723.029","884947640590.014","1119157284139.94","762103306249.191","927983698969.152","1174321631507.8","1178003469361.48","1218774630483.67","1166132076118.34","913614596699.626","902111487591.758","1070046042777.37","1159991665699.51","1158298762876.08","1109070112129.8",
"Togo","TGO","Merchandise imports (current US$)","TM.VAL.MRCH.CD.WT","26000000","26000000","27000000","29000000","42000000","45000000","47000000","45000000","47000000","56000000","65000000","70000000","85000000","101000000","119000000","174000000","185000000","284000000","450000000","519000000","551000000","434000000","393000000","282000000","271000000","288000000","312000000","424000000","487000000","472000000","581000000","443000000","394000000","179000000","222000000","594000000","664000000","645000000","588000000","597000000","562000000","553000000","591000000","775000000","880000000","1060000000","1085000000","1237000000","1509000000","1509000000","1683000000","2187000000","2380000000","2769000000","2526000000","2336000000","2261000000","1874000000","2116000000","2137000000","2026000000",
"Thailand","THA","Merchandise imports (current US$)","TM.VAL.MRCH.CD.WT","454000000","489000000","551000000","614000000","685000000","742000000","890000000","1067000000","1159000000","1248000000","1299000000","1288000000","1484000000","2049000000","3143000000","3280000000","3572000000","4617000000","5356000000","7158000000","9214000000","9955000000","8548000000","10287000000","10398000000","9242000000","9178000000","13000000000","20285000000","25770000000","33045000000","37569000000","40686000000","46077000000","54459000000","70786000000","72332000000","62854000000","42971000000","50350000000","61923000000","61962000000","64645000000","75824000000","94410000000","118178000000","128773000000","139966000000","179225000000","133709000000","182921000000","228787000000","249115000000","250407000000","227749000000","202653000000","194198000000","221519000000","248201000000","236260000000","206992000000",
"Tajikistan","TJK","Merchandise imports (current US$)","TM.VAL.MRCH.CD.WT","","","","","","","","","","","","","","","","","","","","","","","","","","","","","","","","","132000000","463000000","545000000","810000000","670000000","750000000","710000000","663000000","675000000","688000000","721000000","881000000","1191000000","1330000000","1723000000","2455000000","3273000000","2570000000","2657000000","3206000000","3778000000","4151000000","4297000000","3436000000","3031000000","2775000000","3151000000","3349000000","3110000000",
"Turkmenistan","TKM","Merchandise imports (current US$)","TM.VAL.MRCH.CD.WT","","","","","","","","","","","","","","","","","","","","","","","","","","","","","","","","","543000000","501000000","1470000000","1365000000","1315000000","1230000000","980000000","1478000000","1786000000","2250000000","2120000000","2512000000","3320000000","2947000000","2560000000","3619000000","5600000000","6800000000","5700000000","7600000000","9900000000","10000000000","10000000000","7000000000","4994000000","4571000000","2351000000","2913000000","3225000000",
"Latin America & the Caribbean (IDA & IBRD countries)","TLA","Merchandise imports (current US$)","TM.VAL.MRCH.CD.WT","8515000000","8916000000","9156000000","8980000000","9642000000","9964000000","10955000000","11326000000","12402000000","13575000000","15572000000","17483000000","19577000000","25200000000","43244000000","46378000000","47425000000","53090000000","60588000000","75534000000","103363000000","112022000000","88739000000","67433000000","70538000000","70566000000","72015000000","81751000000","94582000000","102465000000","115269000000","134176000000","164116000000","180998000000","213170000000","239258000000","266404000000","317061000000","334126000000","322350000000","374143000000","365823000000","343271000000","354588000000","433289000000","517573000000","614842000000","733708000000","896219000000","673796000000","874508000000","1067451000000","1105048000000","1141058000000","1134659000000","1009850000000","914748000000","995499000000","1105938000000","1060320000000","901582000000",
"Timor-Leste","TLS","Merchandise imports (current US$)","TM.VAL.MRCH.CD.WT","","","","","","","","","","","","","","","","","","","","","","","","","","","","","","","","","","","","","","","","","","","","130000000","146000000","109000000","101000000","183000000","269000000","295000000","246000000","319000000","664000000","843000000","858000000","578000000","547000000","554000000","520000000","591000000","499000000",
"Middle East & North Africa (IDA & IBRD countries)","TMN","Merchandise imports (current US$)","TM.VAL.MRCH.CD.WT","4317000000","4235000000","3645000000","4224000000","4704000000","4936000000","5448000000","5293000000","5822000000","6348000000","7033000000","7932000000","9667000000","13492000000","24365000000","36419000000","37572000000","45475000000","50082000000","50667000000","68420000000","85905000000","80637000000","76966000000","72435000000","64261000000","61285000000","60352000000","74031000000","75725000000","72916000000","72662000000","75715000000","72987000000","71076000000","77146000000","84615000000","81863000000","87134000000","88073000000","91863000000","97774000000","100201000000","111634000000","154809000000","183073000000","194541000000","238602000000","317390000000","294170000000","339200000000","364252000000","391053000000","392704000000","395123000000","345864000000","312813000000","337365000000","370010000000","348731000000","297240000000",
"Tonga","TON","Merchandise imports (current US$)","TM.VAL.MRCH.CD.WT","4000000","3000000","3000000","3000000","4000000","4000000","5000000","6000000","6000000","6000000","6000000","7000000","9000000","11000000","17000000","17000000","14000000","20000000","26000000","29000000","38000000","40000000","42000000","38000000","41000000","41000000","41000000","48000000","56000000","54000000","62000000","59000000","63000000","61000000","69000000","77000000","75000000","73000000","69000000","73000000","69000000","73000000","89000000","94000000","105000000","121000000","116000000","143000000","168000000","145000000","159000000","193000000","199000000","198000000","219000000","209000000","229000000","231000000","230000000","238000000","214000000",
"South Asia (IDA & IBRD)","TSA","Merchandise imports (current US$)","TM.VAL.MRCH.CD.WT","4306770834.16047","3942008925.27596","4325536720.1481","4669187007.29652","5377599203.32945","5098456649.26349","5818597524.03869","5207533361.56658","4262201854.93985","4174236764.37285","4076888730.81203","4241090233.20377","4694990100.52951","6048581996.77692","9542271813.36812","11281602332.8985","9962075665.72021","11624258460.594","14864462896.1707","18434298518.9164","26112000000","26951000000","26014000000","25032000000","27750000000","27987000000","27200000000","29005000000","32790000000","35137000000","39086000000","36777000000","41623000000","41909000000","46970000000","60147000000","65010000000","68913000000","67912000000","74405000000","80864000000","79327000000","86907000000","107277000000","142901000000","196835000000","241110000000","299623000000","409715000000","329964000000","441605000000","579754000000","604842000000","582899000000","589280000000","516613000000","491047000000","602286000000","681397000000","638425000000","505931000000",
"Sub-Saharan Africa (IDA & IBRD countries)","TSS","Merchandise imports (current US$)","TM.VAL.MRCH.CD.WT","5653108597.61743","5715447600.71558","5580379760.66959","6059351101.14039","7137815854.73842","7922248310.39017","7786141486.9592","8309789112.98368","8599665477.39009","9430852185.36545","11263618876.4511","13171192371.2546","12948849926.8712","16600876525.0379","23834278851.1935","29073872061.5932","29923760470.498","34856853582.3318","41583232016.6224","42463250943.6913","67527686122.6884","74491765861.5996","61965201441.1687","53046238574.1403","48392289654.5131","43682195266.4544","42724659823.0216","48106458178.8615","53843504225.8684","54690790385.8356","58354537407.6698","60405378245.4699","63132006357.8464","61597227137.4418","64707388203.1294","79468472477.6821","80916971120.22","87726031312.3324","83993635020.3829","80825615214.2435","82817173964.5305","87226619026.3278","86023766264.3043","111562817312.836","142688789544.639","175361721784.31","210917440390.35","256836978996.609","320131395853.969","269704965886.205","315976732263.284","394481907465.725","414539604155.669","433294971652.637","437813028735.984","376750741181.315","327490621613.184","337578343764.229","380773446241.146","381540835851.348","338910109860.242",
"Trinidad and Tobago","TTO","Merchandise imports (current US$)","TM.VAL.MRCH.CD.WT","294000000","341000000","353000000","377000000","426000000","471000000","454000000","417000000","420000000","483000000","544000000","666000000","766000000","797000000","1846000000","1469000000","2010000000","1819000000","1967000000","2105000000","3178000000","3125000000","3697000000","2582000000","1919000000","1534000000","1350000000","1219000000","1127000000","1221000000","1109000000","1667000000","1104000000","1463000000","1134000000","1714000000","2146000000","2988000000","2999000000","2741000000","3308000000","3569000000","3643000000","3892000000","4858000000","5694000000","6484000000","7663000000","9591000000","6955000000","6480000000","9511000000","9065000000","12629000000","11249000000","9233000000","8052000000","6893000000","7710000000","6327000000","4995000000",
"Tunisia","TUN","Merchandise imports (current US$)","TM.VAL.MRCH.CD.WT","191000000","211000000","216000000","223000000","248000000","246000000","250000000","261000000","218000000","266000000","306000000","345000000","466000000","682000000","1128000000","1424000000","1529000000","1825000000","2138000000","2849000000","3540000000","3791000000","3420000000","3107000000","3174000000","2757000000","2890000000","3039000000","3689000000","4374000000","5513000000","5189000000","6431000000","6214000000","6580000000","7902000000","7700000000","7914000000","8350000000","8474000000","8567000000","9529000000","9526000000","10910000000","12818000000","13177000000","15007000000","19099000000","24638000000","19096000000","22215000000","23952000000","24471000000","24266000000","24828000000","20221000000","19462000000","20654000000","22705000000","21555000000","18351000000",
"Turkey","TUR","Merchandise imports (current US$)","TM.VAL.MRCH.CD.WT","468000000","507000000","619000000","688000000","537000000","572000000","718000000","685000000","764000000","801000000","948000000","1171000000","1563000000","2086000000","3778000000","4739000000","5129000000","5796000000","4599000000","5070000000","7910000000","8933000000","8843000000","9235000000","10757000000","11344000000","11105000000","14158000000","14335000000","15792000000","22303000000","21047000000","22871000000","29428000000","23270000000","35710000000","43628000000","48560000000","45921000000","40226000000","54503000000","41399000000","51554000000","69340000000","97540000000","116774000000","139576000000","170063000000","201964000000","140928000000","185544000000","240842000000","236545000000","260823000000","251142000000","213619000000","202189000000","238715000000","231152000000","210345000000","219397000000",
"Tuvalu","TUV","Merchandise imports (current US$)","TM.VAL.MRCH.CD.WT","","","","","","","","","","","","","","","","","","","","","4000000","3000000","3000000","3000000","4000000","3000000","3000000","4000000","6000000","5000000","5000000","4000000","5000000","7000000","8000000","6000000","6000000","8000000","10000000","8000000","5000000","4000000","11000000","8000000","11000000","13000000","13000000","16000000","26000000","14000000","22000000","27000000","21000000","21000000","22000000","37000000","23000000","27000000","25000000","33000000","47000000",
"Tanzania","TZA","Merchandise imports (current US$)","TM.VAL.MRCH.CD.WT","111000000","112000000","113000000","113000000","177000000","197000000","237000000","229000000","257000000","239000000","318000000","382000000","404000000","497000000","753000000","778000000","638000000","744000000","1145000000","1105000000","1252000000","1213000000","1166000000","832000000","665000000","1324000000","937000000","929000000","823000000","990000000","1027000000","1533000000","1510000000","1497000000","1504000000","1675000000","1388000000","1337000000","1453000000","1556000000","1524000000","1712000000","1660000000","2125000000","2726000000","3287000000","4246000000","5337000000","7703000000","6411000000","7874000000","10799000000","11346000000","12091000000","11993000000","10789000000","9300000000","8299000000","9120000000","9452000000","8419000000",
"Uganda","UGA","Merchandise imports (current US$)","TM.VAL.MRCH.CD.WT","91000000","95000000","95000000","114000000","130000000","161000000","166000000","159000000","165000000","175000000","172000000","250000000","162000000","163000000","213000000","207000000","172000000","241000000","254000000","197000000","293000000","345000000","377000000","377000000","344000000","327000000","307000000","848000000","887000000","271000000","288000000","196000000","505000000","535000000","875000000","1056000000","1191000000","1316000000","1416000000","1342000000","1536000000","1594000000","1053000000","1375000000","1726000000","2054000000","2557000000","3493000000","4526000000","4247000000","4664000000","5631000000","6044000000","5818000000","6074000000","5528000000","4829000000","5596000000","6729000000","7518000000","7480000000",
"Ukraine","UKR","Merchandise imports (current US$)","TM.VAL.MRCH.CD.WT","","","","","","","","","","","","","","","","","","","","","","","","","","","","","","","","","7099000000","9533000000","10748000000","15484000000","17603000000","17128000000","14676000000","11846000000","13956000000","15775000000","16977000000","23020000000","28997000000","36136000000","45039000000","60618000000","85535000000","45487000000","60911000000","82594000000","84639000000","76787000000","54430000000","37517000000","39252000000","49609000000","57046000000","60607000000","53929000000",
"Upper middle income","UMC","Merchandise imports (current US$)","TM.VAL.MRCH.CD.WT","17368673187.0699","16928054701.3838","17305233352.7434","18305275832.0361","20481838875.2026","21669528042.6643","23915002874.8967","25008743973.448","26841311243.555","28665759544.7438","32751920616.0015","36395017954.8661","41392823250.3669","57408069367.8592","93728856749.759","104079382267.756","99945667235.6917","108150465253.88","127637150510.252","165371798336.621","235460537301.999","260902670600.489","226774160981.604","203411360729.539","214660287260.225","221732095491.327","226616163961.438","245581572696.022","292889570975.219","321682390059.796","335372252083.65","363515531151.279","422908134367.579","477309581847.614","562013567882.298","672687126789.064","729784708998.308","782447527540.814","735550909665.9","742340129679.341","909676865536.177","912303455107.886","975721583443.064","1185846733378.08","1550356085560.56","1833319205019.24","2183718953435.67","2635166911185.26","3192779155318.7","2533835280933.31","3358664981771.62","4152946250031.35","4328513404178.49","4554428066771.83","4486275403546.38","3812626361134.13","3579329586077.51","4103373488032.14","4606942663147.93","4467874674948.07","4185370489898.9",
"Uruguay","URY","Merchandise imports (current US$)","TM.VAL.MRCH.CD.WT","218000000","211000000","230000000","177000000","198000000","151000000","164000000","171000000","157000000","197000000","231000000","229000000","212000000","285000000","487000000","556000000","587000000","730000000","757000000","1206000000","1680000000","1641000000","1110000000","788000000","777000000","708000000","870000000","1142000000","1157000000","1202000000","1343000000","1637000000","2045000000","2325000000","2786000000","2867000000","3323000000","3727000000","3811000000","3357000000","3466000000","3061000000","1964000000","2190000000","3114000000","3879000000","4806000000","5628000000","9069000000","6907000000","8622000000","10726000000","11652000000","11642000000","11485000000","9489000000","8137000000","8458000000","8893000000","8246000000","7564000000",
"United States","USA","Merchandise imports (current US$)","TM.VAL.MRCH.CD.WT","16371000000","15938000000","17781000000","18621000000","20306000000","23188000000","27745000000","28753000000","35350000000","38312000000","42428000000","48342000000","58862000000","73572000000","110478000000","105881000000","132497000000","160411000000","186046000000","222225000000","256985000000","273352000000","254884000000","269878000000","346363000000","352463000000","382294000000","424443000000","459543000000","492922000000","516987000000","508363000000","553923000000","603438000000","689215000000","770852000000","822025000000","899020000000","944353000000","1059440000000","1259300000000","1179180000000","1200230000000","1303050000000","1525680000000","1732706000000","1918077000000","2020403000000","2169487000000","1605296000000","1969184000000","2266024000000","2336524000000","2329060000000","2412547000000","2315301000000","2250154000000","2408476000000","2614221000000","2567445000000","2407545000000",
"Uzbekistan","UZB","Merchandise imports (current US$)","TM.VAL.MRCH.CD.WT","","","","","","","","","","","","","","","","","","","","","","","","","","","","","","","","","2862000000","2829000000","2605000000","2750000000","4710000000","4185000000","3290000000","3110000000","2697000000","2814000000","2425000000","2662000000","3392000000","3666000000","4380000000","6340000000","9277000000","9023000000","8689000000","10472000000","12034000000","13138000000","13925000000","11461000000","11328000000","12035000000","17312000000","21866000000","20020000000",
"St. Vincent and the Grenadines","VCT","Merchandise imports (current US$)","TM.VAL.MRCH.CD.WT","8000000","7000000","7000000","7000000","9000000","9000000","9000000","9000000","10000000","12000000","15000000","18000000","18000000","19000000","25000000","25000000","24000000","30000000","36000000","47000000","57000000","58000000","65000000","70000000","77000000","79000000","87000000","99000000","122000000","127000000","136000000","140000000","132000000","134000000","130000000","136000000","132000000","188000000","193000000","201000000","163000000","186000000","174000000","201000000","226000000","240000000","271000000","327000000","373000000","333000000","338000000","332000000","356000000","370000000","361000000","334000000","335000000","330000000","354000000","335000000","322000000",
"Venezuela, RB","VEN","Merchandise imports (current US$)","TM.VAL.MRCH.CD.WT","1188000000","1197000000","1304000000","1238000000","1249000000","1421000000","1307000000","1445000000","1665000000","1720000000","1869000000","2103000000","2463000000","2812000000","4148000000","6000000000","7663000000","10938000000","11767000000","10670000000","11827000000","13106000000","12944000000","6419000000","7774000000","8106000000","8504000000","9659000000","12726000000","7803000000","7335000000","11147000000","14065000000","12510000000","9187000000","12649000000","9880000000","14606000000","15817000000","14064000000","16213000000","18323000000","12963000000","9256000000","16679000000","24027000000","33616000000","46097000000","50450000000","41540000000","39000000000","48000000000","51331000000","48773000000","43169000000","33330000000","15540000000","10570000000","11710000000","5870000000","6550000000",
"British Virgin Islands","VGB","Merchandise imports (current US$)","TM.VAL.MRCH.CD.WT","","","","","","","","","","","","","","","","","","","","","","","","","","","","","","","","","","","","","","","","","","","","","","","","","","","","","","","","","","","","","",
"Virgin Islands (U.S.)","VIR","Merchandise imports (current US$)","TM.VAL.MRCH.CD.WT","","","","","","","","","","","","","","","","","","","","","","","","","","","","","","","","","","","","","","","","","","","","","","","","","","","","","","","","","","","","","",
"Vietnam","VNM","Merchandise imports (current US$)","TM.VAL.MRCH.CD.WT","240000000","255000000","154000000","167000000","174000000","208000000","286000000","365000000","316000000","453000000","373000000","594000000","692000000","616000000","321000000","1102000000","1171000000","1372000000","1485000000","1599000000","1314000000","1382000000","1472000000","1526000000","1745000000","1857000000","2155000000","2455000000","2756000000","2565000000","2752000000","2338000000","2541000000","3532000000","5826000000","8155000000","11144000000","11592000000","11500000000","11742000000","15638000000","16218000000","19746000000","25256000000","31969000000","36761000000","45015000000","62682000000","80714000000","69949000000","84839000000","106750000000","113780000000","132033000000","147849000000","165610000000","174804000000","212919000000","236862000000","253393000000","262701000000",
"Vanuatu","VUT","Merchandise imports (current US$)","TM.VAL.MRCH.CD.WT","7000000","7000000","6000000","6000000","7000000","7000000","8000000","10000000","10000000","11000000","13000000","18000000","29000000","36000000","50000000","40000000","34000000","40000000","51000000","62000000","73000000","58000000","60000000","64000000","69000000","70000000","58000000","70000000","70000000","71000000","96000000","83000000","82000000","78000000","89000000","95000000","98000000","94000000","93000000","98000000","87000000","90000000","90000000","105000000","128000000","149000000","217000000","229000000","314000000","294000000","285000000","304000000","296000000","313000000","313000000","367000000","422000000","370000000","350000000","333000000","295000000",
"World","WLD","Merchandise imports (current US$)","TM.VAL.MRCH.CD.WT","129664190787.475","134707863275.596","142040809199.602","154651594301.341","173147555017.797","188328391413.803","207183270531.908","217216809450.912","240512850869.378","272925525378.997","313634218312.369","349528353223.186","411825524329.691","566761258103.137","828545723422.487","866501613975.837","978630570708.038","1119673673166.08","1298337312069.77","1627511932937.28","2000607261847.1","1997181077105.85","1864405225183.76","1808562891180.68","1939487068275.27","1955205516940.42","2138346497762.74","2507593106270.6","2885640410199.57","3125815240373.35","3536141548906.29","3654986684228.05","3912001156603.9","3868158838640.78","4402761552578.16","5234232182846.5","5509564381191.97","5710951587394.91","5648421815115.55","5882903482205.86","6682147137552.76","6438975443786.9","6689338653698.88","7808632087045.92","9518591000720.64","10838517998781.8","12428072665898.4","14337355604792.7","16576686055464.7","12775638823904.9","15512972503835.8","18525112597302.9","18745182229999.8","19055063281375","19141433559615.4","16802659760228","16278119003533.3","18060472242396.5","19918945216735.7","19364379207715.8","17886055375554.4",
"Samoa","WSM","Merchandise imports (current US$)","TM.VAL.MRCH.CD.WT","7000000","7000000","8000000","8000000","10000000","9000000","8000000","8000000","8000000","10000000","14000000","13000000","19000000","24000000","26000000","37000000","30000000","41000000","52000000","73000000","62000000","56000000","50000000","48000000","50000000","51000000","47000000","62000000","76000000","75000000","81000000","94000000","110000000","105000000","81000000","95000000","100000000","97000000","97000000","115000000","106000000","136000000","132000000","150000000","210000000","239000000","275000000","266000000","288000000","231000000","310000000","346000000","346000000","367000000","388000000","371000000","350000000","356000000","363000000","391000000","312000000",
"Kosovo","XKX","Merchandise imports (current US$)","TM.VAL.MRCH.CD.WT","","","","","","","","","","","","","","","","","","","","","","","","","","","","","","","","","","","","","","","","","","","","","","","","","","","","","","","","","","","","","",
"Yemen, Rep.","YEM","Merchandise imports (current US$)","TM.VAL.MRCH.CD.WT","16000000","16000000","16000000","21000000","21000000","19000000","27000000","35000000","20000000","36000000","33000000","34000000","80000000","123000000","190000000","294000000","413000000","1040000000","1284000000","1492000000","1853000000","1758000000","1521000000","1618000000","1556000000","1313000000","1159000000","883000000","1384000000","1356000000","1571000000","2025000000","2587000000","2821000000","2087000000","1582000000","2038000000","2014000000","2167000000","2008000000","2324000000","2466000000","2921000000","3675000000","3986000000","5378000000","6074000000","8511000000","10546000000","9185000000","9255000000","11260000000","13273000000","13273000000","12042000000","6573000000","7700000000","7089000000","8213000000","10407000000","7368000000",
"South Africa","ZAF","Merchandise imports (current US$)","TM.VAL.MRCH.CD.WT","1629000000","1460000000","1476000000","1771000000","2281000000","2563000000","2395000000","2780000000","2789000000","3189000000","3843000000","4364000000","3948000000","5163000000","7856000000","8293000000","7285000000","6270000000","7615000000","8989000000","19598000000","22925000000","18407000000","15813000000","15955000000","11319000000","12992000000","15277000000","18723000000","18498000000","18399000000","18829000000","19738000000","19991000000","23363000000","30546000000","30182000000","32998000000","29242000000","26696000000","29695000000","28248000000","29267000000","39748000000","53466000000","62304000000","78715000000","88450000000","101640000000","74054000000","96835000000","124430000000","127154000000","126330000000","121950000000","104651000000","91692000000","101576000000","113972000000","107540000000","84062000000",
"Zambia","ZMB","Merchandise imports (current US$)","TM.VAL.MRCH.CD.WT","210000000","228000000","175000000","164000000","219000000","299000000","345000000","440000000","457000000","437000000","477000000","556000000","565000000","533000000","787000000","929000000","674000000","671000000","618000000","749000000","1339000000","1261000000","1201000000","851000000","730000000","654000000","648000000","816000000","835000000","906000000","1220000000","818000000","795000000","809000000","594000000","700000000","835000000","819000000","1100000000","822000000","888000000","1082000000","1102000000","1574000000","2152000000","2558000000","3074000000","4007000000","5060000000","3832000000","5321000000","7178000000","8805000000","10586000000","9707000000","7935000000","7290000000","7988000000","9466000000","7180000000","5316000000",
"Zimbabwe","ZWE","Merchandise imports (current US$)","TM.VAL.MRCH.CD.WT","252000000","257000000","244000000","230000000","349000000","386000000","273000000","301000000","333000000","321000000","378000000","456000000","478000000","606000000","865000000","932000000","703000000","710000000","685000000","930000000","1448000000","1696000000","1639000000","1205000000","1098000000","1031000000","1132000000","1205000000","1301000000","1623000000","1847000000","2055000000","2203000000","1819000000","2241000000","2660000000","2803000000","3092000000","2701000000","2126000000","1863000000","1715000000","1751000000","1710000000","2204000000","2346000000","2127000000","3183000000","1920000000","5719000000","5337000000","7984000000","6939000000","7216000000","6070000000","6053000000","5336000000","5064000000","6391000000","4817000000","4953000000",
