"Data Source","World Development Indicators",

"Last Updated Date","2021-07-30",

"Country Name","Country Code","Indicator Name","Indicator Code","1960","1961","1962","1963","1964","1965","1966","1967","1968","1969","1970","1971","1972","1973","1974","1975","1976","1977","1978","1979","1980","1981","1982","1983","1984","1985","1986","1987","1988","1989","1990","1991","1992","1993","1994","1995","1996","1997","1998","1999","2000","2001","2002","2003","2004","2005","2006","2007","2008","2009","2010","2011","2012","2013","2014","2015","2016","2017","2018","2019","2020",
"Aruba","ABW","Merchandise exports (current US$)","TX.VAL.MRCH.CD.WT","","","","","","","","","","","","","","","","","","","","","","","","","","","29553100","45139700","84469273.7430167","107150837.988827","155474860.335196","878770949.72067","1107541899.44134","1208826815.64246","1357094972.06704","1347206703.91061","1733184357.5419","1724748603.35196","1164804469.27374","1389441340.78212","2523519553.07263","2423128491.62011","1487821229.05028","2051843575.41899","3434636871.50838","4416201117.31844","4716033519.55307","5206256983.24022","5456201117.31844","1951787709.49721","264636871.50838","5180112000","1388994000","278994000","258939000","334134000","300000000","","","","",
"Africa Eastern and Southern","AFE","Merchandise exports (current US$)","TX.VAL.MRCH.CD.WT","4404233599.67455","4412941921.17663","4663306164.36129","5220638740.49411","5671294378.2265","5865054531.64767","6370137178.76804","6652069087.39772","7198516261.65295","8033426585.66441","8463399959.82937","8902081655.49641","9607455697.16451","13568653440.421","18361495887.1256","17094435108.5737","16543633773.5674","19934436458.438","22635104664.2691","31069114039.0289","41340579250.7267","34606500058.4284","30440679586.7295","31102137240.8921","30241508502.2749","28902869160.9665","31452259041.986","36490239209.8232","39024953326.725","40550184526.1014","42782997209.7246","41134070284.2132","41128828939.8854","42241636673.0427","44531170474.3128","50006142607.7846","54535961657.1623","56627453404.2263","48527638171.358","50098352664.7693","57936207508.4763","55930638769.0572","59653619819.818","71400971511.3687","91910374299.5875","113236045660.433","134200211684.236","167720663081.32","207545977124.738","154584921327.214","211590645533.389","256771477772.822","246700672571.904","243865213319.622","234107712744.141","181276589299.64","169953613438.531","198384698394.988","216888532443.788","199391674130.925","179025825635.966",
"Afghanistan","AFG","Merchandise exports (current US$)","TX.VAL.MRCH.CD.WT","50000000","53000000","58000000","70000000","64000000","74000000","67000000","66000000","72000000","82000000","86000000","100000000","122000000","143000000","230000000","217000000","291000000","306000000","321000000","474000000","670000000","694000000","708000000","729000000","633000000","567000000","552000000","512000000","395000000","236000000","235000000","189000000","181000000","688000000","105000000","166000000","128000000","144000000","159000000","166000000","137000000","68000000","100000000","144000000","305000000","384000000","416000000","454000000","540000000","403000000","388000000","376000000","429000000","515000000","570000000","571000000","596000000","723000000","875000000","864000000","783000000",
"Africa Western and Central","AFW","Merchandise exports (current US$)","TX.VAL.MRCH.CD.WT","1585000000","1646000000","1620000000","1821000000","2124000000","2301000000","2375000000","2313000000","2497000000","2902000000","3459000000","4060000000","4730000000","6988000000","14402000000","13229000000","16934000000","19798000000","18098000000","27317000000","38234000000","28572000000","22427000000","20176000000","22327000000","23190000000","15510000000","18098000000","17184000000","22101000000","27434000000","24685000000","25228000000","22647000000","22389000000","28845000000","34069000000","33198000000","26634000000","31386000000","39059000000","36380000000","38730000000","48903000000","70669000000","90665000000","106252000000","119837000000","157215000000","113875000000","150095000000","204483000000","200079000000","179797000000","188145000000","114757000000","94949000000","116022000000","142276000000","140033000000","104000000000",
"Angola","AGO","Merchandise exports (current US$)","TX.VAL.MRCH.CD.WT","124000000","135000000","148000000","163000000","204000000","200000000","221000000","238000000","271000000","326000000","423000000","455000000","479000000","792000000","1202000000","1012000000","619000000","786000000","968000000","1091000000","1883000000","1856000000","1629000000","1822000000","2033000000","2245000000","1332000000","2168000000","2516000000","3015000000","3910000000","3410000000","3755000000","3762000000","3018000000","3642000000","5095000000","5007000000","3543000000","5157000000","7921000000","6534000000","8328000000","9508000000","13475000000","24109000000","31862000000","44396000000","63914000000","40828000000","50595000000","67310000000","71093000000","68247000000","59170000000","33181000000","27589000000","34613000000","40758000000","34726000000","20978000000",
"Albania","ALB","Merchandise exports (current US$)","TX.VAL.MRCH.CD.WT","49000000","49000000","41000000","48000000","60000000","","","","","","","","","","","","","","","","","","","","","","","","258000000","305000000","230000000","100000000","70000000","122000000","140000000","202000000","207000000","139000000","205000000","351000000","261000000","307000000","340000000","448000000","605000000","659000000","790000000","1079000000","1027000000","1091000000","1544000000","1947000000","1967000000","2339000000","2429000000","1917000000","1959000000","2292000000","2870000000","2716000000","2506000000",
"Andorra","AND","Merchandise exports (current US$)","TX.VAL.MRCH.CD.WT","","","","","","","","","","","","","","","","","","","","","","","","","","","","","","","","","","","","","","","","","","","","","","","","","","","","","","","95000000","90000000","97000000","118000000","129000000","126000000","116000000",
"Arab World","ARB","Merchandise exports (current US$)","TX.VAL.MRCH.CD.WT","4661121615.62107","4601081405.88786","4862256318.2273","6124101392.78681","6805557773.25867","7242850634.14884","7942319077.54067","8316569718.21097","9901631255.16756","10894296056.0899","11923985653.0143","15500380812.7888","18858629877.1994","28227904606.0659","83937213877.1814","76725384018.0614","92841176980.6156","101860217152.705","100254141542.342","159815030267.842","238143487885.78","226542718695.163","169557554967.217","129342622487.917","122192834178.855","112910617754.101","79137999779.174","91309150962.2566","92336839218.8566","116237846043.483","142151200564.334","127234210456.119","133711548416.17","127004056318.809","131531088132.692","149549155073.627","179806418768.675","187641666138.858","142372348670.184","178394473169.782","262678919593.254","235710858721.423","245447379399.825","300190041294.236","403063937321.27","557536389593.019","676490054456.767","791163853036.7","1080528644516.04","739259091722.345","927453127790.749","1244097188562.37","1400640027399.75","1384481205620.22","1256854732460.51","866595370535.011","793613493593.815","913721931824.765","1159793729405.81","1090166098848.38","772246183619.93",
"United Arab Emirates","ARE","Merchandise exports (current US$)","TX.VAL.MRCH.CD.WT","2000000","2000000","10000000","35000000","125000000","190000000","241000000","262000000","335000000","407000000","523000000","871000000","1157000000","1807000000","6414000000","7262000000","9535000000","9636000000","9126000000","13652000000","21970000000","22380000000","18780000000","16900000000","16500000000","16780000000","10640000000","12380000000","12040000000","17596000000","23544000000","24436000000","24756000000","25620000000","26403000000","28364000000","37334000000","40423000000","33837000000","36474000000","49835000000","48414000000","52163000000","67135000000","90997000000","117287000000","145587000000","178630000000","239213000000","191802000000","213539000000","302037000000","359728000000","374214000000","343036000000","300477000000","295031000000","313547000000","387910000000","389373000000","306407000000",
"Argentina","ARG","Merchandise exports (current US$)","TX.VAL.MRCH.CD.WT","1079000000","964000000","1216000000","1365000000","1410000000","1493000000","1593000000","1465000000","1368000000","1612000000","1773000000","1740000000","1941000000","3266000000","3931000000","2961000000","3916000000","5652000000","6400000000","7810000000","8021000000","9143000000","7625000000","7836000000","8107000000","8396000000","6852000000","6360000000","9135000000","9579000000","12353000000","11978000000","12235000000","13118000000","15659000000","20967000000","23811000000","26370000000","26441000000","23333000000","26341000000","26543000000","25650000000","29566000000","34576000000","40351000000","46546000000","55779000000","70018000000","55672000000","68187000000","84051000000","79982000000","75963000000","68405000000","56784000000","57910000000","58644000000","61781000000","65116000000","54884000000",
"Armenia","ARM","Merchandise exports (current US$)","TX.VAL.MRCH.CD.WT","","","","","","","","","","","","","","","","","","","","","","","","","","","","","","","","","83000000","156000000","216000000","271000000","290000000","233000000","221000000","232000000","294000000","343000000","505000000","686000000","723000000","974000000","985000000","1152000000","1057000000","710000000","1011000000","1334000000","1380000000","1480000000","1519000000","1485000000","1792000000","2245000000","2412000000","2640000000","2544000000",
"American Samoa","ASM","Merchandise exports (current US$)","TX.VAL.MRCH.CD.WT","8000000","9000000","11000000","17000000","13000000","15000000","20000000","27000000","30000000","28000000","125000000","127000000","199000000","67000000","83000000","50000000","65000000","81000000","104000000","125000000","127000000","199000000","187000000","177000000","212000000","201000000","254000000","288000000","368000000","308000000","311000000","327000000","316000000","481000000","252000000","272000000","313000000","424000000","415000000","345000000","346000000","318000000","388000000","460000000","446000000","374000000","439000000","331000000","337000000","484000000","320000000","300000000","422000000","388000000","346000000","379000000","388000000","397000000","513000000","437000000","431000000",
"Antigua and Barbuda","ATG","Merchandise exports (current US$)","TX.VAL.MRCH.CD.WT","2000000","2000000","3000000","4000000","2000000","1000000","0","1000000","7000000","6000000","11000000","16000000","18000000","26000000","29000000","20000000","9000000","7000000","13000000","37000000","26000000","40000000","21000000","20000000","18000000","17000000","20000000","19000000","17000000","16000000","21000000","50000000","65000000","62000000","44000000","53000000","38000000","38000000","36000000","38000000","52000000","41000000","39000000","45000000","57000000","83000000","74000000","59000000","65000000","51000000","46000000","56000000","63000000","69000000","99000000","66000000","61000000","21000000","26000000","38000000","20000000",
"Australia","AUS","Merchandise exports (current US$)","TX.VAL.MRCH.CD.WT","2050000000","2363000000","2356000000","2805000000","3053000000","3005000000","3171000000","3478000000","3526000000","4220000000","4770000000","5213000000","6461000000","9559000000","11016000000","11948000000","13193000000","13367000000","14416000000","18663000000","21944000000","21477000000","21360000000","20113000000","23111000000","22604000000","22569000000","26621000000","33233000000","37125000000","39752000000","41854000000","42824000000","42723000000","47528000000","53111000000","60301000000","62910000000","55893000000","56080000000","63870000000","63387000000","65033000000","70377000000","86565000000","106097000000","123437000000","141358000000","187257000000","154331000000","212634000000","271733000000","256675000000","252981000000","239975000000","187684000000","192505000000","231131000000","257098000000","271005000000","250352000000",
"Austria","AUT","Merchandise exports (current US$)","TX.VAL.MRCH.CD.WT","1120000000","1202000000","1264000000","1326000000","1446000000","1600000000","1684000000","1809000000","1989000000","2412000000","2857000000","3168000000","3883000000","5283000000","7161000000","7519000000","8506000000","9808000000","12175000000","15481000000","17489000000","15841000000","15642000000","15427000000","15739000000","17239000000","22508000000","27168000000","31027000000","31906000000","41265000000","41111000000","44537000000","40685000000","45002000000","57738000000","58222000000","59784000000","64085000000","66061000000","67710000000","70751000000","78673000000","97146000000","118376000000","125182000000","136751000000","163620000000","181289000000","136989000000","152560000000","177428000000","166611000000","175156000000","178223000000","152728000000","152090000000","168026000000","184815000000","178670000000","168940000000",
"Azerbaijan","AZE","Merchandise exports (current US$)","TX.VAL.MRCH.CD.WT","","","","","","","","","","","","","","","","","","","","","","","","","","","","","","","","","1571000000","993000000","655000000","635000000","630000000","780000000","605000000","929000000","1745000000","2314000000","2167000000","2592000000","3615000000","7649000000","13015000000","21269000000","30586000000","21097000000","26476000000","34495000000","32634000000","31703000000","28260000000","16592000000","13108000000","15481000000","20317000000","19636000000","13741000000",
"Burundi","BDI","Merchandise exports (current US$)","TX.VAL.MRCH.CD.WT","7000000","8000000","9000000","9000000","9000000","9000000","10000000","14000000","15000000","12000000","24000000","19000000","26000000","30000000","31000000","32000000","61000000","90000000","69000000","104000000","65000000","75000000","88000000","80000000","103000000","112000000","154000000","91000000","133000000","78000000","75000000","90000000","72000000","68000000","120000000","105000000","39000000","86000000","65000000","54000000","50000000","39000000","30000000","38000000","47000000","58000000","58000000","59000000","57000000","67000000","101000000","123000000","134000000","94000000","132000000","121000000","125000000","172000000","180000000","180000000","205000000",
"Belgium","BEL","Merchandise exports (current US$)","TX.VAL.MRCH.CD.WT","","","","","","","","","","","","","","","","","","","","","","","","","","","","","","","","","","","","","","","","179152000000","188371000000","190349000000","216127000000","255617000000","306866000000","334400000000","366745000000","430952000000","471840000000","370125000000","407692000000","475672000000","445939000000","468760000000","472192000000","396841000000","398134000000","429645000000","468650000000","446944000000","419340000000",
"Benin","BEN","Merchandise exports (current US$)","TX.VAL.MRCH.CD.WT","18000000","15000000","11000000","13000000","13000000","14000000","10000000","15000000","22000000","27000000","33000000","42000000","36000000","43000000","34000000","32000000","25000000","31000000","27000000","46000000","63000000","34000000","24000000","67000000","167000000","199000000","188000000","260000000","226000000","218000000","288000000","330000000","335000000","384000000","398000000","420000000","528000000","424000000","407000000","422000000","392000000","374000000","448000000","541000000","569000000","578000000","736000000","1047000000","1282000000","1225000000","1282000000","1410000000","1443000000","1982000000","2560000000","1682000000","1774000000","2216000000","3344000000","3053000000","2606000000",
"Burkina Faso","BFA","Merchandise exports (current US$)","TX.VAL.MRCH.CD.WT","4000000","4000000","8000000","9000000","12000000","15000000","16000000","18000000","21000000","21000000","18000000","16000000","20000000","25000000","36000000","44000000","53000000","55000000","43000000","77000000","90000000","74000000","56000000","58000000","79000000","71000000","83000000","155000000","142000000","95000000","152000000","106000000","64000000","69000000","107000000","276000000","233000000","232000000","319000000","255000000","209000000","223000000","247000000","321000000","479000000","468000000","588000000","623000000","693000000","900000000","1591000000","2399000000","2182000000","2356000000","2453000000","2176000000","2509000000","2875000000","3254000000","3239000000","4491000000",
"Bangladesh","BGD","Merchandise exports (current US$)","TX.VAL.MRCH.CD.WT","","","","","","","","","","","","","260000000","358000000","348000000","327000000","401000000","476000000","548000000","659000000","759000000","791000000","769000000","724000000","931000000","999000000","880000000","1067000000","1291000000","1305000000","1671000000","1689000000","2098000000","2545000000","2934000000","3501000000","4249000000","4832000000","5121000000","5497000000","6389000000","6080000000","6149000000","6990000000","8305000000","9297000000","11802000000","12453000000","15370000000","15083000000","19194000000","24439000000","25127000000","29114000000","30405000000","32379000000","34894000000","35851000000","39252000000","39337000000","33605000000",
"Bulgaria","BGR","Merchandise exports (current US$)","TX.VAL.MRCH.CD.WT","572000000","663000000","773000000","834000000","980000000","1176000000","1305000000","1458000000","1615000000","1795000000","2004000000","2182000000","2627000000","3301000000","3836000000","4691000000","5382000000","6329000000","7478000000","8869000000","10390000000","10700000000","11440000000","12140000000","12860000000","13310000000","14140000000","15850000000","17290000000","16220000000","5030000000","3760000000","3550000000","3580000000","4005000000","5355000000","4890000000","4940000000","4300000000","3979000000","4852000000","5118000000","5733000000","7543000000","9932000000","11739000000","15064000000","18518000000","22362000000","16318000000","20630000000","28208000000","26686000000","29579000000","29245000000","25371000000","26572000000","31438000000","33617000000","33340000000","31826000000",
"Bahrain","BHR","Merchandise exports (current US$)","TX.VAL.MRCH.CD.WT","190000000","198000000","212000000","206000000","176000000","165000000","187000000","211000000","211000000","226000000","218000000","269000000","347000000","481000000","1272000000","1107000000","1516000000","1845000000","1893000000","2492000000","3606000000","4347000000","3789000000","3119000000","3204000000","2897000000","2199000000","2430000000","2411000000","2831000000","3761000000","3511000000","3464000000","3723000000","3622000000","4113000000","4700000000","4384000000","3270000000","4363000000","6194000000","5577000000","5794000000","6632000000","7558000000","10242000000","12200000000","13634000000","17316000000","11874000000","14971000000","19650000000","19768000000","21930000000","20130000000","16540000000","12785000000","15376000000","18044000000","18120000000","14006000000",
"Bahamas, The","BHS","Merchandise exports (current US$)","TX.VAL.MRCH.CD.WT","6000000","8000000","9000000","10000000","16000000","19000000","23000000","31000000","51000000","53000000","90000000","267000000","343000000","530000000","1444000000","2508000000","2992000000","3261000000","3058000000","3786000000","5009000000","6189000000","4534000000","3970000000","3393000000","2728000000","2702000000","2722000000","2153000000","2487000000","238000000","225000000","192000000","162000000","167000000","176000000","180000000","181000000","300000000","462000000","576000000","423000000","446000000","425000000","477000000","549000000","694000000","802000000","956000000","711000000","702000000","834000000","984000000","955000000","834000000","521000000","481000000","571000000","642000000","669000000","469000000",
"Bosnia and Herzegovina","BIH","Merchandise exports (current US$)","TX.VAL.MRCH.CD.WT","","","","","","","","","","","","","","","","","","","","","","","","","","","","","","","","","276000000","95000000","91000000","152000000","336000000","575000000","605000000","751000000","1069000000","1032000000","1005000000","1340000000","1793000000","2400000000","3323000000","4152000000","5021000000","3954000000","4803000000","5850000000","5162000000","5687000000","5892000000","5098000000","5328000000","6402000000","7182000000","6578000000","6152000000",
"Belarus","BLR","Merchandise exports (current US$)","TX.VAL.MRCH.CD.WT","","","","","","","","","","","","","","","","","","","","","","","","","","","","","","","","","3559000000","1970000000","2510000000","4803000000","5652000000","7301000000","7070000000","5909000000","7326000000","7451000000","8021000000","9946000000","13774000000","15979000000","19734000000","24275000000","32571000000","21304000000","25284000000","41419000000","46060000000","37203000000","36127000000","26660000000","23537000000","29241000000","33907000000","32960000000","29043000000",
"Belize","BLZ","Merchandise exports (current US$)","TX.VAL.MRCH.CD.WT","8000000","9000000","9000000","13000000","13000000","12000000","13000000","14000000","15000000","17000000","19000000","19000000","26000000","32000000","45000000","67000000","42000000","62000000","80000000","87000000","111000000","119000000","91000000","78000000","93000000","90000000","93000000","103000000","116000000","125000000","129000000","120000000","141000000","123000000","151000000","162000000","168000000","176000000","172000000","198000000","196000000","169000000","275000000","303000000","305000000","319000000","419000000","416000000","469000000","381000000","478000000","604000000","627000000","609000000","589000000","538000000","443000000","457000000","451000000","462000000","324000000",
"Bermuda","BMU","Merchandise exports (current US$)","TX.VAL.MRCH.CD.WT","","","","","","","","","","","","","","","","","","","","","37000000","29000000","17000000","23000000","41000000","23000000","65000000","29000000","31000000","50000000","60000000","55000000","85000000","35000000","32000000","56000000","68000000","57000000","45000000","51000000","51000000","36000000","56000000","52000000","73000000","49000000","27000000","27000000","24000000","29000000","15000000","13000000","11000000","12000000","22000000","22000000","19000000","18000000","17000000","16000000","13000000",
"Bolivia","BOL","Merchandise exports (current US$)","TX.VAL.MRCH.CD.WT","51000000","58000000","60000000","67000000","96000000","129000000","127000000","150000000","152000000","172000000","190000000","181000000","201000000","261000000","557000000","444000000","568000000","632000000","629000000","760000000","942000000","912000000","828000000","755000000","725000000","623000000","638000000","570000000","600000000","822000000","926000000","849000000","710000000","728000000","1032000000","1101000000","1137000000","1167000000","1104000000","1051000000","1230000000","1285000000","1299000000","1597000000","2166000000","2827000000","3952000000","4504000000","6525000000","4960000000","6402000000","8358000000","11254000000","11657000000","12300000000","8726000000","7082000000","7846000000","8965000000","8757000000","7015000000",
"Brazil","BRA","Merchandise exports (current US$)","TX.VAL.MRCH.CD.WT","1268000000","1403000000","1214000000","1406000000","1430000000","1596000000","1741000000","1654000000","1881000000","2311000000","2739000000","2904000000","3991000000","6199000000","7951000000","8670000000","10128000000","12120000000","12659000000","15244000000","20132000000","23293000000","20175000000","21899000000","27005000000","25639000000","22349000000","26224000000","33494000000","34383000000","31414000000","31620000000","35793000000","38555000000","43545000000","46506000000","47747000000","52994000000","51140000000","48013000000","55119000000","58287000000","60439000000","73203000000","96678000000","118529000000","137807000000","160649000000","197942000000","152995000000","201915000000","256040000000","242578000000","242034000000","225101000000","191134000000","185232000000","217739000000","239264000000","225383000000","209878000000",
"Barbados","BRB","Merchandise exports (current US$)","TX.VAL.MRCH.CD.WT","24000000","25000000","29000000","41000000","35000000","37000000","41000000","41000000","40000000","37000000","40000000","41000000","44000000","54000000","86000000","107000000","86000000","97000000","131000000","152000000","226000000","195000000","257000000","321000000","390000000","352000000","275000000","154000000","173000000","186000000","216000000","207000000","191000000","187000000","182000000","239000000","281000000","283000000","252000000","264000000","272000000","259000000","242000000","250000000","278000000","359000000","510000000","524000000","488000000","379000000","429000000","475000000","565000000","457000000","474000000","483000000","517000000","485000000","448000000","444000000","345000000",
"Brunei Darussalam","BRN","Merchandise exports (current US$)","TX.VAL.MRCH.CD.WT","83000000","77000000","65000000","60000000","61000000","65000000","74000000","81000000","92000000","88000000","95000000","212000000","176000000","347000000","980000000","1049000000","1333000000","1640000000","1845000000","2666000000","4581000000","4037000000","3808000000","3369000000","3204000000","2972000000","1797000000","1902000000","1708000000","1883000000","2213000000","2682000000","2401000000","2167000000","2210000000","2402000000","2481000000","2467000000","2058000000","2579000000","3903000000","3640000000","3702000000","4421000000","5057000000","6249000000","7636000000","7668000000","10319000000","7200000000","8907000000","12465000000","13001000000","11447000000","10509000000","6353000000","4875000000","5571000000","6574000000","7039000000","6479000000",
"Bhutan","BTN","Merchandise exports (current US$)","TX.VAL.MRCH.CD.WT","","","","","","","","","","","","","","","","","","","","","17000000","20000000","17000000","16000000","18000000","22000000","34000000","55000000","75000000","70000000","70000000","63000000","66000000","65000000","66000000","103000000","100000000","118000000","108000000","116000000","103000000","106000000","113000000","133000000","183000000","258000000","414000000","675000000","521000000","496000000","641000000","675000000","535000000","544000000","583000000","549000000","525000000","573000000","606000000","594000000","433000000",
"Botswana","BWA","Merchandise exports (current US$)","TX.VAL.MRCH.CD.WT","8000000","9000000","9000000","11000000","12000000","14000000","15000000","13000000","10000000","18000000","26000000","42000000","58000000","85000000","121000000","142000000","170000000","186000000","233000000","451000000","502000000","397000000","454000000","635000000","660000000","728000000","862000000","1587000000","1465000000","1857000000","1784000000","1849000000","1742000000","1780000000","1878000000","2142000000","2447000000","2842000000","2058000000","2644000000","2675000000","2510000000","2425000000","2810000000","3513000000","4425000000","4529000000","5174000000","4951000000","3456000000","4693000000","5882000000","5971000000","7911000000","8510000000","6316000000","7366000000","5870000000","6577000000","5241000000","4221000000",
"Central African Republic","CAF","Merchandise exports (current US$)","TX.VAL.MRCH.CD.WT","14000000","14000000","14000000","22000000","29000000","26000000","31000000","29000000","36000000","36000000","30000000","32000000","39000000","37000000","48000000","47000000","61000000","82000000","72000000","80000000","116000000","79000000","107000000","80000000","86000000","92000000","66000000","130000000","130000000","134000000","120000000","126000000","107000000","110000000","151000000","171000000","147000000","163000000","151000000","146000000","161000000","142000000","147000000","128000000","134000000","128000000","158000000","178000000","150000000","120000000","140000000","190000000","203000000","116000000","99000000","86000000","115000000","140000000","164000000","147000000","120000000",
"Canada","CAN","Merchandise exports (current US$)","TX.VAL.MRCH.CD.WT","5818000000","6085000000","6213000000","6777000000","8037000000","8473000000","10005000000","11000000000","13171000000","14350000000","16787000000","18374000000","21185000000","26437000000","34508000000","34074000000","40598000000","43545000000","48432000000","58294000000","67734000000","72726000000","71234000000","76749000000","90272000000","90950000000","90329000000","98168000000","117105000000","121832000000","127629000000","127163000000","134435000000","145178000000","165376000000","192197000000","201633000000","214422000000","214327000000","238446000000","276635000000","259858000000","252394000000","272739000000","316762000000","360475000000","388178000000","420693000000","456471000000","316094000000","387481000000","451335000000","455592000000","458318000000","476300000000","410062000000","389991000000","420665000000","450743000000","446585000000","390668000000",
"Central Europe and the Baltics","CEB","Merchandise exports (current US$)","TX.VAL.MRCH.CD.WT","","","","","","","","","","","","","","","","","","","","","","","","","","","","","","","","","68782570829.9332","65266000000","76138000000","97623000000","103946000000","111037000000","122745000000","122262000000","138839000000","153397000000","175525000000","227230000000","304462000000","354432000000","434033000000","554625000000","663388000000","515380000000","607232000000","740835000000","715577000000","765939000000","803759000000","712006000000","732799000000","829023000000","925336000000","916325000000","899024000000",
"Switzerland","CHE","Merchandise exports (current US$)","TX.VAL.MRCH.CD.WT","1859000000","2017000000","2191000000","2388000000","2621000000","2941000000","3248000000","3468000000","3967000000","4576000000","5063000000","5738000000","6842000000","9528000000","11934000000","12953000000","14835000000","17614000000","23560000000","26538000000","29632000000","27031000000","26018000000","25592000000","25851000000","27433000000","37455000000","45515000000","50704000000","51525000000","63784000000","61517000000","65678000000","63185000000","70360000000","81641000000","79747000000","76150000000","78856000000","80300000000","80500000000","82144000000","91699000000","104822000000","122844000000","130930000000","147856000000","172078000000","200759000000","172474000000","195609000000","234819000000","312464000000","357852000000","311204000000","289720000000","302900000000","299603000000","310749000000","313934000000","319232000000",
"Channel Islands","CHI","Merchandise exports (current US$)","TX.VAL.MRCH.CD.WT","","","","","","","","","","","","","","","","","","","","","","","","","","","","","","","","","","","","","","","","","","","","","","","","","","","","","","","","","","","","","",
"Chile","CHL","Merchandise exports (current US$)","TX.VAL.MRCH.CD.WT","488000000","506000000","530000000","522000000","592000000","637000000","817000000","847000000","858000000","1075000000","1249000000","997000000","855000000","1231000000","2481000000","1552000000","2083000000","2190000000","2478000000","3894000000","4705000000","3837000000","3706000000","3831000000","3651000000","3804000000","4191000000","5224000000","7052000000","8078000000","8373000000","8942000000","10007000000","9199000000","11604000000","16024000000","16627000000","17870000000","16323000000","17162000000","19210000000","18272000000","18180000000","21664000000","32520000000","41267000000","58680000000","67972000000","64510000000","55463000000","71109000000","81438000000","77791000000","76770000000","75065000000","62035000000","60718000000","68823000000","75200000000","69889000000","71728000000",
"China","CHN","Merchandise exports (current US$)","TX.VAL.MRCH.CD.WT","2571000000","1942000000","1913000000","2031000000","2250000000","2563000000","2681000000","2388000000","2340000000","2429000000","2307000000","2783000000","3693000000","5876000000","7108000000","7689000000","6943000000","7520000000","9955000000","13614000000","18099000000","22007000000","22321000000","22226000000","26139000000","27350000000","30942000000","39437000000","47516000000","52538000000","62091000000","71910000000","84940000000","91744000000","121006000000","148780000000","151048000000","182792000000","183712000000","194931000000","249203000000","266098000000","325596000000","438228000000","593326000000","761953000000","968978000000","1220456000000","1430693000000","1201612000000","1577754000000","1898381000000","2048714000000","2209005000000","2342293000000","2273468000000","2097632000000","2263346000000","2486695000000","2499457000000","2591121000000",
"Cote d'Ivoire","CIV","Merchandise exports (current US$)","TX.VAL.MRCH.CD.WT","157000000","193000000","193000000","230000000","296000000","277000000","311000000","325000000","425000000","452000000","469000000","457000000","553000000","857000000","1213000000","1181000000","1632000000","2157000000","2322000000","2514000000","3134000000","2533000000","2350000000","2090000000","2706000000","3197000000","3354000000","3109000000","2769000000","2807000000","3072000000","2686000000","2875000000","2519000000","2742000000","3806000000","4446000000","4451000000","4606000000","4661000000","3888000000","3946000000","5275000000","5788000000","6919000000","7697000000","8477000000","8669000000","10390000000","11327000000","11410000000","12635000000","12124000000","12049000000","12951000000","11730000000","10876000000","11853000000","11912000000","12474000000","12242000000",
"Cameroon","CMR","Merchandise exports (current US$)","TX.VAL.MRCH.CD.WT","97000000","98000000","103000000","135000000","125000000","144000000","131000000","121000000","189000000","225000000","226000000","207000000","221000000","353000000","478000000","447000000","511000000","704000000","802000000","1132000000","1384000000","1105000000","1064000000","976000000","886000000","722000000","782000000","806000000","927000000","1682000000","2002000000","1834000000","1840000000","1883000000","1486000000","1651000000","1768000000","1860000000","1671000000","1601000000","1833000000","1749000000","1802000000","2283000000","2477000000","2861000000","3576000000","4230000000","5241000000","3552000000","3878000000","4517000000","4274000000","4515000000","5145000000","4058000000","3305000000","3233000000","3801000000","4411000000","3656000000",
"Congo, Dem. Rep.","COD","Merchandise exports (current US$)","TX.VAL.MRCH.CD.WT","480000000","300000000","341000000","459000000","318000000","306000000","424000000","446000000","570000000","680000000","781000000","687000000","738000000","1013000000","1381000000","865000000","944000000","989000000","931000000","1514000000","2269000000","1678000000","1601000000","1686000000","1928000000","1853000000","1844000000","1813000000","2460000000","2417000000","2326000000","1649000000","1246000000","1144000000","1256000000","1563000000","1547000000","1449000000","1422000000","809000000","807000000","880000000","1132000000","1378000000","1917000000","2403000000","2705000000","3100000000","4400000000","3500000000","5300000000","6600000000","6300000000","6200000000","7915000000","5800000000","5400000000","7700000000","10800000000","6900000000","9200000000",
"Congo, Rep.","COG","Merchandise exports (current US$)","TX.VAL.MRCH.CD.WT","18000000","20000000","35000000","42000000","47000000","47000000","43000000","48000000","49000000","44000000","31000000","40000000","60000000","89000000","229000000","178000000","221000000","267000000","308000000","496000000","911000000","811000000","993000000","640000000","1183000000","1087000000","777000000","973000000","937000000","1247000000","981000000","1029000000","1183000000","1068000000","959000000","1172000000","1345000000","1668000000","1365000000","1560000000","2489000000","2055000000","2280000000","2677000000","3433000000","4745000000","6078000000","6293000000","9170000000","8202000000","6918000000","13824000000","7438000000","10453000000","8673000000","8623000000","7901000000","8252000000","11155000000","5576000000","3340000000",
"Colombia","COL","Merchandise exports (current US$)","TX.VAL.MRCH.CD.WT","465000000","433000000","463000000","446000000","548000000","538000000","507000000","510000000","559000000","607000000","727000000","686000000","808000000","1169000000","1509000000","1465000000","1874000000","2403000000","3010000000","3411000000","3924000000","2916000000","3024000000","3001000000","3462000000","3552000000","5102000000","4642000000","5037000000","5717000000","6721000000","7114000000","6900000000","7116000000","8479000000","10126000000","10587000000","11522000000","10890000000","11575000000","13043000000","12290000000","11911000000","13080000000","16224000000","21190000000","24391000000","29991000000","37626000000","32853000000","39713000000","56915000000","60125000000","58824000000","54857000000","35691000000","31757000000","36897000000","41774000000","39489000000","31008000000",
"Comoros","COM","Merchandise exports (current US$)","TX.VAL.MRCH.CD.WT","3000000","3000000","3000000","5000000","4000000","4000000","4000000","4000000","4000000","5000000","5000000","6000000","6000000","5000000","9000000","10000000","12000000","9000000","9000000","17000000","9000000","16000000","20000000","19000000","7000000","16000000","20000000","12000000","21000000","18000000","18000000","24000000","22000000","22000000","11000000","11000000","6000000","6000000","6000000","9000000","14000000","17000000","19000000","27000000","19000000","12000000","10000000","14000000","7000000","15000000","21000000","26000000","20000000","21000000","26000000","17000000","31000000","39000000","41000000","39000000","26000000",
"Cabo Verde","CPV","Merchandise exports (current US$)","TX.VAL.MRCH.CD.WT","11000000","1000000","1000000","1000000","1000000","1000000","1000000","1000000","1000000","2000000","2000000","2000000","2000000","2000000","2000000","2000000","2000000","2000000","2000000","2000000","5000000","3000000","4000000","3000000","3000000","6000000","4000000","8000000","3000000","7000000","6000000","6000000","5000000","4000000","5000000","8000000","13000000","14000000","10000000","11000000","11000000","10000000","11000000","13000000","15000000","18000000","21000000","19000000","32000000","35000000","44000000","69000000","56000000","69000000","80000000","67000000","60000000","50000000","76000000","62000000","50000000",
"Costa Rica","CRI","Merchandise exports (current US$)","TX.VAL.MRCH.CD.WT","84000000","84000000","93000000","95000000","114000000","112000000","136000000","144000000","171000000","190000000","231000000","225000000","281000000","345000000","440000000","493000000","593000000","828000000","865000000","934000000","1002000000","1008000000","870000000","873000000","1006000000","976000000","1121000000","1158000000","1246000000","1415000000","1448000000","1598000000","1841000000","2626000000","2878000000","3476000000","3758000000","4335000000","5526000000","6662000000","5850000000","5021000000","5264000000","6102000000","6301000000","7026000000","8200000000","9337000000","9504000000","8784000000","9448000000","10408000000","11433000000","11480000000","11250000000","9422000000","10361000000","10769000000","11344000000","11712000000","12174000000",
"Caribbean small states","CSS","Merchandise exports (current US$)","TX.VAL.MRCH.CD.WT","623907264.508783","713893889.19755","734890768.291596","819878136.053209","861871894.2413","872870259.481038","962960079.840319","1003000000","1064000000","1133000000","1293000000","1541000000","1727000000","2084000000","4837000000","5943000000","6599000000","7019000000","6914000000","8324000000","11446000000","12234000000","9565000000","8175000000","7504000000","6616000000","5863000000","5952000000","5704000000","6441000000","4771000000","4593000000","4310000000","4280000000","4599000000","5681000000","5852000000","5987000000","5396000000","6105000000","7784000000","7476000000","7154000000","8755000000","10734000000","14542000000","19801000000","19739000000","25943000000","14444000000","17222000000","22435000000","21385000000","26546000000","21597000000","16766000000","13483000000","15275000000","17706000000","14313000000","11888000000",
"Cuba","CUB","Merchandise exports (current US$)","TX.VAL.MRCH.CD.WT","618000000","625000000","521000000","544000000","714000000","686000000","593000000","705000000","651000000","671000000","1046000000","860000000","835000000","1410000000","2660000000","3677000000","3573000000","4000000000","4487000000","4827000000","5577000000","5406000000","5920000000","6432000000","6213000000","5983000000","6298000000","5401000000","5518000000","5353000000","5100000000","2800000000","1600000000","1000000000","1385000000","1600000000","2015000000","1812000000","1512000000","1496000000","1676000000","1661000000","1421000000","1688000000","2332000000","2319000000","3159000000","3981000000","3957000000","3092000000","4914000000","6440000000","5900000000","5283000000","4857000000","3350000000","2317000000","2402000000","2373000000","2062000000","2183000000",
"Curacao","CUW","Merchandise exports (current US$)","TX.VAL.MRCH.CD.WT","","","","","","","","","","","","","","","","","","","","","","","","","","","","","","","","","","","","","","","","","","","","","","","","","","","","928000000","948000000","705000000","702000000","466000000","419000000","425000000","586000000","398000000","230000000",
"Cayman Islands","CYM","Merchandise exports (current US$)","TX.VAL.MRCH.CD.WT","","","","","","","","","","","","","","","","","","","","","","","","","","","","","","","","","","","","","","","","","","","","","","51000000","17000000","22000000","33000000","28000000","24000000","37000000","39000000","51000000","48000000","65000000","58000000","39000000","41000000","54000000","55000000",
"Cyprus","CYP","Merchandise exports (current US$)","TX.VAL.MRCH.CD.WT","54000000","50000000","58000000","61000000","58000000","71000000","82000000","82000000","89000000","98000000","108000000","115000000","134000000","173000000","152000000","152000000","258000000","318000000","344000000","456000000","532000000","562000000","544000000","503000000","573000000","476000000","451000000","568000000","705000000","791000000","951000000","952000000","987000000","867000000","968000000","1229000000","1391000000","1250000000","1061000000","997000000","951000000","976000000","843000000","923000000","948000000","1465000000","1333000000","1394000000","1633000000","1257000000","1402000000","1818000000","1740000000","2019000000","3163000000","3295000000","2965000000","3288000000","5052000000","3453000000","3056000000",
"Czech Republic","CZE","Merchandise exports (current US$)","TX.VAL.MRCH.CD.WT","","","","","","","","","","","","","","","","","","","","","","","","","","","","","","","","","","14465000000","15940000000","21335000000","22165000000","22360000000","25855000000","26556000000","29094000000","33324000000","38492000000","48702000000","68986000000","78110000000","94929000000","122498000000","146799000000","112955000000","132982000000","162939000000","157041000000","162274000000","175021000000","157878000000","162692000000","182142000000","202238000000","199128000000","191685000000",
"Germany","DEU","Merchandise exports (current US$)","TX.VAL.MRCH.CD.WT","11416000000","12651000000","13244000000","14578000000","16230000000","17913000000","20157000000","21761000000","24888000000","28852000000","34228000000","38845000000","46737000000","67563000000","89368000000","90176000000","102162000000","118072000000","142453000000","171804000000","192860000000","176047000000","176424000000","169417000000","171735000000","183933000000","243326000000","294369000000","323323000000","341231000000","421100000000","402843000000","430042000000","380096000000","426935000000","523461000000","524649000000","512891000000","543752000000","543539000000","551810000000","571645000000","615831000000","751560000000","909887000000","970914000000","1108107000000","1321214000000","1446171000000","1120041000000","1258924000000","1473985000000","1401113000000","1445067000000","1494214000000","1326206000000","1334355000000","1448191000000","1560539000000","1489412000000","1380000000000",
"Djibouti","DJI","Merchandise exports (current US$)","TX.VAL.MRCH.CD.WT","21000000","22000000","25000000","22000000","24000000","28000000","27000000","23000000","12000000","12000000","10000000","5000000","8000000","19000000","21000000","15000000","16000000","19000000","18000000","11000000","13000000","9000000","13000000","11000000","13000000","14000000","20000000","28000000","23000000","25000000","25000000","17000000","16000000","12000000","12000000","14000000","29000000","31000000","28000000","28000000","32000000","32000000","36000000","37000000","38000000","40000000","55000000","58000000","69000000","77000000","85000000","93000000","118000000","120000000","129000000","134000000","1732000000","3162000000","3522000000","3996000000","2837000000",
"Dominica","DMA","Merchandise exports (current US$)","TX.VAL.MRCH.CD.WT","4000000","4000000","4000000","5000000","5000000","6000000","6000000","6000000","6000000","7000000","6000000","6000000","7000000","9000000","10000000","11000000","11000000","12000000","16000000","9000000","10000000","19000000","24000000","27000000","26000000","28000000","43000000","48000000","54000000","45000000","55000000","54000000","53000000","48000000","47000000","45000000","51000000","52000000","62000000","56000000","54000000","44000000","43000000","40000000","42000000","42000000","41000000","37000000","40000000","33000000","37000000","29000000","34000000","35000000","36000000","30000000","18000000","12000000","10000000","18000000","21000000",
"Denmark","DNK","Merchandise exports (current US$)","TX.VAL.MRCH.CD.WT","1494000000","1537000000","1669000000","1908000000","2107000000","2320000000","2453000000","2538000000","2640000000","3019000000","3356000000","3680000000","4432000000","6248000000","7719000000","8712000000","9115000000","10065000000","11883000000","14696000000","16749000000","16095000000","15397000000","16053000000","15980000000","17089000000","21286000000","25675000000","28514000000","29570000000","36870000000","37824000000","41577000000","37754000000","42343000000","50906000000","51415000000","49273000000","49013000000","50296000000","51292000000","51705000000","57495000000","66512000000","77079000000","85121000000","92558000000","103171000000","116923000000","93984000000","96440000000","111864000000","105469000000","110949000000","111493000000","95457000000","95326000000","102506000000","109711000000","110779000000","108074000000",
"Dominican Republic","DOM","Merchandise exports (current US$)","TX.VAL.MRCH.CD.WT","180000000","143000000","172000000","174000000","179000000","126000000","137000000","156000000","183000000","184000000","249000000","243000000","348000000","442000000","637000000","894000000","716000000","780000000","676000000","869000000","1217000000","1457000000","984000000","1083000000","1254000000","1228000000","1312000000","1498000000","1963000000","2241000000","2170000000","2449000000","2831000000","3211000000","3453000000","3780000000","4053000000","4614000000","4989000000","5137000000","5737000000","5276000000","5165000000","5471000000","5936000000","6145000000","6610000000","7160000000","6748000000","5483000000","6754000000","8492000000","9069000000","9651000000","9899000000","9442000000","9840000000","10135000000","10908000000","11219000000","10355000000",
"Algeria","DZA","Merchandise exports (current US$)","TX.VAL.MRCH.CD.WT","394000000","367000000","192000000","759000000","727000000","637000000","621000000","723000000","830000000","934000000","1009000000","857000000","1304000000","1887000000","4687000000","4700000000","5259000000","5944000000","6326000000","9551000000","13871000000","14396000000","13170000000","12583000000","12795000000","12841000000","7832000000","8225000000","7810000000","9570000000","12880000000","12440000000","11510000000","10410000000","8892000000","10258000000","13250000000","13894000000","10209000000","12525000000","22031000000","19133000000","18799000000","23163000000","31304000000","46002000000","54613000000","60163000000","79298000000","45174000000","57053000000","73489000000","71866000000","64974000000","60061000000","34668000000","30026000000","35191000000","41797000000","35824000000","21517000000",
"East Asia & Pacific (excluding high income)","EAP","Merchandise exports (current US$)","TX.VAL.MRCH.CD.WT","6243005769.42781","5492825810.8484","5193161533.91586","5587617571.91889","5963726817.45667","6464186545.25896","6685367321.09012","6301103945.56779","6486610402.7165","7072688495.35666","7508934449.53055","8271345603.0868","10269107449.3037","16881087600.5328","25705894776.3215","24794670750.5471","28343755826.3263","33627632056.3203","39327368915.5269","53737755130.7384","69129694742.8411","72653883098.5072","72633882029.5193","73020902714.435","81717367510.3692","77630149062.694","79618255320.0902","97153192501.7726","117085257801.653","134597445928.319","155920674995.525","180141935195.158","209680252513.88","233028503335.111","289186106614.529","354769811154.909","369467969051.537","416335472531.005","406851370646.966","444093770727.67","542178824417.477","531946714497.876","608374535532.407","753934099222.519","964788126972.249","1189674156568.68","1467927193188.55","1788312235353.26","2083923274257.55","1748109230062.28","2279524299999.88","2733393359731.94","2898158381416.06","3073568404501.14","3234610425695.29","3101796408216.12","2925495385013.79","3220689423863.2","3535313465269.72","3547175466830.83","3624426476997.56",
"Early-demographic dividend","EAR","Merchandise exports (current US$)","TX.VAL.MRCH.CD.WT","15412992037.3971","15677091920.8831","16368050918.3755","18491086415.8559","20309076311.4803","21311222768.5841","22506837744.9858","24204037771.419","25357683386.4914","27706943977.9656","30246602159.8599","34170225622.6575","38682443787.0227","56348737925.8198","118651983808.763","106926981201.711","127317892264.717","147566472592.876","151729646587.143","213683165521.606","312445445783.644","321686113053.741","275274348206.858","239433752925.065","233207204542.259","213783894612.987","176242482329.001","206354329326.191","223254237944.653","255349766441.862","308980927120.621","314135921058.371","331198495693.543","337548575885.221","374617719184.371","442221865295.583","506317862189.369","543401010076.214","495284247741.636","556218208799.586","696773252538.159","650922232426.983","682482571123.806","775137923637.064","951963849176.211","1191724391158.21","1415520703496.38","1614202788787.89","1969577204152.58","1469640432313.36","1886796086291.51","2348858451039.16","2400219276080.36","2376497505181.58","2319768921742.69","1885102531508.19","1824366635333.35","2071186489840.97","2306900706307","2216457078321.76","1896237179052.86",
"East Asia & Pacific","EAS","Merchandise exports (current US$)","TX.VAL.MRCH.CD.WT","15334385673.0131","15027979250.6946","15530284861.0528","17299405220.7341","19372922780.2925","21821160325.178","24106650852.3075","25040939287.5736","28529954057.1212","34189933674.6367","39545516092.2751","47089141748.6335","58316676751.3585","83124546235.726","117859983803.212","118007661652.657","144577619218.161","170897428589.706","205278238396.279","243495658454.767","309807031300.586","343150842362.945","329121452115.472","343913135244.332","396841470898.446","401425232030.357","455279923600.698","544658263751.171","652255603843.67","705842781848.752","764871008655.703","857697962217.553","949014346981.679","1030840158114.01","1189476892045.57","1400578115204.48","1413924192534.08","1493232652061.73","1398304102028.43","1493300652455.73","1771081261967.13","1609334324775.95","1736804063358.81","2054215902500.77","2547819840225.83","2927857562203.26","3416818491107.76","3950750505446.17","4483275517111.63","3683929998553.38","4798361115696.12","5609752657138.82","5761841946070.75","5911973231282.96","6052681498593.78","5632012228455.23","5427360583525.96","6011226570518.1","6502613717961.09","6372275944097.21","6335715007530.46",
"Europe & Central Asia (excluding high income)","ECA","Merchandise exports (current US$)","TX.VAL.MRCH.CD.WT","","","","","","","","","","","","","","","","","","","","","","","","","","","","","","","","","88647987268.9423","89770100859.0207","121759967877.345","152344912189.393","164873660132.816","167261826002.938","149983101290.673","149746920200.801","193495159075.412","197316629928.706","214213207555.641","273900122211.999","371219908724.953","468013609462.613","578314233043.809","705814762202.38","929386058354.233","626698602461.39","794342025774.038","1038228608520.14","1061119481308.53","1064432093723.07","1028632246740.05","759469469932.454","683380525224.462","816755233471.211","966798150194.389","944850590856.576","811141416906.545",
"Europe & Central Asia","ECS","Merchandise exports (current US$)","TX.VAL.MRCH.CD.WT","59329188620.2739","64065523506.4557","67473849724.7928","73564569962.2049","82201213552.4798","91018406471.9993","99275486120.922","105137163319.566","117130244394.294","135751715095.451","157044053789.802","178148157696.494","215006595111.819","293329483374.654","384000114598.721","418191127340.138","458643242317.429","527363860863.432","636351802918.352","792746217136.11","906091105861.493","845909715448.345","815515502694.546","798536880279.579","824637094312.319","866984964115.098","1047976665953.47","1256776083186.68","1393283243490.95","1476499367215.66","1766607382408.82","1743074568420.33","1850885878683.91","1733824954614.24","1998337627614.58","2449029489964.72","2553932073794.54","2546211914116.43","2627464758652.52","2632223435700.89","2780787463215.29","2806493910269.34","2998185514927.48","3589642409436.43","4324835161036.55","4757990448754.14","5419812862316.77","6338338298773.38","7204030384497.16","5485517779041.62","6251311756373.38","7451354156863.78","7277312926580.37","7579809401050.84","7564202842160.38","6475205060194.65","6377761553342.01","7037329220366.26","7781903846919.08","7561604049006.84","6987767050450.46",
"Ecuador","ECU","Merchandise exports (current US$)","TX.VAL.MRCH.CD.WT","146000000","126000000","144000000","120000000","144000000","164000000","155000000","190000000","226000000","193000000","190000000","199000000","326000000","532000000","1124000000","974000000","1258000000","1436000000","1558000000","2104000000","2481000000","2451000000","2327000000","2348000000","2620000000","2905000000","2172000000","1928000000","2192000000","2354000000","2714000000","2852000000","3007000000","2904000000","3820000000","4307000000","4900000000","5264000000","4203000000","4451000000","4927000000","4678000000","5042000000","6223000000","7753000000","10100000000","12728000000","14321000000","18818000000","13863000000","17490000000","22322000000","23765000000","24848000000","25724000000","18331000000","16798000000","19122000000","21628000000","22329000000","20227000000",
"Egypt, Arab Rep.","EGY","Merchandise exports (current US$)","TX.VAL.MRCH.CD.WT","568000000","485000000","401000000","522000000","539000000","605000000","605000000","566000000","622000000","745000000","762000000","789000000","825000000","1121000000","1516000000","1402000000","1522000000","1708000000","1737000000","1840000000","3046000000","3233000000","3120000000","3215000000","3140000000","3714000000","2934000000","4351000000","5706000000","6764000000","2585000000","3659000000","3051000000","3105000000","3463000000","3435000000","3535000000","3921000000","3130000000","3559000000","5276000000","4825000000","5546000000","7408000000","9661000000","12912000000","16728000000","19224000000","26224000000","23062000000","26438000000","30528000000","29409000000","29018000000","26853000000","21349000000","25468000000","25604000000","27624000000","28993000000","26118000000",
"Euro area","EMU","Merchandise exports (current US$)","TX.VAL.MRCH.CD.WT","34255339441.312","37307170577.2205","39291762390.4903","42921728449.8556","48574603256.9888","54339047961.6312","59977272176.1622","64405132048.0176","73081663774.5165","85491842677.2579","100631539678.659","115195355693.927","141478518822.308","195898708527.582","259775292273.258","277917233789.452","309020441883.964","356178445533.184","429963337752.607","539270282189.104","600132224764.708","558434384281.468","540830006816.909","527500221486.213","544197389178.096","571533141036.514","719412841857.33","864375947781.643","960017270226.253","1027555375153.82","1254985539867.37","1238271467645.56","1325284718016.12","1234834054171.39","1404414993688.28","1737074802153.94","1790206738133.75","1760671079798","1863097317837.57","1859640000000","1925922000000","1954834000000","2086206000000","2505671000000","2981524000000","3197115000000","3576202000000","4222939000000","4670717000000","3633295000000","4044115000000","4718123000000","4515082000000","4674842000000","4758394000000","4139154000000","4162776000000","4562713000000","4996530000000","4836673000000","4491421000000",
"Eritrea","ERI","Merchandise exports (current US$)","TX.VAL.MRCH.CD.WT","","","","","","","","","","","","","","","","","","","","","","","","","","","","","","","","","16000000","42000000","78000000","86000000","98000000","57000000","28000000","21000000","37000000","19000000","52000000","7000000","11000000","11000000","12000000","13000000","11000000","11000000","13000000","430000000","480000000","316000000","630000000","499000000","436000000","583000000","669000000","768000000","556000000",
"Spain","ESP","Merchandise exports (current US$)","TX.VAL.MRCH.CD.WT","725000000","710000000","737000000","735000000","920000000","935000000","1254000000","1362000000","1589000000","1900000000","2388000000","2964000000","3817000000","5198000000","7091000000","7690000000","8730000000","10223000000","13114000000","18208000000","20720000000","20334000000","20498000000","19734000000","23508000000","24247000000","27206000000","34192000000","40341000000","44492000000","55642000000","60177000000","64334000000","64603000000","76696000000","97849000000","107243000000","100756000000","111973000000","104433000000","115251000000","116660000000","125687000000","156147000000","182623000000","192644000000","213717000000","253297000000","281493000000","227338000000","254418000000","306551000000","295250000000","317833000000","324533000000","282274000000","289981000000","319531000000","346754000000","334018000000","306995000000",
"Estonia","EST","Merchandise exports (current US$)","TX.VAL.MRCH.CD.WT","","","","","","","","","","","","","","","","","","","","","","","","","","","","","","","","","444000000","805000000","1303000000","1840000000","2078000000","2936000000","3245000000","3017000000","3830000000","4015000000","4336000000","5622000000","5932000000","7716000000","9692000000","11010000000","12458000000","9048000000","11591000000","16709000000","16087000000","16320000000","16042000000","12836000000","13171000000","14559000000","17017000000","16111000000","16375000000",
"Ethiopia","ETH","Merchandise exports (current US$)","TX.VAL.MRCH.CD.WT","78000000","76000000","80000000","90000000","105000000","116000000","111000000","101000000","106000000","119000000","122000000","126000000","167000000","239000000","269000000","240000000","280000000","333000000","306000000","418000000","425000000","380000000","399000000","403000000","417000000","333000000","455000000","355000000","429000000","465000000","298000000","189000000","169000000","199000000","372000000","422000000","417000000","587000000","561000000","467000000","486000000","455000000","480000000","496000000","678000000","903000000","1043000000","1277000000","1602000000","1618000000","2330000000","2875000000","3370000000","2973000000","3275000000","2914000000","2789000000","3022000000","2704000000","2788000000","3476000000",
"European Union","EUU","Merchandise exports (current US$)","TX.VAL.MRCH.CD.WT","42827468887.0011","46698814737.1108","49431330277.3778","54088232020.1045","61301576430.6151","68311759834.4144","74826456116.29","80470946086.0856","90440508154.3127","105223857409.338","123211507209.105","139979062296.344","171769245157.624","237172416579.288","311882619452.849","337601674230.24","371596154014.337","423302887566.882","507230956783.838","633655793915.759","708347938033.168","659338731180.846","636281085591.373","625531610991.827","645830781579.064","675100639284.864","837531250167.325","999216937358.512","1109212821081.05","1176927513290.18","1402165349397.44","1381437283351.59","1475087735411.94","1370865624739.59","1570094302251.4","1942363720191.65","2005870099222.53","1977061281392.51","2090752144359.79","2090572000000","2173075000000","2203120000000","2363858000000","2851237000000","3422983000000","3691903000000","4155400000000","4924317000000","5482737000000","4257814000000","4769308000000","5585478000000","5335779000000","5536175000000","5653032000000","4929051000000","4969739000000","5466719000000","5993400000000","5824934000000","5457767000000",
"Fragile and conflict affected situations","FCS","Merchandise exports (current US$)","TX.VAL.MRCH.CD.WT","5454286281.84939","5260479155.08317","5788656819.23727","6461657391.30459","7090998116.13336","7491390861.5405","7645797638.35975","8298565598.29213","9189865406.55217","10497531075.0627","11472955954.8312","12960585383.9104","13862533935.3993","21033397625.7495","45794920255.9416","41032802283.9716","48520998522.5434","53584475927.8917","51213000810.8127","85497694510.6219","114340880420.456","82511786909.2346","68239276359.5222","59576523742.8012","63663511394.0581","63873291635.6677","42635438139.923","49926632628.76","49289837783.671","62712193592.4707","75654342954.3587","57371360914.6237","54434754749.2524","52330323669.1444","53466572101.4222","62519440736.086","73970597804.033","77924783591.4972","60595448381.6119","78609419670.4741","117459423917.114","98594812921.6912","101146732041.372","111602898422.251","162187991849.222","223596546689.783","273293947196.474","326029711275.831","435764433656.796","293888216746.526","376327155080.551","461993130395.385","496662642393.362","448368435922.097","415571223974.327","252105820361.775","204352890061.411","263757176566.287","341938075689.213","305410697672.252","187094943728.579",
"Finland","FIN","Merchandise exports (current US$)","TX.VAL.MRCH.CD.WT","989000000","1054000000","1104000000","1149000000","1291000000","1427000000","1505000000","1513000000","1635000000","1987000000","2306000000","2367000000","2913000000","3837000000","5490000000","5502000000","6342000000","7665000000","8570000000","11172000000","14150000000","14005000000","13088000000","12518000000","13472000000","13617000000","16356000000","20037000000","21748000000","23298000000","26571000000","23080000000","23981000000","23495000000","29703000000","40490000000","41124000000","41471000000","43752000000","42243000000","46102000000","43237000000","45145000000","53171000000","61520000000","65498000000","77206000000","90025000000","96455000000","62854000000","69518000000","79142000000","73077000000","74437000000","74333000000","59817000000","57908000000","68073000000","75869000000","73468000000","66060000000",
"Fiji","FJI","Merchandise exports (current US$)","TX.VAL.MRCH.CD.WT","46000000","40000000","48000000","63000000","73000000","62000000","57000000","63000000","68000000","72000000","87000000","87000000","95000000","122000000","190000000","203000000","172000000","224000000","251000000","314000000","470000000","400000000","377000000","306000000","332000000","307000000","336000000","380000000","431000000","494000000","497000000","450000000","443000000","450000000","572000000","619000000","748000000","622000000","512000000","609000000","585000000","537000000","515000000","668000000","693000000","701000000","694000000","755000000","922000000","630000000","841000000","1069000000","1221000000","1108000000","1373000000","895000000","926000000","956000000","1041000000","1033000000","822000000",
"France","FRA","Merchandise exports (current US$)","TX.VAL.MRCH.CD.WT","6866000000","7224000000","7411000000","8204000000","9106000000","10176000000","10982000000","11547000000","12903000000","15194000000","18099000000","20811000000","26449000000","36669000000","46259000000","53100000000","56874000000","65130000000","79371000000","100692000000","116030000000","106424000000","96694000000","94943000000","97566000000","101674000000","124948000000","148382000000","167787000000","179397000000","216588000000","217100000000","235871000000","221619000000","250571000000","301162000000","305509000000","302144000000","320631000000","325526000000","327611000000","323379000000","331719000000","392039000000","452106000000","463428000000","495868000000","559612000000","616240000000","484781000000","523767000000","596473000000","568708000000","580963000000","581393000000","506264000000","501179000000","535298000000","582222000000","570951000000","488345000000",
"Faroe Islands","FRO","Merchandise exports (current US$)","TX.VAL.MRCH.CD.WT","","","","","","","","","","","","","","","","","","","","","178000000","169000000","150000000","170000000","159000000","179000000","249000000","345000000","348000000","346000000","418000000","435000000","439000000","327000000","326000000","362000000","416000000","388000000","437000000","468000000","474000000","514000000","536000000","594000000","616000000","599000000","651000000","746230000","852091000","761744000","838963000","1007684000","951985000","1087447000","1134581833.62147","1022985112.60634","1191679731.68217","1305756809.93165","","","",
"Micronesia, Fed. Sts.","FSM","Merchandise exports (current US$)","TX.VAL.MRCH.CD.WT","","","","","","","","","","","","","","","","","","","","","","","","","","","","","3000000","2000000","4000000","10000000","24000000","30000000","11000000","21000000","18000000","17000000","24000000","18000000","22000000","26000000","27000000","28000000","17000000","19000000","18000000","22000000","27000000","25000000","30000000","73000000","52000000","35000000","32000000","40000000","49000000","46000000","47000000","49000000","46000000",
"Gabon","GAB","Merchandise exports (current US$)","TX.VAL.MRCH.CD.WT","47000000","55000000","59000000","73000000","95000000","105000000","101000000","120000000","125000000","142000000","144000000","179000000","228000000","331000000","768000000","943000000","1135000000","1343000000","1107000000","1848000000","2173000000","2201000000","2161000000","2000000000","2011000000","1951000000","1271000000","1286000000","1196000000","1598000000","2204000000","2243000000","2082000000","2295000000","2350000000","2713000000","3184000000","3024000000","1916000000","2394000000","2598000000","2524000000","2409000000","3062000000","3728000000","5065000000","5450000000","6309000000","9566000000","5356000000","8686000000","9766000000","9493000000","10039000000","8290000000","5113000000","4345000000","5468000000","6504000000","6620000000","4903000000",
"United Kingdom","GBR","Merchandise exports (current US$)","TX.VAL.MRCH.CD.WT","10609000000","11074000000","11374000000","12258000000","12880000000","13810000000","14770000000","14493000000","15461000000","17645000000","19430000000","22098000000","23985000000","29637000000","38197000000","43423000000","45356000000","55860000000","67887000000","86397000000","110134000000","102244000000","96984000000","91619000000","93881000000","101252000000","107093000000","131257000000","145165000000","152345000000","185172000000","184964000000","190003000000","181381000000","205079000000","237953000000","258527000000","280406000000","273949000000","272167000000","283173000000","274676000000","281409000000","308651000000","349734000000","393458000000","453735000000","446805000000","477475000000","358158000000","420182000000","510380000000","478780000000","546755000000","510789000000","465850000000","410856000000","440997000000","486439000000","469684000000","403319000000",
"Georgia","GEO","Merchandise exports (current US$)","TX.VAL.MRCH.CD.WT","","","","","","","","","","","","","","","","","","","","","","","","","","","","","","","","","68000000","69000000","155000000","151000000","199000000","240000000","191000000","238000000","323000000","318000000","346000000","461000000","647000000","865000000","936000000","1232000000","1495000000","1134000000","1677000000","2189000000","2376000000","2910000000","2861000000","2204000000","2117000000","2746000000","3380000000","3798000000","3342000000",
"Ghana","GHA","Merchandise exports (current US$)","TX.VAL.MRCH.CD.WT","325000000","322000000","322000000","305000000","321000000","318000000","268000000","303000000","332000000","327000000","458000000","492000000","441000000","657000000","738000000","816000000","832000000","1014000000","1093000000","995000000","1258000000","1065000000","874000000","1158000000","528000000","617000000","863000000","977000000","1009000000","1018000000","897000000","617000000","1252000000","974000000","1425000000","1724000000","1669000000","1635000000","1795000000","1720000000","1671000000","1716000000","1850000000","2324000000","2450000000","2802000000","3727000000","4195000000","5270000000","5840000000","7960000000","12785000000","13552000000","13752000000","13217000000","10321000000","11138000000","13835000000","14943000000","15668000000","14481000000",
"Gibraltar","GIB","Merchandise exports (current US$)","TX.VAL.MRCH.CD.WT","","","","","","","","","","","","","","","","","","","","","","","","","","","","","","","","","","","","","","","","","","","","","","","","","","","","","","","","","307000000","","","","",
"Guinea","GIN","Merchandise exports (current US$)","TX.VAL.MRCH.CD.WT","51000000","58000000","48000000","55000000","43000000","54000000","58000000","51000000","53000000","57000000","56000000","50000000","60000000","60000000","112000000","161000000","237000000","314000000","343000000","372000000","401000000","430000000","459000000","488000000","517000000","492000000","530000000","544000000","511000000","595000000","671000000","687000000","517000000","561000000","516000000","702000000","709000000","685000000","693000000","636000000","666000000","731000000","709000000","609000000","744000000","853000000","1033000000","1203000000","1342000000","1050000000","1471000000","1433000000","1928000000","1886000000","2066000000","1781000000","2414000000","4594000000","3978000000","3945000000","4900000000",
"Gambia, The","GMB","Merchandise exports (current US$)","TX.VAL.MRCH.CD.WT","8000000","9000000","10000000","9000000","9000000","14000000","16000000","18000000","13000000","16000000","17000000","13000000","19000000","25000000","43000000","44000000","35000000","47000000","39000000","58000000","31000000","27000000","44000000","48000000","49000000","43000000","35000000","40000000","58000000","27000000","31000000","38000000","57000000","67000000","35000000","16000000","21000000","15000000","21000000","12000000","16000000","9000000","17000000","5000000","18000000","7000000","11000000","13000000","14000000","66000000","68000000","102000000","126000000","134000000","125000000","115000000","105000000","124000000","140000000","133000000","100000000",
"Guinea-Bissau","GNB","Merchandise exports (current US$)","TX.VAL.MRCH.CD.WT","4000000","9000000","8000000","7000000","6000000","4000000","3000000","4000000","4000000","4000000","4000000","2000000","3000000","4000000","4000000","7000000","6000000","13000000","12000000","13000000","11000000","14000000","12000000","9000000","17000000","12000000","10000000","17000000","16000000","14000000","19000000","20000000","6000000","28000000","33000000","24000000","28000000","48000000","27000000","51000000","62000000","63000000","54000000","65000000","76000000","89000000","74000000","107000000","128000000","122000000","127000000","242000000","131000000","153000000","166000000","252000000","277000000","339000000","339000000","249000000","171000000",
"Equatorial Guinea","GNQ","Merchandise exports (current US$)","TX.VAL.MRCH.CD.WT","34000000","23000000","25000000","28000000","33000000","27000000","30000000","36000000","36000000","38000000","25000000","28000000","19000000","19000000","34000000","26000000","10000000","14000000","17000000","29000000","14000000","11000000","12000000","13000000","15000000","17000000","24000000","39000000","49000000","41000000","62000000","37000000","50000000","57000000","62000000","127000000","232000000","497000000","439000000","709000000","1097000000","1735000000","2117000000","2801000000","4599000000","7064000000","8207000000","10210000000","15218000000","9100000000","10000000000","13500000000","15500000000","14700000000","12800000000","6500000000","4900000000","5200000000","6500000000","5200000000","3200000000",
"Greece","GRC","Merchandise exports (current US$)","TX.VAL.MRCH.CD.WT","203000000","223000000","250000000","290000000","309000000","328000000","406000000","495000000","468000000","554000000","643000000","662000000","870000000","1456000000","2030000000","2294000000","2561000000","2756000000","3368000000","3885000000","5153000000","4246000000","4298000000","4413000000","4816000000","4539000000","5648000000","6533000000","5429000000","7545000000","8105000000","8666000000","9510000000","8442000000","9404000000","11054000000","11711000000","11326000000","10867000000","11070000000","11751000000","11507000000","10414000000","13382000000","15308000000","18436000000","21533000000","26558000000","31281000000","25149000000","28017000000","33779000000","35324000000","36140000000","35960000000","28554000000","28151000000","32627000000","39502000000","37907000000","35094000000",
"Grenada","GRD","Merchandise exports (current US$)","TX.VAL.MRCH.CD.WT","4000000","3000000","4000000","5000000","4000000","6000000","6000000","5000000","5000000","8000000","6000000","5000000","5000000","7000000","10000000","12000000","13000000","14000000","17000000","21000000","17000000","19000000","19000000","19000000","18000000","23000000","31000000","32000000","33000000","28000000","27000000","23000000","20000000","20000000","23000000","22000000","20000000","23000000","35000000","36000000","48000000","43000000","38000000","42000000","32000000","28000000","25000000","33000000","31000000","29000000","25000000","31000000","35000000","37000000","37000000","33000000","30000000","30000000","31000000","32000000","19000000",
"Greenland","GRL","Merchandise exports (current US$)","TX.VAL.MRCH.CD.WT","8000000","8000000","9000000","11000000","10000000","13000000","15000000","13000000","12000000","14000000","14000000","19000000","22000000","31000000","92000000","87000000","86000000","92000000","102000000","165000000","186000000","186000000","172000000","181000000","169000000","174000000","260000000","346000000","391000000","418000000","452000000","341000000","333000000","313000000","285000000","371000000","369000000","293000000","255000000","277000000","273000000","268000000","303000000","347000000","381000000","402000000","396000000","431000000","487000000","360000000","380000000","491000000","475000000","542000000","559000000","406000000","575000000","596000000","699000000","826000000","788000000",
"Guatemala","GTM","Merchandise exports (current US$)","TX.VAL.MRCH.CD.WT","113000000","110000000","109000000","152000000","165000000","186000000","226000000","198000000","227000000","255000000","290000000","283000000","327000000","436000000","572000000","624000000","760000000","1160000000","1089000000","1241000000","1520000000","1226000000","1120000000","1159000000","1129000000","1057000000","1044000000","987000000","1022000000","1108000000","1163000000","1202000000","1295000000","1340000000","1550000000","1991000000","2056000000","2391000000","2563000000","2494000000","2711000000","2466000000","4162000000","4459000000","5036000000","5381000000","6025000000","6898000000","7737000000","7214000000","8463000000","10401000000","9979000000","10025000000","10803000000","10677000000","10447000000","10990000000","10769000000","11175000000","11567000000",
"Guam","GUM","Merchandise exports (current US$)","TX.VAL.MRCH.CD.WT","8000000","8000000","6000000","7000000","7000000","8000000","7000000","8000000","9000000","1000000","6000000","10000000","16000000","20000000","20000000","28000000","25000000","31000000","34000000","25000000","61000000","77000000","60000000","39000000","92000000","13000000","22000000","32000000","45000000","63000000","82000000","73000000","77000000","106000000","85000000","85000000","73000000","89000000","86000000","76000000","74000000","61000000","50000000","43000000","53000000","52000000","53000000","91000000","105000000","51000000","46000000","43000000","46000000","45000000","41000000","32000000","33000000","33000000","34000000","32000000","39000000",
"Guyana","GUY","Merchandise exports (current US$)","TX.VAL.MRCH.CD.WT","74000000","86000000","95000000","102000000","95000000","97000000","109000000","113000000","115000000","126000000","136000000","151000000","147000000","136000000","270000000","365000000","279000000","259000000","296000000","293000000","396000000","352000000","256000000","189000000","210000000","206000000","214000000","242000000","230000000","227000000","257000000","248000000","292000000","414000000","456000000","455000000","546000000","596000000","484000000","523000000","498000000","478000000","487000000","513000000","593000000","553000000","588000000","679000000","795000000","763000000","880000000","1129000000","1416000000","1375000000","1167000000","1151000000","1441000000","1437000000","1377000000","1567000000","2465000000",
"High income","HIC","Merchandise exports (current US$)","TX.VAL.MRCH.CD.WT","93585460434.2597","99356721570.5474","104448447813.508","113841768177.766","128584166027.841","140439338157.44","155237146673.662","164678393098.888","185329258202.29","213005182004.547","247257394482.814","278574523399.344","333253215969.59","458419641772.69","654906471253.877","688615267898.793","779220021326.356","880379377779.372","1036818268183.93","1301341610749.49","1577622302539.17","1580937615739.44","1453522410026.08","1406794357039.53","1501132987052.48","1531470548383.45","1741014717182.68","2052376961818.88","2363749565796.48","2549632017088.39","2935102335391.55","3015081276904.7","3228225881045.83","3201229410989.82","3612512581491.9","4297470159114.11","4466276900106.75","4578353185010.63","4537598446714.41","4670661867621.82","5152482068708.99","4931159871633.48","5121474606664.8","5936336498233.76","7094091021427.87","7852292649347.54","8885837912025.11","10146410844629","11428228392526.1","8884440487085.19","10536411527146.1","12450219285108.9","12417081982029.1","12743967006310","12708120362458.5","11075063045994.1","10884561346752.6","11924686663732.7","13053427710274.4","12619283350596.7","11545070287012.5",
"Hong Kong SAR, China","HKG","Merchandise exports (current US$)","TX.VAL.MRCH.CD.WT","689000000","688000000","768000000","873000000","1012000000","1143000000","1324000000","1527000000","1744000000","2177000000","2515000000","2875000000","3436000000","5071000000","5968000000","6026000000","8484000000","9616000000","11453000000","15140000000","20323000000","21775000000","21343000000","22454000000","28337000000","30077000000","36081000000","48712000000","63493000000","73336000000","82390000000","98659000000","119586000000","135385000000","151465000000","173871000000","180914000000","188195000000","174864000000","174403000000","202683000000","191066000000","201928000000","228708000000","265543000000","292119000000","322669000000","349386000000","370242000000","329422000000","400692000000","455573000000","492907000000","535546000000","524130000000","510486000000","516635000000","549865000000","568456000000","534887000000","548773000000",
"Honduras","HND","Merchandise exports (current US$)","TX.VAL.MRCH.CD.WT","63000000","73000000","81000000","83000000","95000000","127000000","143000000","155000000","181000000","168000000","179000000","189000000","205000000","259000000","289000000","295000000","400000000","513000000","608000000","734000000","830000000","761000000","660000000","672000000","725000000","780000000","854000000","791000000","842000000","859000000","934000000","949000000","1031000000","1173000000","1378000000","1769000000","2007000000","2440000000","2929000000","2777000000","3343000000","3423000000","3745000000","3754000000","4534000000","5048000000","5277000000","5784000000","6199000000","4827000000","6264000000","7977000000","8359000000","7833000000","8117000000","8226000000","7960000000","8656000000","8586000000","8718000000","7733000000",
"Heavily indebted poor countries (HIPC)","HPC","Merchandise exports (current US$)","TX.VAL.MRCH.CD.WT","2949741911.06858","2822623749.30892","2983773544.9255","3400160594.46894","3704443438.36607","3864592303.57509","4276975631.48831","4361053785.72304","4952603656.58885","5523133988.89597","6022598262.26659","6226788065.40809","6382933208.98688","8408816353.88095","11082301472.464","9921222199.6986","11840005790.9841","13983998723.9699","14044054548.4232","17051850423.1301","20137718869.6263","17585346330.3576","16424267057.5922","15891772080.7723","16646473608.0698","16172032594.888","16720542458.2289","17096892291.4701","17610369590.5465","19490116895.9374","20285856569.9447","17771519386.1631","17806551950.4276","17938556042.1639","19138593239.7665","23786737318.4809","25267783226.5222","25962804770.1337","26047807404.9639","25439788558.1785","27637856691.7874","28056869679.9503","30881957249.3066","36120119616.8423","46296435052.5129","54780698039.5637","66795070449.5624","76962385606.251","96010976056.1973","83524589015.1416","102694183215.846","131128064582.043","125617893783.051","131336071029.628","133748145796.809","110721432036.81","107770340561.705","125802899517.682","138722299980.872","131394072827.512","126632925246.023",
"Croatia","HRV","Merchandise exports (current US$)","TX.VAL.MRCH.CD.WT","","","","","","","","","","","","","","","","","","","","","","","","","","","","","","","","","4597000000","3913000000","4260000000","4517000000","4643000000","3981000000","4517000000","4303000000","4432000000","4666000000","4906000000","6187000000","8028000000","8795000000","10361000000","12340000000","14112000000","10403000000","11806000000","13338000000","12371000000","12659000000","13835000000","12925000000","13813000000","16069000000","17402000000","17180000000","17069000000",
"Haiti","HTI","Merchandise exports (current US$)","TX.VAL.MRCH.CD.WT","33000000","32000000","43000000","41000000","40000000","37000000","36000000","34000000","36000000","37000000","40000000","47000000","44000000","53000000","72000000","80000000","124000000","149000000","155000000","185000000","226000000","152000000","178000000","166000000","179000000","168000000","184000000","214000000","179000000","144000000","160000000","166000000","73000000","80000000","82000000","110000000","90000000","212000000","320000000","334000000","318000000","274000000","280000000","347000000","391000000","470000000","509000000","522000000","480000000","576000000","579000000","767000000","815000000","885000000","950000000","882000000","986000000","980000000","1078000000","1200000000","721000000",
"Hungary","HUN","Merchandise exports (current US$)","TX.VAL.MRCH.CD.WT","874000000","1029000000","1100000000","1206000000","1352000000","1510000000","1594000000","1702000000","1790000000","2084000000","2317000000","2500000000","3292000000","4433000000","5130000000","6091000000","4934000000","5832000000","6408000000","7930000000","8610000000","8730000000","8860000000","8770000000","8620000000","8470000000","9170000000","9580000000","10000000000","9670000000","10000000000","10185000000","10705000000","8905000000","10700000000","12865000000","15705000000","19100000000","23005000000","25032000000","28192000000","30436000000","34517000000","43094000000","55567000000","62936000000","75255000000","95400000000","108504000000","83008000000","95483000000","112312000000","103570000000","107503000000","110622000000","98524000000","101919000000","113806000000","124705000000","123796000000","120365000000",
"IBRD only","IBD","Merchandise exports (current US$)","TX.VAL.MRCH.CD.WT","26944325888.1417","26967121426.1181","27571203182.4936","30615547279.2459","33830857910.8216","35684462744.7039","37845357748.9601","39622499729.2046","42462875506.0625","46885044789.5341","51097069664.9069","55415308833.5035","62103383039.0845","90912582464.5936","149852378490.451","148206627990.068","166517743724.03","190219520361.397","209703561677.519","284164349584.156","371191544677.27","351702662788.122","339889188933.513","339299821161.664","359552950662.477","348123303988.763","312838457347.37","371183595593.642","421152670862.734","468774298587.891","507273317823.056","518727927861.368","566196358404.519","597269344108.879","722863051315.97","876790585070.954","948868550949.622","1033605205827.81","986259384067.895","1066413377071.89","1316621905261.3","1284132405890.39","1398568678080.06","1685197994188.92","2172402193185.02","2706140502565.98","3315414067015.63","3978991281323.48","4827573834180.38","3741553846826.73","4818391817377.82","5926623845378.21","6140566236880.39","6309916546781.65","6375911667548.89","5587139945788.88","5281824440566.36","5950882356327.97","6637194244128.75","6522902429343.76","6202989947776.3",
"IDA & IBRD total","IBT","Merchandise exports (current US$)","TX.VAL.MRCH.CD.WT","32230884959.353","32141978461.9583","33023064647.6775","36809569575.1793","40704358057.2004","43074621088.4407","45604795512.763","47277496564.9436","50268876032.683","55878283408.6386","61205679056.147","66515948485.3286","74966024607.7481","108186075652.469","177471563648.379","172883919065.366","196958249302.8","225166463541.041","243009830796.241","331457889744.997","433001319882.002","401491385218.05","380909888962.724","377981153475.355","400715066615.138","389570481190.25","347557612191.572","409932435450","461658340263.242","516624963680.578","563086988449.716","570841780062.841","619980717730.953","650390584415.676","779084015607.603","945920712187.126","1027795745223.31","1111955125820.91","1055905771588.87","1141411662111.68","1406580735257.72","1370923827014.55","1492065539495.34","1794266145856.66","2314791818618.58","2879744087145.44","3520833570057.47","4212315396014.82","5116333382130.35","3974966030732.01","5119544137318.73","6305275827963.15","6500336220415.33","6655693079608.04","6739127619629.49","5867126841983.71","5545876003014.98","6257537963230.04","6986662606614.98","6875770660276.39","6512202927878.43",
"IDA total","IDA","Merchandise exports (current US$)","TX.VAL.MRCH.CD.WT","5238351089.04148","5127641922.18229","5402155468.57804","6137580648.42838","6810873132.59243","7322620607.97216","7688638669.83315","7585837300.60676","7736085455.62995","8912087932.16482","10016920230.0045","10999746507.2238","12745110413.3203","17146601498.7036","27434783245.4464","24571495140.981","30242859469.7639","34716125999.3394","33203320483.2894","47091316815.6694","61544682800.7628","49752813420.6913","41160048839.6693","38876077884.1022","41364270505.5852","41603817000.2","34921904871.6124","39049390324.9064","40931541354.0229","48258247521.3189","56157801007.2088","52584955592.3945","54373033927.8901","53624433968.0126","56566991705.038","69580396270.7204","79548595736.4578","78778222093.5368","69888338359.4789","75249848598.4354","90183484640.1471","86979642706.5993","93668310769.1614","109157694149.508","142563243392.922","173697244317.155","205297788711.781","232721213901.487","288224335429.253","233329793939.533","301065685261.007","378830187669.396","358828950712.01","343982500720.834","361881181771.649","277492798846.944","261671791384.281","304291055786.324","347088643470.385","350855204421.358","306387391113.291",
"IDA blend","IDB","Merchandise exports (current US$)","TX.VAL.MRCH.CD.WT","1506803471.44562","1580440110.82334","1590331599.69498","1800250974.63744","2189316203.58839","2544310748.64815","2508041956.11883","2409127067.40248","1988189263.19849","2515735336.35232","3120215211.84108","3847789171.06573","5326017230.21552","7472470315.36016","14793271134.6886","12907293923.1637","16424267744.1892","18745470466.066","17187011441.6241","27397226065.7888","38627363098.0509","29167802573.8113","22214085897.0524","20132477016.733","22075605052.8496","22599853963.0462","15604373222.1626","19193884628.2468","19881892631.9849","24500118880.719","29562363074.3576","29086472554.2001","30398743411.1703","28499447045.5122","28685476073.4281","34089319287.5675","40764360859.1327","39059094769.903","31541921792.3958","35007462554.3786","43691817658.6489","39476159848.6179","40947389418.8564","51269000000","70229000000","88317000000","101516000000","115156000000","145474000000","108830000000","143231000000","190563000000","180128000000","159848000000","173674000000","113305000000","92302000000","108021000000","131791000000","132802000000","96460000000",
"Indonesia","IDN","Merchandise exports (current US$)","TX.VAL.MRCH.CD.WT","841000000","784000000","682000000","696000000","724000000","708000000","679000000","665000000","731000000","854000000","1108000000","1234000000","1777000000","3211000000","7426000000","7102000000","8547000000","10853000000","11643000000","15591000000","21909000000","22260000000","22293000000","21152000000","21902000000","18590000000","16075000000","17135000000","19465000000","22160000000","25675000000","29142000000","33967000000","36823000000","40055000000","45417000000","49814000000","56298000000","50370000000","51243000000","65403000000","57361000000","59166000000","64108000000","70767000000","86996000000","103527000000","118013000000","139606000000","119646000000","157779000000","203497000000","190032000000","182552000000","176293000000","150366000000","144490000000","168811000000","180215000000","167683000000","163306000000",
"IDA only","IDX","Merchandise exports (current US$)","TX.VAL.MRCH.CD.WT","3725548737.09318","3537332098.50764","3804257513.22895","4328982687.46743","4605033757.39289","4753325654.46028","5160558017.94536","5159417311.04484","5748022071.71235","6387958642.90319","6876181196.32508","7113448231.63291","7341589611.73659","9570599719.36211","12482675885.5468","11521120615.3118","13643778543.6754","15769725714.6964","15822353597.2179","19426267135.7152","22574072359.027","20300889783.8071","18704732187.6166","18513017994.5257","19045435696.4808","18760603181.0316","19102402199.5707","19620578275.7533","20802633214.8677","23470592281.4897","26264501796.659","23193501294.6853","23660065564.9566","24923180599.6532","27769213795.9277","35440196181.6632","38595300856.2662","39627685447.0717","38492277030.1567","40323096273.3107","46461599245.6676","47668909707.8881","53013270687.3177","57970219153.9814","72201458300.2095","85017193002.2874","103562554866.85","117310869828.19","142226538273.856","124729658472.928","157925866942.144","187625704312.77","178120683189.314","184516745726.945","188206286499.491","165640849086.947","171804034850.976","199050617362.369","217841733978.798","220655572229.413","213627415592.006",
"Isle of Man","IMN","Merchandise exports (current US$)","TX.VAL.MRCH.CD.WT","","","","","","","","","","","","","","","","","","","","","","","","","","","","","","","","","","","","","","","","","","","","","","","","","","","","","","","","","","","","","",
"India","IND","Merchandise exports (current US$)","TX.VAL.MRCH.CD.WT","1332000000","1386000000","1403000000","1626000000","1705000000","1687000000","1954000000","1613000000","1761000000","1835000000","2026000000","2036000000","2448000000","2917000000","3926000000","4355000000","5549000000","6378000000","6671000000","7806000000","8586000000","8295000000","9358000000","9148000000","9451000000","9140000000","9399000000","11298000000","13234000000","15872000000","17969000000","17727000000","19628000000","21572000000","25022000000","30630000000","33105000000","35008000000","33437000000","35667000000","42379000000","43361000000","49250000000","58963000000","76649000000","99616000000","121808000000","150159000000","194828000000","164909000000","226351000000","302905000000","296828000000","314848000000","322694000000","267951000000","264542000000","299241000000","324778000000","324340000000","276227000000",
"Not classified","INX","Merchandise exports (current US$)","TX.VAL.MRCH.CD.WT","","","","","","","","","","","","","","","","","","","","","","","","","","","","","","","","","","","","","","","","","","","","","","","","","","","","","","","","","","","","","",
"Ireland","IRL","Merchandise exports (current US$)","TX.VAL.MRCH.CD.WT","427000000","505000000","488000000","549000000","549000000","618000000","684000000","790000000","798000000","891000000","1120000000","1312000000","1607000000","2131000000","2658000000","3192000000","3315000000","4404000000","5691000000","7143000000","8398000000","7678000000","8063000000","8592000000","9642000000","10358000000","12658000000","15999000000","18723000000","20667000000","23743000000","24224000000","28331000000","28992000000","33996000000","44705000000","48339000000","53348000000","64330000000","71239000000","77413000000","82835000000","88265000000","92755000000","104788000000","109657000000","108726000000","121543000000","125719000000","115928000000","116497000000","125740000000","116773000000","116637000000","121057000000","123361000000","130864000000","137359000000","164794000000","169583000000","178732000000",
"Iran, Islamic Rep.","IRN","Merchandise exports (current US$)","TX.VAL.MRCH.CD.WT","636000000","756000000","822000000","919000000","1252000000","1305000000","1310000000","1929000000","1881000000","2100000000","2403000000","3824000000","1799000000","2669000000","8402000000","7963000000","8935000000","9216000000","8560000000","8310000000","12338000000","11831000000","20452000000","21507000000","17087000000","14175000000","7171000000","11916000000","10709000000","13081000000","19305000000","18661000000","19868000000","18080000000","19434000000","18360000000","22391000000","18381000000","13118000000","21030000000","28739000000","25689000000","28237000000","33750000000","41697000000","56252000000","77012000000","88733000000","113668000000","78830000000","101316000000","132000000000","108341000000","90765000000","95160000000","70275000000","72903000000","92764000000","103422000000","65718000000","54243000000",
"Iraq","IRQ","Merchandise exports (current US$)","TX.VAL.MRCH.CD.WT","654000000","662000000","692000000","781000000","840000000","882000000","934000000","822000000","1039000000","1045000000","1098000000","1556000000","1086000000","1942000000","6602000000","8298000000","9273000000","9650000000","11064000000","21572000000","26349000000","10530000000","10250000000","8161000000","9317000000","10409000000","7465000000","9705000000","9609000000","12284000000","10314000000","377000000","518000000","457000000","453000000","496000000","731000000","4602000000","5500000000","13067000000","20380000000","12872000000","12219000000","9711000000","17810000000","23697000000","29361000000","41268000000","61273000000","41929000000","52483000000","83226000000","94392000000","93066000000","88112000000","57577000000","46830000000","63604000000","92831000000","82309000000","39345000000",
"Iceland","ISL","Merchandise exports (current US$)","TX.VAL.MRCH.CD.WT","73000000","76000000","84000000","94000000","111000000","129000000","140000000","97000000","80000000","108000000","147000000","150000000","189000000","290000000","331000000","306000000","401000000","512000000","641000000","782000000","918000000","894000000","685000000","740000000","739000000","815000000","1099000000","1375000000","1424000000","1385000000","1592000000","1549000000","1528000000","1399000000","1623000000","1802000000","1897000000","1851000000","1931000000","2004000000","1901000000","2019000000","2229000000","2381000000","2839000000","3091000000","3453000000","4783000000","5382000000","4057000000","4604000000","5347000000","5064000000","4998000000","5053000000","4732000000","4436000000","4878000000","5556000000","5223000000","4586000000",
"Israel","ISR","Merchandise exports (current US$)","TX.VAL.MRCH.CD.WT","217000000","245000000","279000000","352000000","372000000","430000000","503000000","555000000","639000000","729000000","779000000","958000000","1147000000","1449000000","1825000000","1941000000","2415000000","3082000000","3921000000","4546000000","5538000000","5670000000","5255000000","5108000000","5807000000","6260000000","7154000000","8454000000","9752000000","11072000000","12080000000","11921000000","13119000000","14826000000","16884000000","19046000000","20610000000","22503000000","22993000000","25794000000","31404000000","29048000000","29347000000","31784000000","38618000000","42770000000","46789000000","54092000000","60825000000","47935000000","58415000000","67648000000","63191000000","66607000000","68507000000","64063000000","60571000000","61150000000","61952000000","58507000000","49627000000",
"Italy","ITA","Merchandise exports (current US$)","TX.VAL.MRCH.CD.WT","3657000000","4184000000","4667000000","5056000000","5962000000","7198000000","8038000000","8706000000","10186000000","11728000000","13205000000","15105000000","18609000000","22226000000","30465000000","34988000000","37265000000","45305000000","56090000000","72233000000","78104000000","77070000000","73791000000","72877000000","74564000000","76717000000","97204000000","116711000000","127859000000","140556000000","170304000000","169465000000","178155000000","169229000000","191362000000","233766000000","252293000000","240414000000","245801000000","235564000000","240518000000","244490000000","254427000000","299333000000","353782000000","373135000000","416875000000","499882000000","542748000000","406909000000","447301000000","523258000000","501306000000","518268000000","529797000000","456990000000","461737000000","507418000000","549526000000","537718000000","496108000000",
"Jamaica","JAM","Merchandise exports (current US$)","TX.VAL.MRCH.CD.WT","159000000","172000000","182000000","202000000","216000000","214000000","228000000","226000000","220000000","254000000","342000000","339000000","391000000","390000000","604000000","759000000","630000000","768000000","833000000","818000000","963000000","974000000","767000000","718000000","705000000","566000000","589000000","706000000","880000000","998000000","1158000000","1118000000","1047000000","1071000000","1212000000","1427000000","1383000000","1383000000","1312000000","1240000000","1295000000","1220000000","1114000000","1180000000","1402000000","1532000000","1948000000","2254000000","2439000000","1316000000","1328000000","1623000000","1712000000","1569000000","1452000000","1263000000","1202000000","1310000000","1961000000","1586000000","1126000000",
"Jordan","JOR","Merchandise exports (current US$)","TX.VAL.MRCH.CD.WT","11000000","15000000","17000000","18000000","24000000","28000000","29000000","32000000","40000000","41000000","34000000","32000000","48000000","73000000","155000000","153000000","207000000","249000000","298000000","403000000","574000000","733000000","752000000","580000000","752000000","789000000","733000000","930000000","1019000000","1107000000","1064000000","1130000000","1215000000","1246000000","1424000000","1769000000","1816000000","1836000000","1802000000","1832000000","1899000000","2293000000","2770000000","3082000000","3883000000","4302000000","5204000000","5725000000","7938000000","6375000000","7028000000","8006000000","7887000000","7920000000","8385000000","7833000000","7549000000","7511000000","7750000000","8317000000","7832000000",
"Japan","JPN","Merchandise exports (current US$)","TX.VAL.MRCH.CD.WT","4055000000","4236000000","4916000000","5452000000","6673000000","8451000000","9776000000","10442000000","12971000000","15990000000","19318000000","23995000000","29088000000","37017000000","55469000000","55819000000","67304000000","81083000000","98211000000","102299000000","130441000000","151495000000","138385000000","146965000000","169700000000","177164000000","210757000000","231286000000","264856000000","273932000000","287581000000","314786000000","339885000000","362244000000","397005000000","443116000000","410901000000","420957000000","387927000000","417610000000","479249000000","403496000000","416726000000","471817000000","565675000000","594941000000","646725000000","714327000000","781412000000","580719000000","769774000000","823184000000","798568000000","715097000000","690203000000","624921000000","645052000000","698329000000","738143000000","705564000000","641376000000",
"Kazakhstan","KAZ","Merchandise exports (current US$)","TX.VAL.MRCH.CD.WT","","","","","","","","","","","","","","","","","","","","","","","","","","","","","","","","","3245000000","3277000000","3231000000","5250000000","5911000000","6497000000","5334000000","5872000000","8812000000","8639000000","9670000000","12927000000","20093000000","27849000000","38250000000","47755000000","71172000000","43196000000","59971000000","84336000000","86449000000","84700000000","79460000000","45956000000","36685000000","48304000000","60956000000","57309000000","46447000000",
"Kenya","KEN","Merchandise exports (current US$)","TX.VAL.MRCH.CD.WT","112000000","117000000","126000000","198000000","222000000","228000000","260000000","242000000","252000000","271000000","305000000","314000000","359000000","477000000","603000000","606000000","790000000","1186000000","1023000000","1090000000","1245000000","1139000000","1025000000","869000000","1074000000","958000000","1200000000","961000000","1067000000","951000000","1032000000","1108000000","1339000000","1374000000","1587000000","1879000000","2068000000","2054000000","2008000000","1747000000","1734000000","1944000000","2116000000","2411000000","2684000000","3420000000","3502000000","4081000000","5001000000","4463000000","5169000000","5756000000","6127000000","5856000000","6115000000","5906000000","5695000000","5747000000","6052000000","5839000000","6034000000",
"Kyrgyz Republic","KGZ","Merchandise exports (current US$)","TX.VAL.MRCH.CD.WT","","","","","","","","","","","","","","","","","","","","","","","","","","","","","","","","","317000000","340000000","340000000","409000000","505000000","604000000","514000000","463000000","511000000","476000000","486000000","582000000","719000000","672000000","891000000","1321000000","1856000000","1673000000","1756000000","1979000000","1894000000","2058000000","1897000000","1441000000","1573000000","1764000000","1837000000","1986000000","1965000000",
"Cambodia","KHM","Merchandise exports (current US$)","TX.VAL.MRCH.CD.WT","70000000","63000000","54000000","89000000","88000000","105000000","67000000","83000000","89000000","64000000","39000000","11000000","7000000","15000000","19000000","5000000","4000000","15000000","15000000","15000000","16000000","10000000","12000000","15000000","18000000","20000000","21000000","22000000","32000000","44000000","86000000","213000000","265000000","284000000","490000000","855000000","644000000","736000000","800000000","1129000000","1389000000","1500000000","1923000000","2118000000","2798000000","3092000000","3692000000","4088000000","4708000000","4196000000","5143000000","6704000000","7838000000","6666000000","6846000000","8542000000","10069000000","11278000000","12700000000","14825000000","17069000000",
"Kiribati","KIR","Merchandise exports (current US$)","TX.VAL.MRCH.CD.WT","2000000","1000000","1000000","1000000","3000000","4000000","5000000","7000000","8000000","8000000","8000000","10000000","8000000","17000000","34000000","36000000","22000000","20000000","25000000","25000000","3000000","4000000","2000000","3000000","11000000","4000000","2000000","2000000","5000000","5000000","3000000","6000000","5000000","3000000","5000000","7000000","5000000","6000000","6000000","9000000","4000000","5000000","3000000","3000000","2000000","4000000","6000000","10000000","8000000","6000000","4000000","9000000","6000000","7000000","10000000","10000000","11000000","15000000","8000000","12000000","12000000",
"St. Kitts and Nevis","KNA","Merchandise exports (current US$)","TX.VAL.MRCH.CD.WT","6000000","10000000","5000000","8000000","10000000","9000000","9000000","9000000","7000000","9000000","4000000","4000000","6000000","7000000","11000000","21000000","17000000","14000000","16000000","16000000","24000000","22000000","17000000","17000000","19000000","18000000","24000000","27000000","26000000","25000000","28000000","27000000","26000000","27000000","22000000","19000000","22000000","41000000","28000000","28000000","33000000","31000000","39000000","41000000","40000000","34000000","40000000","34000000","51000000","38000000","32000000","45000000","46000000","56000000","57000000","55000000","51000000","50000000","54000000","58000000","55000000",
"Korea, Rep.","KOR","Merchandise exports (current US$)","TX.VAL.MRCH.CD.WT","32000000","41000000","56000000","87000000","118000000","173000000","251000000","321000000","457000000","624000000","836000000","1067000000","1625000000","3221000000","4462000000","4945000000","7716000000","10048000000","12722000000","15057000000","17512000000","21268000000","21853000000","24446000000","29245000000","30282000000","34715000000","47281000000","60696000000","62377000000","65016000000","71870000000","76632000000","82236000000","96013000000","125058000000","129715000000","136164000000","132313000000","143685000000","172268000000","150439000000","162471000000","193817000000","253845000000","284419000000","325465000000","371489000000","422007000000","363534000000","466384000000","555214000000","547870000000","559632000000","573091000000","526757000000","495426000000","573694000000","604860000000","542233000000","512498000000",
"Kuwait","KWT","Merchandise exports (current US$)","TX.VAL.MRCH.CD.WT","962000000","962000000","1077000000","1136000000","1251000000","1284000000","1342000000","1355000000","1439000000","1540000000","1693000000","2507000000","2989000000","3815000000","10963000000","9184000000","9846000000","9754000000","10427000000","18404000000","19663000000","16044000000","10864000000","11504000000","11623000000","10597000000","7383000000","8264000000","7661000000","11476000000","7042000000","1088000000","6571000000","10248000000","11260000000","12785000000","14889000000","14224000000","9554000000","12164000000","19436000000","16203000000","15369000000","20678000000","28599000000","44869000000","56016000000","62691000000","87457000000","54008000000","69978000000","102103000000","118912000000","115104000000","102111000000","54122000000","46273000000","55015000000","71938000000","64483000000","35959000000",
"Latin America & Caribbean (excluding high income)","LAC","Merchandise exports (current US$)","TX.VAL.MRCH.CD.WT","5825000000","5937000000","6229000000","6741000000","7452000000","7866000000","8268000000","8227000000","8755000000","9769000000","11350000000","11236000000","13433000000","19394000000","26656000000","27656000000","31672000000","39165000000","43745000000","54713000000","71974000000","79243000000","74499000000","78439000000","87898000000","84026000000","75302000000","83177000000","98202000000","106916000000","113613000000","113712000000","121413000000","131879000000","154893000000","188268000000","211930000000","239396000000","243443000000","258201000000","303075000000","296246000000","302367000000","330426000000","394573000000","469811000000","550467000000","623511000000","716967000000","573186000000","734510000000","905956000000","921437000000","922096000000","907335000000","802576000000","786351000000","875145000000","955701000000","951652000000","863318000000",
"Lao PDR","LAO","Merchandise exports (current US$)","TX.VAL.MRCH.CD.WT","1000000","1000000","1000000","1000000","1000000","1000000","1000000","4000000","6000000","4000000","7000000","6000000","4000000","5000000","10000000","12000000","12000000","4000000","3000000","19000000","28000000","23000000","40000000","41000000","44000000","54000000","55000000","62000000","63000000","63000000","79000000","97000000","133000000","241000000","301000000","311000000","323000000","359000000","370000000","311000000","330000000","320000000","301000000","335000000","363000000","553000000","882000000","923000000","1092000000","1053000000","1746000000","2190000000","2271000000","2264000000","2662000000","3653000000","4245000000","4873000000","5408000000","5806000000","6050000000",
"Lebanon","LBN","Merchandise exports (current US$)","TX.VAL.MRCH.CD.WT","43000000","41000000","59000000","57000000","65000000","87000000","103000000","118000000","147000000","165000000","190000000","245000000","377000000","921000000","1636000000","1233000000","546000000","760000000","830000000","850000000","955000000","920000000","800000000","760000000","378000000","288000000","550000000","650000000","780000000","485000000","494000000","539000000","560000000","452000000","470000000","656000000","736000000","643000000","662000000","677000000","715000000","1093000000","1238000000","1813000000","2199000000","2337000000","2814000000","3574000000","4454000000","4187000000","5021000000","5664000000","5615000000","5170000000","4548000000","3982000000","3930000000","4026000000","3830000000","4829000000","4022000000",
"Liberia","LBR","Merchandise exports (current US$)","TX.VAL.MRCH.CD.WT","83000000","62000000","68000000","81000000","126000000","135000000","150000000","159000000","169000000","196000000","214000000","222000000","244000000","324000000","400000000","394000000","460000000","447000000","504000000","537000000","600000000","529000000","477000000","428000000","452000000","436000000","408000000","382000000","396000000","460000000","868000000","311000000","590000000","440000000","353000000","820000000","630000000","430000000","425000000","469000000","329000000","128000000","176000000","109000000","104000000","131000000","158000000","200000000","242000000","149000000","222000000","367000000","460000000","559000000","444000000","283000000","279000000","358000000","517000000","528000000","411000000",
"Libya","LBY","Merchandise exports (current US$)","TX.VAL.MRCH.CD.WT","9000000","16000000","137000000","374000000","700000000","790000000","995000000","1168000000","1871000000","2164000000","2357000000","2694000000","2938000000","4003000000","8259000000","6834000000","9554000000","11411000000","9895000000","16076000000","21910000000","15571000000","13203000000","12216000000","11148000000","12314000000","8215000000","8043000000","6673000000","8034000000","13225000000","11235000000","9942000000","8590000000","8954000000","8975000000","9903000000","9656000000","6659000000","7947000000","12038000000","10634000000","9851000000","12878000000","17425000000","28849000000","37473000000","46929000000","61950000000","37055000000","48935000000","19060000000","61026000000","46018000000","20826000000","11392000000","9446000000","18865000000","29830000000","25732000000","7769000000",
"St. Lucia","LCA","Merchandise exports (current US$)","TX.VAL.MRCH.CD.WT","3000000","5000000","4000000","5000000","6000000","7000000","7000000","7000000","6000000","8000000","9000000","6000000","8000000","10000000","16000000","17000000","21000000","25000000","29000000","36000000","58000000","46000000","46000000","55000000","49000000","57000000","87000000","79000000","115000000","109000000","127000000","110000000","123000000","120000000","106000000","109000000","80000000","61000000","62000000","56000000","43000000","44000000","44000000","62000000","80000000","64000000","94000000","98000000","164000000","166000000","215000000","160000000","182000000","174000000","161000000","180000000","120000000","127000000","62000000","82000000","69000000",
"Latin America & Caribbean","LCN","Merchandise exports (current US$)","TX.VAL.MRCH.CD.WT","9895063605.58829","10071761169.9738","10520049435.1741","11134128007.699","12179043234.1269","12672051253.2765","13249094819.8586","13995215423.9079","14340978286.4579","16040342765.489","18136734632.4324","17907680370.1753","20328020408.0252","29617806844.4233","48295545829.6153","46704164074.2196","53356554290.9147","62251494808.5648","66920929554.8628","87600166498.3489","115967991511.598","125960211018.918","113129900128.774","113363317329.36","124859659825.501","118269441479.99","102145112151.674","114050635042.565","131684789259.856","146440696415.3","156792126559.078","155693335807.621","164191589459.634","175245188431.988","205145078197.353","249855571297.636","282158364920.893","314767107493.262","309979263808.358","330986330856.884","398907929569.555","382402262454.134","387440621829.078","424725458291.002","523927868442.906","638531794379.875","762029385936.953","856998731119.833","990140108429.65","767504582065.499","970981910538.601","1207563308439.57","1220266168293.64","1215674111224.18","1177825405469.63","1002910035265.59","968110415430.16","1081337802137.38","1180352901098.93","1147889112515.49","1036364851199.28",
"Least developed countries: UN classification","LDC","Merchandise exports (current US$)","TX.VAL.MRCH.CD.WT","2895164648.90086","2661936822.80815","2829008678.99956","3286494030.18142","3499538679.01611","3609424866.30979","4023180000.09926","3977207207.45598","4390962341.24546","5016640836.24417","5398999916.52116","5615408428.23219","5631106454.98843","7427474190.06141","9477572204.62839","8040478016.57","8837916037.83682","10121492745.8652","9972239640.28053","12827238331.3936","15205693178.2469","13882116384.0899","12884375872.324","13016414104.404","13803319374.6228","13399750907.217","12639466248.3046","14154711443.868","15996857746.2747","17213952095.2058","19256285394.637","17324693838.2407","17544047675.4058","18818469765.8216","19738649321.9231","25075690747.3118","28204301238.0569","28531948987.5127","26463938516.9216","29508509487.5141","37009302608.9843","36064655850.813","39825158429.7943","45403680501.6976","59099555172.4643","79760894098.7914","100856178576.541","124967810073.496","161812765447.007","125617664808.592","161580902382.766","200713644229.587","201173115989.918","205984806368.93","200327560319.866","156283150442.478","156255497049.495","184358789464.318","208426813687.722","202612156017.063","182344346144.722",
"Low income","LIC","Merchandise exports (current US$)","TX.VAL.MRCH.CD.WT","1928999082.47812","1724752120.80396","1896218705.91313","2241673443.55954","2198806797.28224","2225283255.27704","2450963540.08984","2487526267.79694","2797679061.45029","3099006369.10537","3498674806.45541","3405376811.6166","3908429513.51775","4909491782.46391","6554814529.28348","6056804962.23848","7040216259.18811","8161052980.96787","7915200156.73047","10560324388.7822","12796954697.4855","11629594486.1674","11180253452.4457","11292588710.8762","11712977358.4044","10706592414.3216","11202257265.9527","10947476267.4508","12362668904.5844","14532939773.6422","16548025852.7032","14161191134.9188","12045350751.9047","12478969503.1732","12943808804.5331","16604707381.9095","17966848419.2277","17850060435.5528","14850574993.4446","15938668979.9611","20347704442.8595","20921237511.204","23151772367.7293","25397339340.9653","33641877198.4176","41034209670.0434","48987355726.6433","56053606897.3152","70515659489.6232","55815405663.2851","71460370209.0536","79704908066.5059","65751634809.0196","65515746208.3296","68159086116.0625","49343501261.0185","47317634455.0919","58788295821.9821","62553262899.663","58277203853.8203","59224227206.5907",
"Liechtenstein","LIE","Merchandise exports (current US$)","TX.VAL.MRCH.CD.WT","","","","","","","","","","","","","","","","","","","","","","","","","","","","","","","","","","","","","","","","","","","","","","","","","","","","","","","","","","","","","",
"Sri Lanka","LKA","Merchandise exports (current US$)","TX.VAL.MRCH.CD.WT","385000000","380000000","380000000","364000000","394000000","409000000","357000000","348000000","342000000","322000000","342000000","344000000","338000000","410000000","527000000","569000000","572000000","761000000","845000000","981000000","1062000000","1088000000","1031000000","1063000000","1467000000","1333000000","1215000000","1393000000","1476000000","1545000000","1912000000","1987000000","2455000000","2859000000","3208000000","3798000000","4095000000","4639000000","4809000000","4594000000","5430000000","4816000000","4699000000","5125000000","5757000000","6347000000","6886000000","7740000000","8452000000","7345000000","8602000000","10236000000","9380000000","10208000000","11298000000","10547000000","10310000000","11360000000","11890000000","11940000000","10137000000",
"Lower middle income","LMC","Merchandise exports (current US$)","TX.VAL.MRCH.CD.WT","9405088314.64817","9504330317.96832","9132445448.38401","10893718364.4504","12228577837.6797","12784769284.8586","13311515302.4809","13577614739.9547","13922235322.9126","15574451092.4734","17599642303.0835","20330433251.5852","21303222998.4157","30534189132.467","57514612359.0652","53903805389.2923","63323114658.8757","73013638043.6254","73553913780.9804","96804066677.5539","129586534725.03","119841750866.327","119111374704.344","116200595110.186","115887423539.997","110002586534.417","86884733125.3986","103845333162.987","112195860031.12","131356691615","153053925678.219","155203164819.274","167315693192.068","169846185833.861","187679705151.647","220651153760.73","250759913778.208","263607492078.178","242123819673.298","270147349692.556","332292006472.506","310319045454.8","334939568168.902","388621232950.32","484621883868.579","603219398651.281","729558320435.364","856081347025.995","1077446364937.16","833764642649.775","1083104586029.68","1392233565905.32","1364696889921.73","1353175330968.53","1376448579883.12","1132148505582.44","1113618957145.24","1298305094630.32","1437951592105.03","1409225238866.09","1272071160266.97",
"Low & middle income","LMY","Merchandise exports (current US$)","TX.VAL.MRCH.CD.WT","27892869977.9202","27556204251.1155","28031429681.8092","31683222208.2722","35128892861.1814","37291677034.7885","39546250457.1428","40248438210.0592","43078989168.3025","47785482897.8177","52870607278.4152","57938521174.8727","65337881989.5103","94792810469.5208","153478805861.351","151796417647.343","173179766013.032","201985952805.631","218837246566.307","297693626112.505","388670510565.052","360515700760.337","349088146981.962","350079433742.751","370618895426.297","361296268278.261","326099357324.9","383606451341.365","432042421822.245","482341310408.993","522152254097.867","530089536230.746","576140716564.383","607579687595.674","728755890954.896","882274143434.591","957269806286.72","1038481539456.82","986615323772.009","1069000355282.67","1313709404044.74","1281658670436.91","1398023145156.33","1681134610238.03","2153997699009.95","2675022043550.75","3262169670691.79","3909900858848.5","4753941319754.29","3705964509158.86","4801367725111.87","5916749291768.31","6116250128846.3","6254331395355.75","6341512022222.43","5545444261447.86","5232020415363.97","5894439415113.54","6581415617907.78","6493109323094.68","6138858713469.04",
"Lesotho","LSO","Merchandise exports (current US$)","TX.VAL.MRCH.CD.WT","4000000","4000000","5000000","5000000","6000000","7000000","6000000","6000000","5000000","7000000","6000000","4000000","8000000","13000000","14000000","12000000","17000000","14000000","32000000","45000000","58000000","50000000","37000000","31000000","29000000","23000000","26000000","47000000","64000000","66000000","62000000","67000000","109000000","133000000","143000000","160000000","187000000","196000000","194000000","172000000","220000000","280000000","358000000","476000000","708000000","651000000","718000000","830000000","884000000","734000000","878000000","1172000000","972000000","847000000","826000000","929000000","881000000","1028000000","1221000000","1063000000","934000000",
"Late-demographic dividend","LTE","Merchandise exports (current US$)","TX.VAL.MRCH.CD.WT","14519860146.7353","14354248054.8063","14457455590.3563","15499131646.8375","17163653179.4866","18524260147.5838","19619735554.1386","19898123693.7581","21344295847.6259","23857019964.971","26510745867.3183","29986379610.447","36817132750.5488","53383034773.1034","89320412796.716","92401964627.9158","103821904069.625","113470282622.845","126708783548.043","170357874582.155","218400918677.102","216372782800.45","192430010592.892","192225402194.717","210312305977.297","205578792391.435","195407002959.329","231379966557.036","268697290675.071","303648038209.816","326807774873.713","345046669061.008","393428775049.185","421731192271.96","523907307002.256","639281102298.508","679810727145.772","735989089493.788","710663615931.332","757708942267.499","935483935196.325","942321858096.941","1041929432191.61","1298566069460.29","1695958977044.67","2115001224319.95","2596674149674.8","3152039809256.1","3837958289692.57","3031285002562.51","3851320333201.17","4787396932557.64","5035272020904.93","5265289252717.87","5337148602017.56","4722460155624.97","4440274803418.43","4943049823585.21","5608286191027.52","5552187278991.99","5363550860955.33",
"Lithuania","LTU","Merchandise exports (current US$)","TX.VAL.MRCH.CD.WT","","","","","","","","","","","","","","","","","","","","","","","","","","","","","","","","","2029000000","2025000000","2030000000","2705000000","3355000000","3860000000","3710000000","3004000000","3810000000","4583000000","5475000000","7162000000","9302000000","11807000000","14142000000","17144000000","23646000000","16454000000","20748000000","28050000000","29611000000","32598000000","32319000000","25392000000","25010000000","29901000000","33337000000","33151000000","32767000000",
"Luxembourg","LUX","Merchandise exports (current US$)","TX.VAL.MRCH.CD.WT","","","","","","","","","","","","","","","","","","","","","","","","","","","","","","","","","","","","","","","","8203000000","8378000000","9759000000","10214000000","13297000000","16250000000","19120000000","22980000000","22933000000","25694000000","21339000000","19748000000","20866000000","18833000000","18441000000","19099000000","17139000000","15796000000","15761000000","16412000000","16464000000","13799000000",
"Latvia","LVA","Merchandise exports (current US$)","TX.VAL.MRCH.CD.WT","","","","","","","","","","","","","","","","","","","","","","","","","","","","","","","","","778000000","998000000","991000000","1305000000","1443000000","1672000000","1811000000","1723000000","1868000000","2001000000","2285000000","2893000000","4009000000","5161000000","6155000000","8308000000","10144000000","7702000000","9532000000","13130000000","14112000000","14467000000","14715000000","12286000000","12294000000","14126000000","16166000000","15705000000","16178000000",
"Macao SAR, China","MAC","Merchandise exports (current US$)","TX.VAL.MRCH.CD.WT","11000000","14000000","17000000","21000000","22000000","21000000","24000000","25000000","28000000","37000000","42000000","49000000","72000000","100000000","110000000","133000000","188000000","219000000","258000000","389000000","613000000","686000000","722000000","763000000","913000000","906000000","1046000000","1402000000","1505000000","1643000000","1701000000","1665000000","1766000000","1787000000","1866000000","1997000000","1996000000","2148000000","2141000000","2200000000","2539000000","2300000000","2356000000","2581000000","2812000000","2476000000","2557000000","2543000000","1997000000","961000000","870000000","869000000","1021000000","1138000000","1241000000","1339000000","1257000000","1406000000","1510000000","1586000000","1353000000",
"St. Martin (French part)","MAF","Merchandise exports (current US$)","TX.VAL.MRCH.CD.WT","","","","","","","","","","","","","","","","","","","","","","","","","","","","","","","","","","","","","","","","","","","","","","","","","","","","127000000","131000000","164000000","132000000","129000000","132000000","123000000","148000000","181000000","214000000",
"Morocco","MAR","Merchandise exports (current US$)","TX.VAL.MRCH.CD.WT","354000000","342000000","349000000","384000000","432000000","430000000","428000000","424000000","450000000","485000000","488000000","502000000","643000000","910000000","1708000000","1543000000","1261000000","1302000000","1508000000","1959000000","2441000000","2386000000","2062000000","2006000000","2171000000","2165000000","2433000000","2807000000","3626000000","3337000000","4265000000","4284000000","3973000000","3696000000","5556000000","6881000000","6881000000","7032000000","7153000000","7503000000","7432000000","7144000000","7849000000","8778000000","9925000000","11190000000","12744000000","15340000000","20345000000","14054000000","17771000000","21654000000","21446000000","21972000000","23920000000","22334000000","22661000000","25272000000","28609000000","29132000000","27159000000",
"Monaco","MCO","Merchandise exports (current US$)","TX.VAL.MRCH.CD.WT","","","","","","","","","","","","","","","","","","","","","","","","","","","","","","","","","","","","","","","","","","","","","","","","","","","","","","","","","","","","","",
"Moldova","MDA","Merchandise exports (current US$)","TX.VAL.MRCH.CD.WT","","","","","","","","","","","","","","","","","","","","","","","","","","","","","","","","","470000000","483000000","565000000","745000000","795000000","875000000","630000000","465000000","472000000","568000000","644000000","790000000","985000000","1091000000","1052000000","1342000000","1591000000","1283000000","1541000000","2217000000","2162000000","2428000000","2340000000","1967000000","2045000000","2425000000","2706000000","2779000000","2485000000",
"Madagascar","MDG","Merchandise exports (current US$)","TX.VAL.MRCH.CD.WT","75000000","78000000","94000000","82000000","92000000","92000000","98000000","104000000","116000000","111000000","145000000","147000000","166000000","203000000","244000000","301000000","275000000","338000000","388000000","394000000","401000000","316000000","308000000","263000000","334000000","274000000","315000000","331000000","274000000","316000000","319000000","335000000","327000000","335000000","450000000","507000000","509000000","516000000","538000000","584000000","824000000","928000000","486000000","856000000","992000000","855000000","985000000","1238000000","1310000000","1052000000","1149000000","1590000000","1516000000","1923000000","2196000000","2048000000","2254000000","2848000000","3110000000","2696000000","1987000000",
"Maldives","MDV","Merchandise exports (current US$)","TX.VAL.MRCH.CD.WT","2000000","2000000","2000000","2000000","2000000","2000000","2000000","3000000","2000000","3000000","4000000","4000000","3000000","4000000","4000000","3000000","3000000","3000000","4000000","5000000","8000000","9000000","10000000","13000000","18000000","23000000","25000000","31000000","40000000","45000000","78000000","76000000","65000000","53000000","75000000","85000000","80000000","90000000","96000000","91000000","109000000","110000000","132000000","152000000","181000000","162000000","225000000","228000000","331000000","169000000","198000000","346000000","314000000","331000000","301000000","240000000","256000000","318000000","339000000","361000000","286000000",
"Middle East & North Africa","MEA","Merchandise exports (current US$)","TX.VAL.MRCH.CD.WT","5338061745.81476","5440120283.41047","5756301635.17757","7163108535.76155","8201704241.88259","8745015868.49504","9509454326.56486","10541046015.3999","12146967121.6853","13432704580.6117","14753462125.9679","19901414831.1632","21409279695.4449","31849267747.1471","93756775964.0263","86169424095.514","103672463293.178","113617167265.372","112424483178.959","172387876312.03","255743686606.376","243546690789.791","194922801642.721","155388125785.058","144554912191.443","132982274487.208","93247483849.9458","111342862795.224","112630601401.946","140110362936.54","173812693542.778","158287788941.454","167479060768.456","160410006179.106","168503648440.005","187821728688.636","223429151996.66","229143429528.122","179335861459.722","226059660774.495","323108324862.932","290207453948.99","302768658664.446","365097408492.382","481665268182.947","653497825981.588","796056593246.527","927080744615.355","1245027108738.52","859242834905.047","1077267887278.62","1435153159114.24","1569657306500.3","1537982138611.41","1417110810585.56","998957971151.878","925746979609.325","1064631639520.82","1322923787845.39","1211263743124.5","872581485539.247",
"Mexico","MEX","Merchandise exports (current US$)","TX.VAL.MRCH.CD.WT","764000000","826000000","930000000","985000000","1054000000","1145000000","1199000000","1145000000","1254000000","1430000000","1402000000","1504000000","1694000000","2250000000","2958000000","2904000000","3417000000","4167000000","6005000000","8982000000","18031000000","23307000000","24055000000","25953000000","29101000000","26757000000","21804000000","27600000000","30691000000","35171000000","40711000000","42688000000","46196000000","51886000000","60882000000","79542000000","96000000000","110431000000","117460000000","136391000000","166367000000","158547000000","160682000000","165396000000","187980000000","214207000000","249961000000","271821000000","291265000000","229712000000","298305000000","349569000000","370770000000","380015000000","396912000000","380550000000","373948000000","409433000000","450713000000","460704000000","417670000000",
"Marshall Islands","MHL","Merchandise exports (current US$)","TX.VAL.MRCH.CD.WT","","","","","","","","","","","","","","","","","","","","","","","","","","","","","2000000","2000000","3000000","11000000","9000000","8000000","22000000","23000000","19000000","16000000","6000000","8000000","9000000","13000000","14000000","15000000","20000000","25000000","18000000","18000000","20000000","21000000","32000000","50000000","107000000","65000000","55000000","52000000","36000000","40000000","41000000","55000000","44000000",
"Middle income","MIC","Merchandise exports (current US$)","TX.VAL.MRCH.CD.WT","26089790562.4016","25938929674.2714","26257794733.2739","29589306012.8166","33067106638.425","35201872224.7522","37247307491.4798","37914994367.4609","40458617955.0321","44882759296.224","49595506285.353","54738871225.3719","61667697296.8737","90155925847.0411","147231541814.504","146002883667.791","166452405438.03","194184975035.256","211223203824.872","287523102687.141","376287385123.109","349264813364.044","338272868912.98","339154581747.595","359290046956.591","350948907544.298","315254270733.212","373031394154.153","420099899870.371","468293585343.762","506147514070.072","516421585615.475","564557513411.528","595558339928.182","716091823196.333","866132334665.705","939798647699.054","1020950995646.05","971787987731.827","1053066656878.65","1293468933292.05","1260984333952.01","1375184713892.25","1655789213425.68","2120568773536.14","2634153195091.24","3213243864397.88","3853562188092","4683397569344.41","3650241100524.16","4729911518424.3","5835922534496.86","6047094482816.54","6185102771247.29","6269821641705.13","5491629078425.93","5180586738630.62","5831753015178.08","6514093651257.92","6429663886146.32","6075304762276.58",
"North Macedonia","MKD","Merchandise exports (current US$)","TX.VAL.MRCH.CD.WT","","","","","","","","","","","","","","","","","","","","","","","","","","","","","","","","","1199000000","1055000000","1086000000","1204000000","1147000000","1237000000","1311000000","1191000000","1323000000","1158000000","1116000000","1367000000","1676000000","2041000000","2401000000","3398000000","3991000000","2708000000","3351000000","4478000000","4015000000","4299000000","4969000000","4536000000","4790000000","5668000000","6911000000","7189000000","6635000000",
"Mali","MLI","Merchandise exports (current US$)","TX.VAL.MRCH.CD.WT","13000000","14000000","10000000","11000000","17000000","16000000","13000000","11000000","11000000","17000000","33000000","29000000","34000000","58000000","64000000","53000000","84000000","125000000","112000000","148000000","205000000","154000000","145000000","165000000","132000000","123000000","211000000","178000000","214000000","246000000","359000000","312000000","342000000","478000000","335000000","441000000","433000000","561000000","556000000","571000000","545000000","725000000","874000000","928000000","976000000","1101000000","1550000000","1556000000","2097000000","1774000000","1996000000","2374000000","2610000000","2339000000","2776000000","2717000000","2826000000","2896000000","3584000000","3693000000","4212000000",
"Malta","MLT","Merchandise exports (current US$)","TX.VAL.MRCH.CD.WT","11000000","13000000","12000000","15000000","19000000","24000000","30000000","27000000","34000000","38000000","39000000","46000000","68000000","98000000","134000000","166000000","228000000","289000000","342000000","424000000","483000000","449000000","411000000","363000000","394000000","400000000","497000000","605000000","714000000","844000000","1133000000","1234000000","1540000000","1355000000","1570000000","1914000000","1731000000","1641000000","1834000000","1978000000","2453000000","1822000000","2028000000","2252000000","2517000000","2399000000","2796000000","3437000000","3481000000","2857000000","3586000000","4386000000","4250000000","3637000000","2929000000","2607000000","3186000000","2858000000","3192000000","3007000000","2679000000",
"Myanmar","MMR","Merchandise exports (current US$)","TX.VAL.MRCH.CD.WT","224000000","221000000","265000000","270000000","233000000","225000000","194000000","124000000","111000000","132000000","108000000","125000000","120000000","131000000","189000000","173000000","208000000","215000000","245000000","387000000","477000000","466000000","395000000","382000000","304000000","306000000","291000000","221000000","167000000","212000000","325000000","419000000","531000000","586000000","798000000","851000000","746000000","866000000","1065000000","1125000000","1620000000","2358000000","3015000000","2458000000","2355000000","3776000000","4539000000","6253000000","6882000000","6662000000","8661000000","9238000000","8877000000","11233000000","11453000000","11429000000","11831000000","13879000000","16704000000","18118000000","16795000000",
"Middle East & North Africa (excluding high income)","MNA","Merchandise exports (current US$)","TX.VAL.MRCH.CD.WT","2939133822.82966","2942139072.13726","2988219561.52041","4164273790.55996","4921596616.07435","5094899326.14576","5377392761.05986","6123696339.11306","7234636833.15468","8082117137.89697","8754291233.02946","10939107479.6523","9650857276.4625","14351067193.5439","34762720490.7413","33997383667.0733","38510266377.3145","42342960994.2696","42503240957.3414","64133021973.8847","85976175691.2674","64371438418.9541","67991762084.839","64952453285.0895","60569798044.8441","60205161128.8557","40515769415.2507","50273813917.0175","50220721179.25","61316101622.8974","72714010496.8428","60234211872.1625","58486158524.9104","53700799877.4471","57396254776.0219","61935182980.2623","71587042006.494","72100939638.093","58487160274.6796","80083883548.8393","113302907645.245","99141171158.0798","103471735410.327","118317666989.855","155348348958.063","210759135691.532","265735163025.17","314573469522.925","418263586382.937","282795963344.396","354071461172.67","412988372098.336","430158363142.405","388061832591.359","355462891602.087","247560416962.593","236881764422.933","294352148681.875","359334654460.041","304348609628.712","208245745520.612",
"Montenegro","MNE","Merchandise exports (current US$)","TX.VAL.MRCH.CD.WT","","","","","","","","","","","","","","","","","","","","","","","","","","","","","","","","","","","","","","","","","","","","","","","556000000","626000000","617000000","388000000","437000000","628000000","469000000","498000000","441000000","352000000","361000000","421000000","472000000","465000000","419000000",
"Mongolia","MNG","Merchandise exports (current US$)","TX.VAL.MRCH.CD.WT","","","","","","","","","","","","","","","","","","","","","403000000","469000000","560000000","610000000","674000000","689000000","716000000","717000000","739000000","721000000","661000000","348000000","389000000","383000000","356000000","473000000","424000000","569000000","462000000","454000000","536000000","521000000","524000000","616000000","870000000","1065000000","1543000000","1889000000","2539000000","1903000000","2899000000","4818000000","4385000000","4269000000","5775000000","4669000000","4916000000","6201000000","7012000000","7620000000","7576000000",
"Northern Mariana Islands","MNP","Merchandise exports (current US$)","TX.VAL.MRCH.CD.WT","","","","","","","","","","","","","","","","","","","","","","","","","","","","","","","","","","","430000000","432000000","563000000","815000000","1085000000","1062000000","1017000000","959000000","825000000","838000000","826000000","691000000","509000000","329000000","115000000","9000000","5000000","2000000","4000000","4000000","2000000","2000000","6000000","5000000","5000000","5000000","3000000",
"Mozambique","MOZ","Merchandise exports (current US$)","TX.VAL.MRCH.CD.WT","75000000","89000000","91000000","101000000","106000000","108000000","112000000","122000000","154000000","142000000","156000000","163000000","177000000","226000000","298000000","198000000","150000000","149000000","163000000","254000000","281000000","281000000","229000000","132000000","96000000","77000000","79000000","97000000","103000000","105000000","126000000","162000000","139000000","132000000","157000000","168000000","217000000","222000000","230000000","263000000","364000000","703000000","810000000","1045000000","1504000000","1783000000","2381000000","2412000000","2653000000","2147000000","3000000000","3604000000","3856000000","4024000000","4421000000","3413000000","3328000000","4725000000","5012000000","4669000000","3585000000",
"Mauritania","MRT","Merchandise exports (current US$)","TX.VAL.MRCH.CD.WT","2000000","2000000","3000000","16000000","46000000","58000000","69000000","70000000","72000000","76000000","89000000","94000000","100000000","155000000","180000000","176000000","178000000","157000000","123000000","147000000","194000000","261000000","233000000","292000000","291000000","374000000","360000000","428000000","354000000","437000000","469000000","439000000","425000000","423000000","410000000","488000000","491000000","429000000","387000000","358000000","355000000","355000000","332000000","318000000","440000000","625000000","1367000000","1454000000","1788000000","1364000000","2074000000","2749000000","2641000000","2652000000","1935000000","1389000000","1401000000","1722000000","1899000000","2325000000","2396000000",
"Mauritius","MUS","Merchandise exports (current US$)","TX.VAL.MRCH.CD.WT","39000000","62000000","64000000","90000000","77000000","66000000","71000000","63000000","64000000","66000000","69000000","66000000","106000000","137000000","312000000","298000000","265000000","309000000","325000000","381000000","431000000","332000000","364000000","366000000","372000000","436000000","662000000","884000000","994000000","986000000","1194000000","1195000000","1302000000","1299000000","1347000000","1538000000","1802000000","1592000000","1645000000","1554000000","1557000000","1628000000","1801000000","1898000000","1993000000","2143000000","2329000000","2238000000","2384000000","1939000000","2261000000","2565000000","2649000000","2869000000","3094000000","2662000000","2359000000","2342000000","2366000000","2223000000","1791000000",
"Malawi","MWI","Merchandise exports (current US$)","TX.VAL.MRCH.CD.WT","25000000","26000000","29000000","30000000","35000000","40000000","49000000","57000000","48000000","53000000","60000000","71000000","80000000","98000000","120000000","140000000","166000000","200000000","185000000","233000000","295000000","283000000","239000000","229000000","314000000","249000000","248000000","277000000","288000000","267000000","417000000","469000000","396000000","320000000","342000000","405000000","481000000","537000000","431000000","453000000","379000000","449000000","407000000","525000000","483000000","509000000","668000000","869000000","879000000","1188000000","1066000000","1425000000","1183000000","1208000000","1370000000","1080000000","1022000000","884000000","880000000","913000000","788000000",
"Malaysia","MYS","Merchandise exports (current US$)","TX.VAL.MRCH.CD.WT","1187000000","1058000000","1065000000","1088000000","1105000000","1236000000","1256000000","1217000000","1347000000","1651000000","1687000000","1644000000","1722000000","3049000000","4236000000","3843000000","5295000000","6079000000","7404000000","11079000000","12945000000","11770000000","12030000000","14104000000","16483000000","15316000000","13690000000","17958000000","21082000000","25047000000","29452000000","34350000000","40771000000","47131000000","58845000000","73915000000","78327000000","78736000000","73256000000","84621000000","98229000000","87969000000","94061000000","104706000000","126646000000","141626000000","160749000000","175966000000","199414000000","157244000000","198612000000","228086000000","227538000000","228331000000","233927000000","199952000000","189743000000","218130000000","247455000000","238195000000","234129000000",
"North America","NAC","Merchandise exports (current US$)","TX.VAL.MRCH.CD.WT","25447209778.3839","26278314609.6147","27189429532.9015","29207684105.0119","33731254684.6233","35176436972.3832","39388968319.1272","41939290003.4095","47239958602.1139","51688519720.4228","60019570555.745","61930811629.7307","70392878990.7944","97272269416.9792","133961897255.37","142948030719.4","157411855110.808","166748032727.583","194303508431.64","244687863651.551","293337000000","311470000000","287693000000","282411000000","314289000000","309788000000","317552000000","352319000000","439563000000","485694000000","521281000000","548948000000","582683000000","609986000000","678035000000","776996000000","826774000000","903661000000","896510000000","934294000000","1058604000000","988994000000","945553000000","997562000000","1131710000000","1261606000000","1414172000000","1568919000000","1743937000000","1372166000000","1665991000000","1933856000000","2001306000000","2037923000000","2096854000000","1912656000000","1841021000000","1966956000000","2114742000000","2089762000000","1822319000000",
"Namibia","NAM","Merchandise exports (current US$)","TX.VAL.MRCH.CD.WT","","","","","","","","","","","","","","","","","","","","","1459000000","1088000000","934000000","846000000","766000000","727000000","977000000","993000000","1055000000","1122000000","1085000000","1213000000","1341000000","1240000000","1308000000","1409000000","1418000000","1338000000","1232000000","1234000000","1320000000","1179000000","1072000000","1262000000","1827000000","2070000000","2647000000","2922000000","3141000000","3146000000","4026000000","4407000000","4389000000","4629000000","4612000000","4067000000","4084000000","4800000000","5400000000","5000000000","3500000000",
"New Caledonia","NCL","Merchandise exports (current US$)","TX.VAL.MRCH.CD.WT","51000000","56000000","34000000","46000000","62000000","65000000","78000000","75000000","113000000","134000000","192000000","200000000","190000000","195000000","279000000","327000000","306000000","315000000","222000000","368000000","418000000","343000000","266000000","154000000","207000000","271000000","191000000","225000000","464000000","675000000","449000000","444000000","409000000","359000000","366000000","565000000","535000000","543000000","378000000","468000000","604000000","443000000","492000000","785000000","1033000000","1093000000","1352000000","2104000000","1300000000","993000000","1493000000","1663000000","1326000000","1223000000","1595000000","1219000000","1330000000","1561000000","1929000000","1700000000","1665000000",
"Niger","NER","Merchandise exports (current US$)","TX.VAL.MRCH.CD.WT","13000000","15000000","19000000","20000000","19000000","25000000","35000000","35000000","29000000","24000000","32000000","39000000","54000000","62000000","53000000","91000000","134000000","161000000","282000000","448000000","566000000","455000000","332000000","299000000","259000000","259000000","317000000","312000000","289000000","244000000","282000000","307000000","333000000","287000000","225000000","288000000","325000000","272000000","334000000","287000000","283000000","272000000","279000000","352000000","437000000","489000000","508000000","663000000","910000000","1000000000","1150000000","1250000000","1450000000","1588000000","1445000000","1087000000","1032000000","1206000000","1202000000","1126000000","925000000",
"Nigeria","NGA","Merchandise exports (current US$)","TX.VAL.MRCH.CD.WT","462000000","486000000","468000000","520000000","601000000","749000000","796000000","677000000","591000000","891000000","1240000000","1815000000","2180000000","3462000000","9205000000","7834000000","10566000000","11839000000","9938000000","17334000000","25968000000","17845000000","12185000000","10357000000","11856000000","12548000000","5155000000","7365000000","6875000000","10000000000","13596000000","12264000000","11886000000","9908000000","9415000000","12342000000","16153000000","15207000000","9855000000","13856000000","20975000000","18045000000","17975000000","24031000000","38631000000","50467000000","58726000000","66606000000","86274000000","56742000000","84000000000","116000000000","114700000000","90555000000","103100000000","50216000000","33302000000","44468000000","60547000000","62531000000","34545000000",
"Nicaragua","NIC","Merchandise exports (current US$)","TX.VAL.MRCH.CD.WT","63000000","68000000","90000000","107000000","125000000","149000000","142000000","152000000","162000000","159000000","179000000","187000000","249000000","278000000","381000000","375000000","542000000","637000000","646000000","567000000","451000000","508000000","406000000","429000000","386000000","302000000","247000000","273000000","233000000","311000000","330000000","272000000","223000000","267000000","335000000","466000000","466000000","577000000","573000000","545000000","881000000","895000000","914000000","1056000000","1369000000","1654000000","1932000000","2186000000","2531000000","2391000000","3251000000","4133000000","4686000000","4794000000","5126000000","4839000000","4782000000","5170000000","5014000000","5273000000","5191000000",
"Netherlands","NLD","Merchandise exports (current US$)","TX.VAL.MRCH.CD.WT","4602000000","4957000000","5260000000","5706000000","6694000000","7343000000","7771000000","8361000000","9535000000","11383000000","13355000000","15773000000","19154000000","27352000000","37423000000","39888000000","46153000000","50110000000","57590000000","73537000000","73960000000","68715000000","66281000000","64684000000","65677000000","68257000000","80317000000","93108000000","103213000000","108261000000","131775000000","133631000000","140335000000","140245000000","160885000000","203171000000","208999000000","207832000000","213977000000","218579000000","233130000000","230855000000","244058000000","296012000000","357417000000","406372000000","463629000000","550755000000","637918000000","497891000000","574251000000","667101000000","655374000000","671556000000","672410000000","570442000000","570606000000","652065000000","726697000000","708596000000","674475000000",
"Norway","NOR","Merchandise exports (current US$)","TX.VAL.MRCH.CD.WT","881000000","931000000","972000000","1073000000","1291000000","1443000000","1564000000","1738000000","1938000000","2204000000","2457000000","2555000000","3283000000","4725000000","6282000000","7232000000","7951000000","8880000000","10882000000","13546000000","18543000000","18217000000","17593000000","17998000000","18886000000","19985000000","18092000000","21490000000","22436000000","27108000000","34047000000","34107000000","35145000000","31978000000","34785000000","41992000000","49645000000","48542000000","40399000000","45455000000","60058000000","59191000000","59662000000","68321000000","82527000000","103759000000","122208000000","136354000000","171764000000","116778000000","130657000000","160410000000","160953000000","156022000000","144677000000","103915000000","88410000000","101054000000","121791000000","102799000000","84459000000",
"Nepal","NPL","Merchandise exports (current US$)","TX.VAL.MRCH.CD.WT","17000000","5000000","6000000","38000000","43000000","57000000","51000000","50000000","49000000","54000000","42000000","48000000","58000000","63000000","66000000","100000000","98000000","81000000","91000000","109000000","80000000","141000000","88000000","93000000","127000000","160000000","142000000","151000000","191000000","159000000","204000000","257000000","369000000","384000000","362000000","345000000","385000000","406000000","474000000","602000000","804000000","737000000","568000000","662000000","772000000","863000000","838000000","868000000","939000000","823000000","856000000","919000000","911000000","879000000","889000000","721000000","696000000","742000000","786000000","968000000","818000000",
"Nauru","NRU","Merchandise exports (current US$)","TX.VAL.MRCH.CD.WT","","","","","","","","","","","","","","","","","","","","","","","","","","","","","","","","","","","","","","","","","","","","","","","","","","","","","","","22000000","11000000","18000000","24000000","9000000","19000000","60000000",
"New Zealand","NZL","Merchandise exports (current US$)","TX.VAL.MRCH.CD.WT","847000000","793000000","798000000","910000000","1074000000","1007000000","1076000000","993000000","1010000000","1211000000","1223000000","1361000000","1792000000","2596000000","2435000000","2162000000","2795000000","3196000000","3738000000","4706000000","5421000000","5622000000","5571000000","5414000000","5518000000","5720000000","5880000000","7195000000","8850000000","8876000000","9394000000","9619000000","9785000000","10542000000","12184000000","13645000000","14362000000","14223000000","12084000000","12474000000","13297000000","13730000000","14383000000","16527000000","20344000000","21730000000","22409000000","26943000000","30580000000","24933000000","31396000000","37669000000","37305000000","39445000000","41622000000","34355000000","33756000000","38075000000","39673000000","39517000000","38900000000",
"OECD members","OED","Merchandise exports (current US$)","TX.VAL.MRCH.CD.WT","89660165593.1635","95289571838.1789","100197720322.702","109072786489.933","123623791660.921","134953460851.762","148826568332.903","157600108481.062","177188284785.81","203572358992.206","236254219069.176","263034879287.573","313118933571.143","427747096917.184","573354444395.339","613638065150.342","683726975441.936","774979830459.295","928601388067.964","1140705105350.33","1341776328560.19","1335078783989.52","1269084756467.17","1259368927954.5","1352619518909.64","1393976565803.79","1606625985438.68","1881793224005.38","2162711488527.45","2313739902398.98","2665154238851.63","2716476699055.34","2890533540690.39","2845199813408.44","3215285054858.36","3841423195982.64","3983217814699.81","4097620445689.7","4145627291710.38","4258986000000","4626493000000","4471696000000","4637023000000","5336172000000","6338825000000","6939735000000","7826377000000","8971654000000","10007920000000","7810423000000","9170394000000","10708177000000","10567637000000","10848316000000","10920677000000","9677569000000","9560614000000","10448571000000","11351663000000","11051926000000","10161134000000",
"Oman","OMN","Merchandise exports (current US$)","TX.VAL.MRCH.CD.WT","2000000","2000000","2000000","2000000","3000000","2000000","2000000","26000000","105000000","141000000","143000000","154000000","167000000","239000000","823000000","1044000000","1134000000","1139000000","1096000000","1570000000","3748000000","4696000000","4421000000","4248000000","4422000000","4972000000","2842000000","3776000000","3268000000","3933000000","5508000000","4871000000","5428000000","5299000000","5545000000","6068000000","7346000000","7630000000","5508000000","7238000000","11319000000","11074000000","11172000000","11669000000","13342000000","18692000000","21585000000","24692000000","37719000000","27651000000","36601000000","47092000000","52138000000","55497000000","50718000000","31927000000","30014000000","32904000000","41761000000","38724000000","30915000000",
"Other small states","OSS","Merchandise exports (current US$)","TX.VAL.MRCH.CD.WT","844362149.000408","862520474.785363","909051184.609311","979414697.026011","1003247499.61876","1065666744.50455","1170077117.76804","1199584397.16859","1202989083.25327","1325557782.30172","1407270248.33401","1753413333.60972","2114310058.5857","3161818477.30529","7283758430.49008","7144166301.01824","8871477041.31208","10025665624.0183","10765617399.7552","15563954988.4296","22086198631.3131","21696944808.1792","19000650033.3004","16656687987.2204","17806516353.6593","16044852709.6658","12836937056.1422","15128154681.7434","15543780715.1167","17763265928.8667","21672682374.7589","21764457666.3921","22486001338.5428","22064388813.4451","23430496063.8841","27001802158.8292","30303400241.3955","31951615872.5984","28220138352.6776","33337357039.6474","43139848248.1684","41743773440.7984","43128481243.8153","51950309985.8713","64766118045.8691","83609612676.4914","101157474986.311","118644260700.153","162100787867.169","114520416163.677","158642676080.976","222643428259.432","242541440462.339","249213151080.146","238325133043.879","158114610288.314","131642487176.36","150147391957.379","181122457421.942","164194558461.424","126685449336.675",
"Pakistan","PAK","Merchandise exports (current US$)","TX.VAL.MRCH.CD.WT","400000000","424000000","407000000","407000000","469000000","550000000","634000000","680000000","292000000","332000000","449000000","492000000","1169000000","1060000000","1193000000","1053000000","1186000000","1213000000","1634000000","2462000000","2618000000","2883000000","2397000000","3077000000","2558000000","2740000000","3384000000","4172000000","4522000000","4709000000","5589000000","6528000000","7317000000","6688000000","7365000000","7992000000","9321000000","8717000000","8494000000","8424000000","9028000000","9238000000","9913000000","11930000000","13379000000","16051000000","16930000000","17838000000","20323000000","17523000000","21410000000","25383000000","24567000000","25121000000","24731000000","22089000000","20375000000","21569000000","23425000000","23334000000","21976000000",
"Panama","PAN","Merchandise exports (current US$)","TX.VAL.MRCH.CD.WT","21000000","24000000","40000000","39000000","53000000","62000000","71000000","79000000","92000000","108000000","109000000","117000000","123000000","138000000","211000000","286000000","238000000","251000000","256000000","303000000","361000000","328000000","375000000","320000000","276000000","336000000","349000000","358000000","307000000","318000000","340000000","358000000","502000000","553000000","583000000","625000000","623000000","723000000","784000000","822000000","859000000","911000000","846000000","864000000","944000000","7050000000","8034000000","8821000000","9817000000","10717000000","10987000000","14555000000","15945000000","14732000000","12960000000","11348000000","11195000000","11093000000","11480000000","11318000000","10356000000",
"Peru","PER","Merchandise exports (current US$)","TX.VAL.MRCH.CD.WT","433000000","496000000","540000000","541000000","667000000","667000000","764000000","754000000","866000000","866000000","1048000000","893000000","944000000","1112000000","1503000000","1291000000","1360000000","1726000000","1941000000","3491000000","3898000000","3255000000","3259000000","3015000000","3147000000","2979000000","2531000000","2661000000","2701000000","3488000000","3280000000","3393000000","3578000000","3385000000","4424000000","5491000000","5878000000","6825000000","5757000000","6088000000","6955000000","7026000000","7714000000","9091000000","12809000000","17368000000","23830000000","28094000000","31019000000","26962000000","35803000000","46376000000","47411000000","42861000000","39533000000","34415000000","37082000000","45422000000","49068000000","47690000000","42411000000",
"Philippines","PHL","Merchandise exports (current US$)","TX.VAL.MRCH.CD.WT","624000000","670000000","507000000","653000000","666000000","698000000","826000000","820000000","858000000","854000000","1041000000","1098000000","1100000000","1885000000","2725000000","2294000000","2555000000","3127000000","3401000000","4567000000","5741000000","5655000000","4969000000","4890000000","5274000000","4611000000","4806000000","5677000000","7022000000","7767000000","8117000000","8801000000","9751000000","11129000000","13304000000","17502000000","20408000000","24882000000","29414000000","36576000000","38078000000","32150000000","35208000000","36231000000","39681000000","41255000000","47410000000","50466000000","49078000000","38436000000","51496000000","48305000000","52099000000","56698000000","62100000000","58827000000","57406000000","68713000000","69307000000","70927000000","63767000000",
"Palau","PLW","Merchandise exports (current US$)","TX.VAL.MRCH.CD.WT","","","","","","","","","","","","","","","","","","","","","","","","","","","","","","","","","","","11000000","14000000","13000000","14000000","11000000","7000000","12000000","17000000","20000000","8000000","6000000","13000000","14000000","11000000","10000000","6000000","6000000","6000000","9000000","7000000","11000000","6000000","7000000","6000000","9000000","7000000","4000000",
"Papua New Guinea","PNG","Merchandise exports (current US$)","TX.VAL.MRCH.CD.WT","38000000","37000000","39000000","43000000","50000000","59000000","57000000","66000000","83000000","100000000","104000000","120000000","222000000","515000000","654000000","441000000","551000000","683000000","714000000","964000000","1031000000","838000000","771000000","813000000","892000000","912000000","1033000000","1161000000","1399000000","1404000000","1177000000","1460000000","1927000000","2585000000","2632000000","2654000000","2529000000","2163000000","1772000000","1875000000","2096000000","1805000000","1641000000","2207000000","2552000000","3273000000","4166000000","4681000000","5713000000","4394000000","5742000000","6908000000","6328000000","5951000000","8794000000","8453000000","8194000000","9952000000","10524000000","11399000000","8496000000",
"Poland","POL","Merchandise exports (current US$)","TX.VAL.MRCH.CD.WT","1326000000","1504000000","1646000000","1770000000","2097000000","2228000000","2272000000","2527000000","2858000000","3142000000","3548000000","3872000000","4927000000","6432000000","8321000000","10289000000","11024000000","10666000000","12238000000","14082000000","17020000000","13290000000","11220000000","11580000000","11760000000","11490000000","12070000000","12210000000","13960000000","13470000000","14320000000","13800000000","14500000000","14140000000","17240000000","22895000000","24440000000","25750000000","28230000000","27359000000","31747000000","35998000000","41133000000","53762000000","75047000000","89437000000","110780000000","140146000000","170458000000","136503000000","159724000000","188696000000","185374000000","204984000000","220052000000","199124000000","203817000000","234364000000","263569000000","266595000000","271070000000",
"Pre-demographic dividend","PRE","Merchandise exports (current US$)","TX.VAL.MRCH.CD.WT","3762970792.47127","3640816582.42681","3785745306.20837","4432748537.37606","4871675529.40022","5129441616.69742","5755740744.46774","5530066017.43645","6241251969.13598","7202957571.94363","8044579375.04655","9303388861.60641","9337550632.21206","13627440856.1463","27007467676.6941","25904974170.7843","31029239761.6324","34983723510.5293","34384339717.1756","55958015457.2309","73460229264.1943","46304727248.209","39136966652.0409","34369846844.7974","38925784797.3878","40546916093.4015","29221771535.0424","34968195432.9813","35275651368.4322","43295385819.4019","46858562014.0886","32673145571.3833","32626561338.7392","30616178289.8326","29533903112.7064","37420233323.0851","44646437756.2108","47618038433.7505","40932971589.1879","54316556117.0346","73733359151.4043","62671596322.8609","66748235135.3631","77005017000.4226","115061626393.702","154311093490.676","187542474497.106","231948231962.875","314529574221.685","222819197810.74","286554836747.327","391511830710.849","396655706255.321","372226435693.855","370545261566.791","234189107753.166","195719705451.149","245659370858.869","312074542711.824","286574493552.505","194784455352.154",
"Puerto Rico","PRI","Merchandise exports (current US$)","TX.VAL.MRCH.CD.WT","","","","","","","","","","","","","","","","","","","","","","","","","","","","","","","","","","","","","","","","","","","","","","","","","","","","","","","","","","","","","",
"Korea, Dem. People's Rep.","PRK","Merchandise exports (current US$)","TX.VAL.MRCH.CD.WT","","","","","","","","","","","","","","","","","","","","","900000000","1000000000","1100000000","1200000000","1200000000","1325000000","1628000000","1407000000","1674000000","1686000000","1857000000","1960000000","1010000000","1020000000","1034000000","959000000","909000000","1098000000","651000000","637000000","708000000","826000000","1008000000","1066000000","1278000000","1338000000","1465000000","1685000000","2060000000","1995000000","2555000000","3705000000","3955000000","3835000000","4365000000","4152000000","3006000000","1770000000","251000000","280000000","110000000",
"Portugal","PRT","Merchandise exports (current US$)","TX.VAL.MRCH.CD.WT","326000000","331000000","370000000","417000000","518000000","584000000","627000000","696000000","734000000","823000000","946000000","1049000000","1298000000","1842000000","2277000000","1939000000","1811000000","1970000000","2414000000","3479000000","4640000000","4148000000","4164000000","4599000000","5200000000","5685000000","7242000000","9320000000","10989000000","12799000000","16417000000","16280000000","18350000000","15428000000","17989000000","22783000000","24618000000","23955000000","24793000000","24541000000","24363000000","24108000000","25908000000","31757000000","35787000000","38738000000","44750000000","52482000000","57137000000","44211000000","49406000000","59617000000","58090000000","62823000000","63832000000","55047000000","55372000000","62130000000","68361000000","67063000000","61509000000",
"Paraguay","PRY","Merchandise exports (current US$)","TX.VAL.MRCH.CD.WT","28000000","30000000","33000000","39000000","49000000","56000000","49000000","47000000","46000000","50000000","63000000","64000000","85000000","124000000","167000000","176000000","181000000","279000000","257000000","305000000","310000000","296000000","330000000","269000000","335000000","304000000","234000000","353000000","510000000","1006000000","959000000","737000000","657000000","725000000","1843000000","2019000000","2182000000","2402000000","2278000000","2013000000","2200000000","2357000000","2329000000","2585000000","2874000000","3153000000","3472000000","4724000000","6407000000","5080000000","6505000000","7763000000","7283000000","9456000000","9636000000","8357000000","8494000000","8680000000","9045000000","7652000000","8529000000",
"West Bank and Gaza","PSE","Merchandise exports (current US$)","TX.VAL.MRCH.CD.WT","","","","","","","","","","","","","","","","","","","","","","","","","","","","","","","","","","","","","","","","","","","","","","","","","","","","","","","","","","","","","",
"Pacific island small states","PSS","Merchandise exports (current US$)","TX.VAL.MRCH.CD.WT","70056763.9332075","59754298.6489123","71087010.461637","85510461.8596503","103024652.842952","91691941.0302275","87570954.9165094","98903666.7292341","106115392.428241","111266625.070388","126720322.996831","131871555.638979","141143774.394845","191625854.287891","310104205.057286","288469027.960266","253440645.993662","341011600.910172","378100475.933635","490397347.532452","625359642.75672","536758441.311781","495548580.1746","435794281.525688","524395482.970627","446096746.809983","451247979.452131","496578826.70303","577968302.448962","635152445.447446","629025572.983323","610644955.590953","638215881.679507","679061698.106996","811810601.496333","909509892.247133","1023324529.9259","898430591.234156","738284331.137484","841019667.803274","806774555.581344","740298749.50348","748356422.967464","934690121.822081","979007325.87399","1007209182.99793","1002173137.08294","1144189631.88565","1344624259.30224","970949652.410007","1273112407.30939","1784774672.27234","2056721151.68178","1840171177.33722","2087944636.35471","1524847395.52397","1605574610.58112","1691284987.06155","1839783197.47532","1757062717.84886","1469035987.58322",
"Post-demographic dividend","PST","Merchandise exports (current US$)","TX.VAL.MRCH.CD.WT","88795474880.3612","94111870219.0477","98782021094.4088","107624640327.398","121753942509.955","133043589218.195","146861021522.962","155787543337.546","175325584247.374","201718705771.882","234362047856.833","261222078896.891","310889578613.624","426122847051.6","571672338102.702","612172493944.787","683348604958.571","776333634980.544","928743512436.275","1142498933287.46","1340573622522.07","1336343846774.37","1271570763071.57","1262504229205.97","1358165499678.44","1400717935072.97","1620785123648.01","1903023436534.65","2200273951504.23","2357327456323.72","2702201680721.51","2770184767343.72","2958333384740.9","2927755415036.18","3314087042369.66","3941525452864.08","4071944182197.32","4163311679019.81","4156193193620.81","4240845000000","4613984000000","4431153000000","4593740000000","5315152000000","6312024000000","6895487000000","7762470000000","8854527000000","9876186000000","7702405000000","9088021000000","10612511000000","10485642000000","10755878000000","10772543000000","9525440000000","9392434000000","10265202000000","11101400000000","10740977000000","9887509000000",
"French Polynesia","PYF","Merchandise exports (current US$)","TX.VAL.MRCH.CD.WT","13000000","12000000","11000000","10000000","11000000","10000000","17000000","13000000","12000000","14000000","18000000","17000000","15000000","19000000","32000000","25000000","22000000","16000000","37000000","29000000","30000000","29000000","28000000","35000000","32000000","40000000","41000000","83000000","75000000","89000000","111000000","128000000","106000000","147000000","221000000","193000000","253000000","224000000","247000000","253000000","221000000","195000000","183000000","156000000","199000000","217000000","235000000","197000000","195000000","148000000","153000000","168000000","139000000","151000000","170000000","130000000","173000000","153000000","148000000","133000000","71000000",
"Qatar","QAT","Merchandise exports (current US$)","TX.VAL.MRCH.CD.WT","126000000","122000000","131000000","136000000","151000000","163000000","180000000","202000000","211000000","223000000","240000000","315000000","397000000","628000000","2015000000","1805000000","2210000000","2072000000","2391000000","3753000000","5680000000","5686000000","4341000000","3357000000","4513000000","3419000000","1849000000","1985000000","2210000000","2687000000","3641000000","3210000000","3841000000","3245000000","3213000000","3557000000","4500000000","5500000000","5030000000","7214000000","11594000000","10871000000","10978000000","13382000000","18684000000","25762000000","34051000000","42020000000","67307000000","48007000000","74964000000","114448000000","132962000000","136855000000","131592000000","77971000000","57309000000","67498000000","84288000000","72935000000","51116000000",
"Romania","ROU","Merchandise exports (current US$)","TX.VAL.MRCH.CD.WT","717000000","793000000","818000000","915000000","1000000000","1102000000","1186000000","1395000000","1469000000","1633000000","1851000000","2107000000","2601000000","3691000000","4874000000","5341000000","6138000000","7021000000","8086000000","9724000000","11400000000","11180000000","10120000000","10160000000","10720000000","10175000000","9760000000","10490000000","11390000000","10490000000","4960000000","4400000000","4500000000","4892000000","6151000000","7910000000","8085000000","8431000000","8300000000","8518000000","10412000000","11394000000","13877000000","17662000000","23553000000","27688000000","32458000000","40488000000","49535000000","40567000000","49579000000","63035000000","57841000000","65835000000","69725000000","60595000000","63534000000","70761000000","79660000000","76867000000","70720000000",
"Russian Federation","RUS","Merchandise exports (current US$)","TX.VAL.MRCH.CD.WT","","","","","","","","","","","","","","","","","","","","","","","","","","","","","","","","","42039000000","44297000000","67379000000","82419000000","89685000000","86895000000","74444000000","75551000000","105033000000","101884000000","107301000000","135929000000","183207000000","243798000000","303551000000","354403000000","471606000000","303388000000","400630000000","522011000000","529256000000","521836000000","496807000000","341419000000","281710000000","352943000000","443914000000","419850000000","331748000000",
"Rwanda","RWA","Merchandise exports (current US$)","TX.VAL.MRCH.CD.WT","4000000","5000000","6000000","4000000","12000000","14000000","12000000","14000000","15000000","14000000","25000000","22000000","19000000","33000000","36000000","42000000","80000000","92000000","72000000","118000000","72000000","82000000","91000000","121000000","145000000","131000000","189000000","114000000","108000000","88000000","110000000","93000000","66000000","66000000","41000000","54000000","60000000","88000000","60000000","60000000","52000000","86000000","65000000","63000000","98000000","125000000","147000000","177000000","268000000","235000000","297000000","464000000","591000000","703000000","723000000","682000000","731000000","1042000000","1121000000","1166000000","1400000000",
"South Asia","SAS","Merchandise exports (current US$)","TX.VAL.MRCH.CD.WT","2326217007.1235","2394322171.1015","2400707030.22443","2667806970.20064","2848711312.0172","2957253917.10714","3261598868.63382","2937035196.55117","2679512545.25936","2796568295.84655","3138158258.92369","3217968997.96041","4403424508.45244","4961111514.18414","6301763041.42785","6632170064.5723","8109990568.09112","9229369513.16839","10126474642.6758","12511412609.7366","13800000000","13921000000","14378000000","14863000000","15203000000","14984000000","15631000000","18679000000","21224000000","23941000000","27728000000","28516000000","32179000000","34854000000","39137000000","46620000000","51463000000","53954000000","52698000000","55157000000","64379000000","64516000000","70924000000","84099000000","105531000000","132978000000","159319000000","190415000000","241304000000","206751000000","277640000000","365279000000","358091000000","381560000000","391471000000","335047000000","332194000000","370377000000","401951000000","401738000000","344265000000",
"Saudi Arabia","SAU","Merchandise exports (current US$)","TX.VAL.MRCH.CD.WT","891000000","956000000","1047000000","1120000000","1187000000","1396000000","1651000000","1784000000","1944000000","2053000000","2371000000","3850000000","5491000000","8988000000","35555000000","29673000000","38286000000","43466000000","40735000000","63427000000","109083000000","119876000000","79077000000","45861000000","37545000000","27481000000","20185000000","23199000000","24377000000","28382000000","44417000000","47797000000","50280000000","42395000000","42614000000","50040000000","60729000000","60732000000","38822000000","50761000000","77583000000","68064000000","72453000000","93245000000","125997000000","180711000000","211305000000","233329000000","313462000000","192314000000","251143000000","364699000000","388401000000","375872000000","342433000000","203550000000","183579000000","221835000000","294373000000","261603000000","173490000000",
"Sudan","SDN","Merchandise exports (current US$)","TX.VAL.MRCH.CD.WT","182000000","170000000","213000000","226000000","197000000","195000000","203000000","213000000","233000000","248000000","298000000","328000000","357000000","434000000","350000000","438000000","554000000","661000000","518000000","535000000","543000000","657000000","498000000","624000000","629000000","374000000","333000000","504000000","509000000","672000000","374000000","305000000","319000000","417000000","503000000","556000000","620000000","594000000","596000000","780000000","1807000000","1699000000","1949000000","2542000000","3778000000","4824000000","5657000000","8879000000","11671000000","8257000000","11404000000","10193000000","4066000000","4790000000","4350000000","3169000000","3094000000","4100000000","3478000000","3735000000","3775000000",
"Senegal","SEN","Merchandise exports (current US$)","TX.VAL.MRCH.CD.WT","113000000","124000000","124000000","122000000","133000000","130000000","150000000","139000000","153000000","125000000","152000000","125000000","216000000","195000000","391000000","461000000","485000000","624000000","449000000","535000000","477000000","500000000","548000000","618000000","634000000","562000000","625000000","606000000","591000000","693000000","761000000","701000000","673000000","707000000","791000000","993000000","988000000","905000000","968000000","1027000000","920000000","1003000000","1067000000","1257000000","1509000000","1578000000","1594000000","1674000000","2170000000","2017000000","2161000000","2542000000","2532000000","2661000000","2750000000","2612000000","2640000000","2989000000","3623000000","4179000000","4091000000",
"Singapore","SGP","Merchandise exports (current US$)","TX.VAL.MRCH.CD.WT","1136000000","1081000000","1116000000","1135000000","906000000","981000000","1102000000","1140000000","1271000000","1549000000","1554000000","1761000000","2189000000","3653000000","5810000000","5376000000","6585000000","8241000000","10134000000","14233000000","19376000000","20967000000","20787000000","21833000000","24070000000","22812000000","22495000000","28687000000","39306000000","44665000000","52730000000","58966000000","63472000000","74012000000","96825000000","118268000000","125014000000","124985000000","109895000000","114680000000","137804000000","121751000000","125177000000","159902000000","198637000000","229649000000","271807000000","299308000000","338176000000","269832000000","351867000000","409503000000","408393000000","410250000000","415378000000","351587000000","330481000000","373446000000","412955000000","390763000000","362534000000",
"Solomon Islands","SLB","Merchandise exports (current US$)","TX.VAL.MRCH.CD.WT","4000000","4000000","4000000","4000000","5000000","5000000","4000000","6000000","6000000","7000000","8000000","10000000","11000000","14000000","26000000","16000000","24000000","33000000","38000000","70000000","74000000","66000000","58000000","62000000","93000000","70000000","66000000","64000000","82000000","75000000","70000000","84000000","102000000","129000000","142000000","168000000","162000000","157000000","118000000","126000000","69000000","47000000","58000000","74000000","97000000","103000000","121000000","165000000","210000000","165000000","224000000","418000000","500000000","487000000","459000000","400000000","437000000","500000000","569000000","461000000","366000000",
"Sierra Leone","SLE","Merchandise exports (current US$)","TX.VAL.MRCH.CD.WT","83000000","82000000","57000000","81000000","95000000","88000000","83000000","70000000","96000000","106000000","101000000","98000000","115000000","131000000","144000000","118000000","99000000","136000000","170000000","200000000","224000000","150000000","111000000","119000000","133000000","130000000","144000000","130000000","106000000","138000000","138000000","145000000","149000000","118000000","115000000","42000000","47000000","17000000","7000000","6000000","13000000","29000000","49000000","92000000","139000000","158000000","231000000","245000000","216000000","231000000","341000000","350000000","1122000000","1917000000","1552000000","512000000","624000000","567000000","554000000","619000000","367000000",
"El Salvador","SLV","Merchandise exports (current US$)","TX.VAL.MRCH.CD.WT","117000000","119000000","136000000","154000000","178000000","189000000","189000000","207000000","213000000","202000000","229000000","228000000","273000000","352000000","463000000","531000000","743000000","972000000","848000000","1223000000","967000000","797000000","699000000","735000000","717000000","679000000","755000000","591000000","609000000","498000000","582000000","588000000","796000000","1032000000","1249000000","1652000000","1789000000","2416000000","2452000000","2510000000","2941000000","2864000000","2996000000","3128000000","3305000000","3418000000","3706000000","4015000000","4641000000","3866000000","4499000000","5308000000","5339000000","5491000000","5302000000","5509000000","5420000000","5760000000","5905000000","5943000000","5030000000",
"San Marino","SMR","Merchandise exports (current US$)","TX.VAL.MRCH.CD.WT","","","","","","","","","","","","","","","","","","","","","","","","","","","","","","","","","","","","","","","","","","","","","","","","","","","","","","","","","","","","","",
"Somalia","SOM","Merchandise exports (current US$)","TX.VAL.MRCH.CD.WT","","","","","","","","","","","","","","","","","","","","","","","","","","","","","","","","","","","","","","","","","","","","","","","","","","","","","","","","","","","","","",
"Serbia","SRB","Merchandise exports (current US$)","TX.VAL.MRCH.CD.WT","","","","","","","","","","","","","","","","","","","","","","","","","","","","","","","","","","","","","","","","","","","","","","","6428000000","8825000000","10972000000","8345000000","9795000000","11779000000","11229000000","14614000000","14845000000","13376000000","14874000000","16992000000","19227000000","19630000000","19498000000",
"Sub-Saharan Africa (excluding high income)","SSA","Merchandise exports (current US$)","TX.VAL.MRCH.CD.WT","5894764151.19054","5968069088.2279","6181700619.02251","6928363763.41741","7679215761.35729","8049929300.08912","8613330101.89059","8819631138.98147","9536972308.56141","10764306397.2442","11762300754.3386","12813702994.1317","14192883023.8205","20367253149.1392","32739032094.2742","30292741623.9987","33639635606.4476","39898830016.0525","40712514817.1672","58473253847.935","79788235111.6287","63263387757.2796","52867797614.0169","51198050259.7812","52558509027.1708","52131053704.4864","46748815771.2641","54342312969.9111","55877452998.9745","62422862627.5782","70068764204.7273","65634942768.7108","66188785121.9004","64625262423.8896","66604834197.2581","78603484074.2396","88320541367.593","89503969848.6104","74810760157.6458","81208670383.1458","96724732689.8178","91983827794.0756","98035544097.6114","119955680319.789","162405013386.281","203803437306.87","240327409714.935","287166317346.868","364536036138.38","268127706202.168","361217916352.194","461298778249.897","446887043735.841","423188682947.135","422237420122.984","295181168917.091","263685740271.682","313117506832.511","358205926502.938","338800575802.923","281892253265.667",
"South Sudan","SSD","Merchandise exports (current US$)","TX.VAL.MRCH.CD.WT","","","","","","","","","","","","","","","","","","","","","","","","","","","","","","","","","","","","","","","","","","","","","","","","","","","","","","","","","","","","","",
"Sub-Saharan Africa","SSF","Merchandise exports (current US$)","TX.VAL.MRCH.CD.WT","5896650166.54322","5968905336.40496","6182529316.86577","6929166072.1038","7679991532.84105","8051739145.89785","8615120035.5445","8821413781.38165","9539776774.49986","10767067485.7747","11763979394.5918","12815344474.8989","14195522936.8957","20370722019.1379","32745205240.2427","30297954052.3166","33647871275.3271","39908938820.3034","40726783569.0284","58494225120.3938","79807405876.8588","63278946980.5506","52881615414.4844","51217055958.3101","52583638721.7124","52158251305.1346","46765900671.7997","54363278831.6469","55908647610.7124","62455914804.9978","70124190867.608","65683310639.469","66236108779.8528","64675714709.8983","66655227134.3896","78654544534.7442","88461708580.7321","89617365808.3153","74933841887.3609","81355187069.2474","96921119486.6408","92202956245.4947","98266818124.9821","120233550706.883","162699074378.936","204146592439.848","240710559869.71","287527518222.69","364966824979.451","268525431648.616","361617987146.632","461781110375.72","447384189447.206","423769746471.489","422779476633.809","295598628300.13","264150370197.703","313670025586.924","358779692995.688","339322534286.663","282341955836.165",
"Small states","SST","Merchandise exports (current US$)","TX.VAL.MRCH.CD.WT","1574563004.72373","1679826269.66348","1759870210.71141","1936405477.95411","2024124865.4039","2084431944.27563","2279710305.37093","2364184652.58631","2442040455.15293","2641614484.26736","2912464952.35122","3524345766.88887","4086881354.44767","5544210391.22281","12671854288.1667","13726745584.9144","16077771510.3063","17746736742.7907","18386031572.3166","24687965337.8146","34557010733.583","34905828089.5783","29390742866.4102","25546419453.4896","26075406735.104","23316292874.1687","19347317012.7093","21761803515.9196","21997490918.6191","25031374812.5129","27157292763.7053","27043142489.4787","27491365584.607","27081492443.4692","28905324938.3311","33676726380.3043","37258108390.3635","38911370680.7214","34422032668.1119","40354629541.9181","51813199002.6739","50037434711.9719","51093628429.2242","61720419601.9295","76570004245.9999","99290578962.3796","122179957441.262","139698780106.6","189593616448.548","129985566206.596","177137835982.748","246820745996.1","265864013581.089","277584208393.455","261908447831.915","176401412796.263","146725441813.302","167100845273.936","200629601194.828","180189660257.17","140008422180.754",
"Sao Tome and Principe","STP","Merchandise exports (current US$)","TX.VAL.MRCH.CD.WT","7000000","6000000","6000000","6000000","6000000","5000000","6000000","8000000","9000000","9000000","8000000","7000000","7000000","13000000","17000000","7000000","8000000","23000000","21000000","27000000","16000000","8000000","12000000","5000000","9000000","6000000","9000000","4000000","4000000","6000000","4000000","6000000","5000000","5000000","8000000","5000000","4000000","5000000","5000000","2000000","3000000","3000000","5000000","7000000","5000000","7000000","8000000","7000000","11000000","8000000","11000000","11000000","12000000","13000000","17000000","11000000","14000000","15000000","16000000","13000000","16000000",
"Suriname","SUR","Merchandise exports (current US$)","TX.VAL.MRCH.CD.WT","44000000","41000000","42000000","47000000","48000000","58000000","87000000","107000000","116000000","130000000","144000000","157000000","171000000","179000000","269000000","277000000","276000000","310000000","369000000","444000000","514000000","474000000","429000000","367000000","356000000","329000000","335000000","306000000","410000000","542000000","472000000","359000000","391000000","326000000","271000000","477000000","537000000","564000000","345000000","351000000","396000000","403000000","469000000","638000000","874000000","997000000","1175000000","1359000000","1743000000","1402000000","2026000000","2467000000","2695000000","2416000000","2113000000","1652000000","1439000000","1992000000","2070000000","2127000000","2311000000",
"Slovak Republic","SVK","Merchandise exports (current US$)","TX.VAL.MRCH.CD.WT","","","","","","","","","","","","","","","","","","","","","","","","","","","","","","","","","","5460000000","6690000000","8580000000","8830000000","9635000000","10724000000","10211000000","11832000000","12595000000","14405000000","21837000000","27745000000","31795000000","41967000000","58671000000","71242000000","56245000000","65957000000","79736000000","80721000000","85701000000","86227000000","75146000000","77060000000","83414000000","93425000000","89509000000","86192000000",
"Slovenia","SVN","Merchandise exports (current US$)","TX.VAL.MRCH.CD.WT","","","","","","","","","","","","","","","","","","","","","","","","","","","","","","","","","6681000000","6083000000","6828000000","8316000000","8312000000","8372000000","9048000000","8560000000","8770000000","9267000000","10366000000","12766000000","16361000000","19248000000","23230000000","30102000000","34128000000","26177000000","29200000000","34682000000","32163000000","34019000000","35956000000","31929000000","32917000000","38443000000","44200000000","44943000000","44777000000",
"Sweden","SWE","Merchandise exports (current US$)","TX.VAL.MRCH.CD.WT","2566000000","2745000000","2925000000","3203000000","3675000000","3971000000","4266000000","4528000000","4910000000","5695000000","6795000000","7463000000","8769000000","12201000000","15939000000","17384000000","18435000000","19082000000","21790000000","27602000000","30906000000","28658000000","26808000000","27446000000","29378000000","30461000000","37263000000","44506000000","49747000000","51547000000","57540000000","55217000000","56118000000","49934000000","65822000000","80440000000","84916000000","82757000000","84767000000","84889000000","87132000000","75645000000","81499000000","102104000000","123267000000","130962000000","147793000000","168817000000","183327000000","130781000000","158549000000","186963000000","172345000000","167550000000","164645000000","140023000000","139290000000","152920000000","165968000000","160576000000","155537000000",
"Eswatini","SWZ","Merchandise exports (current US$)","TX.VAL.MRCH.CD.WT","17000000","18000000","21000000","31000000","32000000","43000000","54000000","56000000","55000000","62000000","71000000","78000000","82000000","108000000","178000000","195000000","183000000","165000000","196000000","232000000","369000000","391000000","325000000","304000000","240000000","179000000","280000000","423000000","468000000","502000000","556000000","591000000","639000000","680000000","781000000","866000000","856000000","962000000","973000000","937000000","910000000","1054000000","1029000000","1638000000","1949000000","1640000000","1660000000","1740000000","1570000000","1660000000","1800000000","1910000000","1926000000","1895000000","2004000000","1812000000","1633000000","1801000000","1842000000","2002000000","1638000000",
"Sint Maarten (Dutch part)","SXM","Merchandise exports (current US$)","TX.VAL.MRCH.CD.WT","","","","","","","","","","","","","","","","","","","","","","","","","","","","","","","","","","","","","","","","","","","","","","","","","","","","126905027.932961","130726000","164369000","132380000","128933000","131782000","","","","",
"Seychelles","SYC","Merchandise exports (current US$)","TX.VAL.MRCH.CD.WT","2000000","1000000","1000000","1000000","1000000","2000000","2000000","2000000","3000000","3000000","2000000","2000000","3000000","4000000","7000000","6000000","9000000","11000000","15000000","22000000","21000000","17000000","15000000","20000000","26000000","28000000","18000000","22000000","32000000","34000000","56000000","49000000","48000000","51000000","51000000","52000000","140000000","113000000","122000000","145000000","194000000","216000000","228000000","274000000","291000000","340000000","380000000","360000000","430000000","395000000","400000000","483000000","497000000","578000000","540000000","415000000","460000000","547000000","569000000","518000000","446000000",
"Syrian Arab Republic","SYR","Merchandise exports (current US$)","TX.VAL.MRCH.CD.WT","113000000","110000000","167000000","189000000","176000000","169000000","173000000","155000000","168000000","207000000","203000000","195000000","287000000","351000000","782000000","930000000","1074000000","1070000000","1060000000","1644000000","2108000000","2103000000","2026000000","1923000000","1853000000","1640000000","1325000000","1344000000","1336000000","2986000000","4212000000","3429000000","3093000000","3146000000","3047000000","3563000000","3999000000","3916000000","2890000000","3464000000","4634000000","5248000000","6536000000","5731000000","7378000000","8708000000","10919000000","11546000000","15410000000","10855000000","12796000000","11000000000","4000000000","3000000000","2300000000","1600000000","1700000000","2400000000","2600000000","2600000000","2300000000",
"Turks and Caicos Islands","TCA","Merchandise exports (current US$)","TX.VAL.MRCH.CD.WT","","","","","","","","","","","","","","","","","","","","","","","","","","","","","","","","","","","","","","","","","","","","","","","","","","","","","","","6000000","5000000","4000000","4000000","4000000","3000000","3000000",
"Chad","TCD","Merchandise exports (current US$)","TX.VAL.MRCH.CD.WT","13000000","21000000","17000000","23000000","27000000","27000000","24000000","31000000","31000000","31000000","30000000","28000000","36000000","38000000","37000000","48000000","63000000","107000000","99000000","88000000","71000000","83000000","58000000","105000000","131000000","62000000","99000000","109000000","144000000","155000000","188000000","194000000","182000000","131000000","148000000","243000000","238000000","237000000","262000000","243000000","183000000","189000000","185000000","601000000","2191000000","3081000000","3352000000","3666000000","4169000000","2800000000","3600000000","4800000000","4800000000","3800000000","4194000000","2426000000","2090000000","2621000000","3160000000","3205000000","2155000000",
"East Asia & Pacific (IDA & IBRD countries)","TEA","Merchandise exports (current US$)","TX.VAL.MRCH.CD.WT","6154007666.83957","5412548838.90745","5114758047.77054","5498063086.36231","5873319725.19363","6365278160.55157","6578560754.20369","6192237565.70174","6372320510.34197","6952811343.06495","7285813883.15386","8036327160.81649","9935749504.28439","16594794256.0926","25289078097.3265","24422869073.1073","27910844319.2954","33110110564.5508","38712802847.799","52915210275.0958","68105558772.9887","71457881611.9005","71349871210.1695","71646899814.9298","80308733975.9727","76107329367.8973","77739486549.6109","95462193300.314","115048079480.878","132609007452.264","153759125087.05","177862398775.339","208363010517.896","231537235112.483","287912214133.154","353554174925.887","368260390178.823","414829071798.481","405797939610.989","443120485896.183","541138920579.1","530821769568.32","607000884591.992","752419013057.983","963073856624.197","1187979757258.69","1466042870760.97","1786314153285.64","2081544335533.35","1745642990418.18","2276664116889.49","2729404929887.7","2893801588213.25","3069364291253.17","3229922934209.42","3097273306532.15","2922117798160.96","3218542966150.86","3534557079158.25","3546474045709.55","3623938828280.37",
"Europe & Central Asia (IDA & IBRD countries)","TEC","Merchandise exports (current US$)","TX.VAL.MRCH.CD.WT","","","","","","","","","","","","","","","","","","","","","","","","","","","","","","","","","107750269278.538","107813978365.872","143213983305.896","179705132773.438","193894056652.587","196931867737.539","182743955113.745","181411120556.499","229623730838.182","237971643789.673","260263756824.521","333876067845.465","454351974505.174","566244345715.79","699450946033.442","858300846133.971","1113937577492.97","773617875088.118","965872026624.061","1240237204053.98","1258828493065.41","1282061096877.98","1262532734817.83","971573555483.519","901090845252.865","1067273141730.33","1247851923721.24","1228717012203.97","1099409941798.57",
"Togo","TGO","Merchandise exports (current US$)","TX.VAL.MRCH.CD.WT","15000000","19000000","17000000","18000000","30000000","27000000","36000000","32000000","39000000","45000000","55000000","50000000","50000000","61000000","189000000","126000000","105000000","159000000","234000000","218000000","338000000","208000000","178000000","163000000","192000000","190000000","204000000","244000000","242000000","245000000","268000000","253000000","275000000","136000000","328000000","378000000","441000000","424000000","420000000","391000000","363000000","357000000","427000000","598000000","601000000","660000000","630000000","677000000","853000000","903000000","976000000","1179000000","1314000000","1522000000","1324000000","1011000000","1036000000","1016000000","1080000000","1050000000","638000000",
"Thailand","THA","Merchandise exports (current US$)","TX.VAL.MRCH.CD.WT","407000000","475000000","456000000","466000000","593000000","622000000","678000000","681000000","658000000","707000000","710000000","831000000","1081000000","1564000000","2444000000","2208000000","2980000000","3490000000","4085000000","5298000000","6505000000","7031000000","6945000000","6368000000","7413000000","7121000000","8876000000","11727000000","15953000000","20078000000","23068000000","28428000000","32472000000","36969000000","45261000000","56439000000","55721000000","57345000000","54477000000","58473000000","68963000000","64968000000","68108000000","80324000000","96248000000","110936000000","129722000000","153867000000","177778000000","152422000000","193306000000","222576000000","229106000000","228505000000","227462000000","214310000000","215388000000","236635000000","252957000000","246269000000","231468000000",
"Tajikistan","TJK","Merchandise exports (current US$)","TX.VAL.MRCH.CD.WT","","","","","","","","","","","","","","","","","","","","","","","","","","","","","","","","","111000000","350000000","490000000","750000000","770000000","745000000","595000000","690000000","785000000","650000000","738000000","797000000","915000000","909000000","1399000000","1468000000","1409000000","1010000000","1195000000","1257000000","1360000000","1162000000","977000000","891000000","899000000","1198000000","1073000000","1174000000","1838000000",
"Turkmenistan","TKM","Merchandise exports (current US$)","TX.VAL.MRCH.CD.WT","","","","","","","","","","","","","","","","","","","","","","","","","","","","","","","","","900000000","1000000000","2145000000","1880000000","1695000000","1000000000","590000000","1187000000","2506000000","2700000000","2850000000","3632000000","3870000000","4944000000","7156000000","8932000000","11945000000","5000000000","6500000000","13000000000","16500000000","16800000000","17500000000","10000000000","6964000000","7458000000","9573000000","9695000000","7120000000",
"Latin America & the Caribbean (IDA & IBRD countries)","TLA","Merchandise exports (current US$)","TX.VAL.MRCH.CD.WT","8423924299.40498","8575922933.48731","9085918350.47408","9612913614.69374","10400906533.489","10875902264.9963","11489953206.6705","12054000000","12406000000","13945000000","15452000000","15250000000","17415000000","25160000000","40088000000","36527000000","42267000000","49715000000","53678000000","71548000000","95509000000","103692000000","93008000000","93210000000","104477000000","99368000000","84373000000","96274000000","112840000000","126168000000","138085000000","138676000000","147490000000","158160000000","185048000000","225781000000","254559000000","284673000000","281054000000","299937000000","360792000000","345936000000","351726000000","385102000000","473974000000","577956000000","689824000000","775489000000","897249000000","697780000000","884234000000","1096722000000","1112469000000","1110273000000","1076075000000","917127000000","886236000000","990226000000","1081076000000","1051657000000","949424000000",
"Timor-Leste","TLS","Merchandise exports (current US$)","TX.VAL.MRCH.CD.WT","","","","","","","","","","","","","","","","","","","","","","","","","","","","","","","","","","","","","","","","","","","","8000000","7000000","8000000","8000000","8000000","13000000","8000000","16000000","13000000","31000000","18000000","15000000","18000000","20000000","23000000","45000000","154000000","43000000",
"Middle East & North Africa (IDA & IBRD countries)","TMN","Merchandise exports (current US$)","TX.VAL.MRCH.CD.WT","2934000000","2937000000","2983000000","4157000000","4913000000","5086000000","5368000000","6113000000","7222000000","8068000000","8739000000","10920000000","9634000000","14326000000","34702000000","33938000000","38443000000","42269000000","42429000000","64021000000","85826000000","64259000000","67873000000","64839000000","60464000000","60100000000","40445000000","50186000000","50133000000","61209000000","72587000000","60129000000","58384000000","53607000000","57296000000","61827000000","71462000000","71975000000","58385000000","79944000000","113105000000","98968000000","103291000000","118111000000","155077000000","210391000000","265271000000","314024000000","417533000000","282302000000","353453000000","412267000000","429407000000","387384000000","354842000000","247128000000","236468000000","293838000000","358707000000","303817000000","207882000000",
"Tonga","TON","Merchandise exports (current US$)","TX.VAL.MRCH.CD.WT","4000000","3000000","2000000","2000000","3000000","3000000","4000000","4000000","4000000","4000000","3000000","2000000","3000000","5000000","7000000","6000000","4000000","7000000","5000000","7000000","7000000","8000000","8000000","5000000","9000000","5000000","6000000","6000000","8000000","9000000","11000000","13000000","12000000","16000000","14000000","14000000","11000000","10000000","7000000","12000000","9000000","7000000","15000000","18000000","15000000","10000000","10000000","8000000","9000000","8000000","8000000","14000000","16000000","17000000","19000000","18000000","21000000","19000000","13000000","20000000","14000000",
"South Asia (IDA & IBRD)","TSA","Merchandise exports (current US$)","TX.VAL.MRCH.CD.WT","2326217007.1235","2394322171.1015","2400707030.22443","2667806970.20064","2848711312.0172","2957253917.10714","3261598868.63382","2937035196.55117","2679512545.25936","2796568295.84655","3138158258.92369","3217968997.96041","4403424508.45244","4961111514.18414","6301763041.42785","6632170064.5723","8109990568.09112","9229369513.16839","10126474642.6758","12511412609.7366","13800000000","13921000000","14378000000","14863000000","15203000000","14984000000","15631000000","18679000000","21224000000","23941000000","27728000000","28516000000","32179000000","34854000000","39137000000","46620000000","51463000000","53954000000","52698000000","55157000000","64379000000","64516000000","70924000000","84099000000","105531000000","132978000000","159319000000","190415000000","241304000000","206751000000","277640000000","365279000000","358091000000","381560000000","391471000000","335047000000","332194000000","370377000000","401951000000","401738000000","344265000000",
"Sub-Saharan Africa (IDA & IBRD countries)","TSS","Merchandise exports (current US$)","TX.VAL.MRCH.CD.WT","5896650166.54322","5968905336.40496","6182529316.86577","6929166072.1038","7679991532.84105","8051739145.89785","8615120035.5445","8821413781.38165","9539776774.49986","10767067485.7747","11763979394.5918","12815344474.8989","14195522936.8957","20370722019.1379","32745205240.2427","30297954052.3166","33647871275.3271","39908938820.3034","40726783569.0284","58494225120.3938","79807405876.8588","63278946980.5506","52881615414.4844","51217055958.3101","52583638721.7124","52158251305.1346","46765900671.7997","54363278831.6469","55908647610.7124","62455914804.9978","70124190867.608","65683310639.469","66236108779.8528","64675714709.8983","66655227134.3896","78654544534.7442","88461708580.7321","89617365808.3153","74933841887.3609","81355187069.2474","96921119486.6408","92202956245.4947","98266818124.9821","120233550706.883","162699074378.936","204146592439.848","240710559869.71","287527518222.69","364966824979.451","268525431648.616","361617987146.632","461781110375.72","447384189447.206","423769746471.489","422779476633.809","295598628300.13","264150370197.703","313670025586.924","358779692995.688","339322534286.663","282341955836.165",
"Trinidad and Tobago","TTO","Merchandise exports (current US$)","TX.VAL.MRCH.CD.WT","287000000","346000000","345000000","374000000","408000000","403000000","429000000","439000000","472000000","474000000","482000000","527000000","558000000","699000000","2036000000","1771000000","2214000000","2180000000","2040000000","2610000000","4077000000","3761000000","3072000000","2353000000","2173000000","2139000000","1386000000","1462000000","1412000000","1578000000","1960000000","1985000000","1691000000","1662000000","1868000000","2454000000","2500000000","2543000000","2258000000","2804000000","4274000000","4280000000","3880000000","5178000000","6517000000","9942000000","14155000000","13396000000","18650000000","9126000000","10982000000","14944000000","12983000000","18745000000","14530000000","10748000000","7633000000","8741000000","10530000000","7192000000","4613000000",
"Tunisia","TUN","Merchandise exports (current US$)","TX.VAL.MRCH.CD.WT","120000000","110000000","116000000","126000000","130000000","120000000","140000000","149000000","158000000","166000000","182000000","217000000","315000000","422000000","921000000","856000000","788000000","929000000","1126000000","1791000000","2198000000","2500000000","1986000000","1850000000","1794000000","1738000000","1759000000","2139000000","2395000000","2930000000","3526000000","3699000000","4019000000","3802000000","4657000000","5475000000","5516000000","5559000000","5738000000","5872000000","5850000000","6631000000","6874000000","8027000000","9685000000","10494000000","11694000000","15165000000","19320000000","14445000000","16427000000","17847000000","17007000000","17061000000","16756000000","14073000000","13572000000","14204000000","15534000000","14933000000","13813000000",
"Turkey","TUR","Merchandise exports (current US$)","TX.VAL.MRCH.CD.WT","321000000","347000000","381000000","368000000","411000000","464000000","491000000","522000000","496000000","537000000","588000000","677000000","885000000","1317000000","1532000000","1401000000","1960000000","1753000000","2288000000","2261000000","2910000000","4703000000","5746000000","5728000000","7134000000","7958000000","7457000000","10190000000","11662000000","11625000000","12959000000","13595000000","14716000000","15343000000","18106000000","21599000000","23245000000","26260000000","26881000000","26587000000","27775000000","31334000000","36059000000","47253000000","63167000000","73476000000","85535000000","107272000000","132027000000","102143000000","113883000000","134907000000","152462000000","161481000000","166505000000","150982000000","149247000000","164495000000","177169000000","180833000000","169482000000",
"Tuvalu","TUV","Merchandise exports (current US$)","TX.VAL.MRCH.CD.WT","","","","","","","","","","","","","","","","","","","","","0","0","0","0","0","0","0","0","0","0","0","0","0","0","0","0","0","0","0","0","0","0","0","0","0","0","0","0","0","0","0","0","0","0","0","0","0","0","0","0","0",
"Tanzania","TZA","Merchandise exports (current US$)","TX.VAL.MRCH.CD.WT","155000000","138000000","146000000","179000000","225000000","207000000","265000000","252000000","241000000","246000000","252000000","268000000","324000000","368000000","403000000","372000000","440000000","507000000","476000000","497000000","511000000","580000000","450000000","364000000","298000000","247000000","361000000","289000000","275000000","365000000","331000000","342000000","416000000","450000000","519000000","682000000","784000000","753000000","589000000","543000000","734000000","851000000","980000000","1216000000","1479000000","1679000000","1865000000","2139000000","3121000000","2982000000","4051000000","4735000000","5075000000","4559000000","4628000000","4834000000","4500000000","4113000000","4041000000","5005000000","4964000000",
"Uganda","UGA","Merchandise exports (current US$)","TX.VAL.MRCH.CD.WT","129000000","135000000","134000000","176000000","213000000","206000000","217000000","219000000","216000000","233000000","282000000","260000000","283000000","291000000","315000000","257000000","364000000","588000000","348000000","435000000","345000000","243000000","349000000","372000000","399000000","387000000","436000000","319000000","271000000","274000000","152000000","200000000","142000000","179000000","409000000","460000000","587000000","555000000","501000000","519000000","403000000","451000000","467000000","532000000","654000000","813000000","962000000","1337000000","1724000000","1568000000","1619000000","2159000000","2357000000","2408000000","2262000000","2267000000","2482000000","2901000000","3087000000","3472000000","3636000000",
"Ukraine","UKR","Merchandise exports (current US$)","TX.VAL.MRCH.CD.WT","","","","","","","","","","","","","","","","","","","","","","","","","","","","","","","","","8045000000","7817000000","10305000000","13128000000","14401000000","14232000000","12637000000","11582000000","14573000000","16265000000","17957000000","23067000000","32666000000","34228000000","38368000000","49296000000","66954000000","39782000000","51478000000","68460000000","68530000000","64338000000","53901000000","38127000000","36360000000","43265000000","47348000000","50066000000","49220000000",
"Upper middle income","UMC","Merchandise exports (current US$)","TX.VAL.MRCH.CD.WT","16544903449.4788","16285151726.7785","17007331404.241","18521579115.0494","20640361104.2498","22222866706.4669","23745765376.8427","24141976159.0817","26368470377.8584","29112726769.2954","31751794457.4832","34074127272.5536","40102608732.1074","59291365731.517","88519800074.3866","91181074266.5937","101922009631.716","119836814558.439","136721938956.689","189714838890.313","245137597868.995","228008143942.145","217541047078.591","221594174406.993","242555063989.93","240381092773.98","228842679609.133","269660643170.965","308829267118.347","337457552564.009","352756738362.14","360952482277.646","397142234343.712","425623964707.615","528347985282.585","645419703860.405","688943294781.724","757262131402.158","729608982353.389","782839814662.779","961078088048.803","950603455975.409","1040186538017.39","1267134558982.41","1635937506723.42","2030919009647.28","2483683526488.37","2997473405560.4","3605952012311.99","2816475492476.51","3646806407155.52","4443703178226.22","4682391594072.24","4831909956553.18","4893356598893.13","4359446615568.54","4066947874170.09","4533437402755.59","5076127049748.49","5020421149096.2","4803201246597.51",
"Uruguay","URY","Merchandise exports (current US$)","TX.VAL.MRCH.CD.WT","129000000","175000000","153000000","165000000","179000000","191000000","186000000","159000000","179000000","200000000","233000000","206000000","214000000","322000000","382000000","384000000","546000000","608000000","686000000","788000000","1059000000","1215000000","1023000000","1045000000","934000000","909000000","1088000000","1189000000","1405000000","1598000000","1693000000","1605000000","1703000000","1645000000","1913000000","2106000000","2397000000","2726000000","2771000000","2237000000","2295000000","2060000000","1861000000","2206000000","2931000000","3422000000","3989000000","4518000000","5942000000","5405000000","6724000000","7912000000","8709000000","9067000000","9132000000","7688000000","7043000000","7888000000","7498000000","7680000000","6853000000",
"United States","USA","Merchandise exports (current US$)","TX.VAL.MRCH.CD.WT","19626000000","20190000000","20973000000","22427000000","25690000000","26699000000","29379000000","30934000000","34063000000","37332000000","43225000000","43549000000","49199000000","70823000000","99437000000","108856000000","116794000000","123182000000","145847000000","186363000000","225566000000","238715000000","216442000000","205639000000","223976000000","218815000000","227158000000","254122000000","322427000000","363812000000","393592000000","421730000000","448163000000","464773000000","512627000000","584743000000","625073000000","689182000000","682138000000","695797000000","781918000000","729100000000","693103000000","724771000000","814875000000","901082000000","1025967000000","1148199000000","1287442000000","1056043000000","1278495000000","1482508000000","1545703000000","1579593000000","1620532000000","1502572000000","1451011000000","1546273000000","1663982000000","1643161000000","1431638000000",
"Uzbekistan","UZB","Merchandise exports (current US$)","TX.VAL.MRCH.CD.WT","","","","","","","","","","","","","","","","","","","","","","","","","","","","","","","","","2735000000","2722000000","2550000000","3430000000","4210000000","4025000000","3530000000","3235000000","2817000000","2708000000","2513000000","3189000000","4280000000","4749000000","5617000000","8029000000","10298000000","10735000000","11695000000","13254000000","11210000000","12000000000","11500000000","9443000000","8974000000","10079000000","10921000000","14024000000","13281000000",
"St. Vincent and the Grenadines","VCT","Merchandise exports (current US$)","TX.VAL.MRCH.CD.WT","3000000","3000000","4000000","4000000","4000000","4000000","4000000","4000000","4000000","4000000","4000000","3000000","3000000","5000000","7000000","8000000","9000000","10000000","16000000","15000000","15000000","24000000","32000000","41000000","54000000","63000000","64000000","52000000","85000000","75000000","83000000","67000000","78000000","58000000","50000000","43000000","46000000","46000000","50000000","49000000","47000000","41000000","38000000","38000000","37000000","40000000","38000000","48000000","52000000","49000000","42000000","38000000","43000000","49000000","48000000","46000000","47000000","42000000","44000000","38000000","51000000",
"Venezuela, RB","VEN","Merchandise exports (current US$)","TX.VAL.MRCH.CD.WT","2305000000","2225000000","2342000000","2343000000","2472000000","2455000000","2373000000","3077000000","2779000000","3083000000","3169000000","3124000000","3166000000","4891000000","11153000000","8800000000","9299000000","9551000000","9187000000","14317000000","19221000000","20980000000","16590000000","13937000000","15997000000","14438000000","8660000000","10577000000","10244000000","13310000000","17497000000","15155000000","14185000000","14686000000","16089000000","18457000000","23060000000","23871000000","17707000000","20963000000","33529000000","26667000000","26781000000","27230000000","39668000000","55716000000","65578000000","69980000000","95021000000","57603000000","65745000000","92811000000","97340000000","88753000000","74714000000","37309000000","26696000000","31960000000","34440000000","17210000000","5020000000",
"British Virgin Islands","VGB","Merchandise exports (current US$)","TX.VAL.MRCH.CD.WT","","","","","","","","","","","","","","","","","","","","","","","","","","","","","","","","","","","","","","","","","","","","","","","","","","","","","","","","","","","","","",
"Virgin Islands (U.S.)","VIR","Merchandise exports (current US$)","TX.VAL.MRCH.CD.WT","","","","","","","","","","","","","","","","","","","","","","","","","","","","","","","","","","","","","","","","","","","","","","","","","","","","","","","","","","","","","",
"Vietnam","VNM","Merchandise exports (current US$)","TX.VAL.MRCH.CD.WT","86000000","71000000","33000000","45000000","28000000","21000000","15000000","11000000","8000000","8000000","8000000","8000000","13000000","58000000","25000000","229000000","402000000","594000000","648000000","587000000","338000000","401000000","526000000","616000000","649000000","698000000","789000000","854000000","1038000000","1946000000","2404000000","2087000000","2581000000","2985000000","4054000000","5449000000","7255000000","9185000000","9361000000","11541000000","14483000000","15029000000","16706000000","20149000000","26485000000","32442000000","39826000000","48561000000","62685000000","57096000000","72237000000","96906000000","114529000000","132033000000","150217000000","162065000000","176581000000","215014000000","243699000000","264268000000","282655000000",
"Vanuatu","VUT","Merchandise exports (current US$)","TX.VAL.MRCH.CD.WT","5000000","5000000","6000000","6000000","9000000","9000000","10000000","12000000","12000000","11000000","12000000","13000000","15000000","21000000","31000000","12000000","17000000","32000000","37000000","42000000","36000000","32000000","23000000","29000000","44000000","31000000","17000000","18000000","20000000","22000000","19000000","18000000","24000000","23000000","25000000","28000000","30000000","35000000","34000000","26000000","26000000","20000000","20000000","27000000","37000000","38000000","49000000","50000000","57000000","57000000","49000000","67000000","55000000","39000000","63000000","39000000","50000000","47000000","63000000","58000000","69000000",
"World","WLD","Merchandise exports (current US$)","TX.VAL.MRCH.CD.WT","122993103762.164","128413055215.169","134119396345.187","147015512774.927","165251134119.184","179217802052.245","196169764336.678","207108383372.474","230273155226.125","262926813382.436","302336326809.758","338627588105.956","400765146402.287","556477073672.844","816411572341.401","846298517380.343","958268404288.76","1087584771890.88","1260756842892.39","1607017346056.68","1976269951528.84","1954885641512.74","1811100645570.17","1762149577961.34","1878747862872.17","1898814321292.29","2070345927848","2440232192040.11","2799148385020.59","3037123826338.77","3467315939811.14","3552831812231.64","3809916659603.67","3816499277873.86","4351027039413.83","5191204361891.03","5440973016871.68","5637035362729.16","5536475656542.23","5757091746777.96","6496254391367.41","6236194022107.35","6543031245862.05","7641070556987.94","9283854991613.32","10579570286792.4","12210311779617.1","14123303736729.8","16275414071541.8","12646562301512.1","15403512271469.1","18460851989991.3","18632645545642.1","19088911949300.6","19126537861946.6","16659623579033","16144106777510.7","17852674119745","19671553705133.2","19132234430593.5","17692110438499.6",
"Samoa","WSM","Merchandise exports (current US$)","TX.VAL.MRCH.CD.WT","7000000","5000000","8000000","7000000","7000000","6000000","5000000","4000000","5000000","6000000","5000000","6000000","5000000","7000000","13000000","7000000","7000000","15000000","11000000","18000000","17000000","11000000","13000000","18000000","20000000","16000000","11000000","12000000","15000000","13000000","9000000","6000000","6000000","6000000","4000000","9000000","10000000","15000000","15000000","20000000","65000000","63000000","71000000","87000000","85000000","87000000","65000000","97000000","72000000","46000000","70000000","66000000","76000000","62000000","51000000","59000000","56000000","44000000","46000000","49000000","37000000",
"Kosovo","XKX","Merchandise exports (current US$)","TX.VAL.MRCH.CD.WT","","","","","","","","","","","","","","","","","","","","","","","","","","","","","","","","","","","","","","","","","","","","","","","","","","","","","","","","","","","","","",
"Yemen, Rep.","YEM","Merchandise exports (current US$)","TX.VAL.MRCH.CD.WT","11000000","11000000","6000000","6000000","4000000","5000000","3000000","4000000","4000000","4000000","3000000","4000000","4000000","8000000","13000000","11000000","8000000","11000000","7000000","14000000","23000000","47000000","39000000","27000000","16000000","13000000","8000000","48000000","447000000","606000000","692000000","659000000","619000000","611000000","934000000","1945000000","2675000000","2504000000","1496000000","2440000000","4079000000","3374000000","3336000000","3733000000","4072000000","5608000000","6654000000","6299000000","7584000000","6259000000","8100000000","9700000000","8300000000","8300000000","7792000000","1911000000","651000000","1235000000","1358000000","1434000000","927000000",
"South Africa","ZAF","Merchandise exports (current US$)","TX.VAL.MRCH.CD.WT","1985000000","2139000000","2219000000","2359000000","2479000000","2547000000","2741000000","3011000000","3204000000","3357000000","3344000000","3483000000","4108000000","6064000000","8688000000","8789000000","7850000000","9904000000","12772000000","18258000000","25525000000","20658000000","17673000000","18508000000","17163000000","16293000000","18385000000","21219000000","21871000000","22191000000","23549000000","23279000000","23440000000","24222000000","25308000000","27853000000","29221000000","31027000000","26362000000","26707000000","29983000000","29258000000","29723000000","36482000000","46146000000","51626000000","58175000000","69784000000","80782000000","61677000000","91347000000","108815000000","99606000000","96153000000","93043000000","81002000000","76214000000","88947000000","93970000000","90016000000","85834000000",
"Zambia","ZMB","Merchandise exports (current US$)","TX.VAL.MRCH.CD.WT","362000000","335000000","335000000","361000000","470000000","527000000","691000000","654000000","759000000","1073000000","1001000000","1226000000","758000000","1144000000","1407000000","810000000","1070000000","896000000","856000000","1373000000","1298000000","1079000000","1024000000","836000000","652000000","784000000","517000000","873000000","1179000000","1347000000","1309000000","1083000000","756000000","826000000","927000000","1040000000","1037000000","915000000","1032000000","1063000000","892000000","987000000","956000000","980000000","1576000000","1810000000","3770000000","4617000000","5099000000","4312000000","7200000000","9001000000","9365000000","10607000000","9694000000","6607000000","6372000000","8007000000","9035000000","7047000000","7805000000",
"Zimbabwe","ZWE","Merchandise exports (current US$)","TX.VAL.MRCH.CD.WT","173000000","200000000","204000000","210000000","385000000","452000000","280000000","272000000","263000000","325000000","370000000","404000000","515000000","688000000","863000000","932000000","891000000","877000000","888000000","1053000000","1414000000","1407000000","1275000000","1135000000","1155000000","1112000000","1302000000","1427000000","1642000000","1541000000","1726000000","1532000000","1445000000","1567000000","1884000000","2118000000","2406000000","2541000000","2111000000","1887000000","1925000000","1207000000","2012000000","1670000000","1887000000","1850000000","2000000000","2400000000","2200000000","2269000000","3199000000","3512000000","3882000000","3907000000","3866000000","3248000000","3335000000","3481000000","4057000000","4269000000","4057000000",
